aligned_id,status,tiff_name,tiff_time_iso,video_time_s,video_time,video_frame_index,thermal_source_path,thermal_tiff_path,thermal_png_path,video_png_path,overlay_png_path,visual_score,thermal_edge_density,video_edge_density,mask_80c_path,mask_positive_pixels,mask_positive_fraction
000001_20260227_023453,exported,20260227_023453.tiff,2026-02-27 02:34:53,67.83333333333337,00:01:07.833,2035,raw/thermal/20260227_023453.tiff,processed/aligned/000001_20260227_023453/thermal.tiff,processed/aligned/000001_20260227_023453/thermal.png,processed/aligned/000001_20260227_023453/video.png,processed/aligned/000001_20260227_023453/overlay.png,0.446515217423439,0.21717529296875,0.699542236328125,processed/aligned/000001_20260227_023453/mask_80c.png,0,0.0
000002_20260227_023454,exported,20260227_023454.tiff,2026-02-27 02:34:54,68.83333333333337,00:01:08.833,2065,raw/thermal/20260227_023454.tiff,processed/aligned/000002_20260227_023454/thermal.tiff,processed/aligned/000002_20260227_023454/thermal.png,processed/aligned/000002_20260227_023454/video.png,processed/aligned/000002_20260227_023454/overlay.png,0.5182284116744995,0.3315216064453125,0.710772705078125,processed/aligned/000002_20260227_023454/mask_80c.png,0,0.0
000003_20260227_023455,exported,20260227_023455.tiff,2026-02-27 02:34:55,69.83333333333337,00:01:09.833,2095,raw/thermal/20260227_023455.tiff,processed/aligned/000003_20260227_023455/thermal.tiff,processed/aligned/000003_20260227_023455/thermal.png,processed/aligned/000003_20260227_023455/video.png,processed/aligned/000003_20260227_023455/overlay.png,0.4959573522210121,0.2802398681640625,0.7224884033203125,processed/aligned/000003_20260227_023455/mask_80c.png,0,0.0
000004_20260227_023456,exported,20260227_023456.tiff,2026-02-27 02:34:56,70.83333333333337,00:01:10.833,2125,raw/thermal/20260227_023456.tiff,processed/aligned/000004_20260227_023456/thermal.tiff,processed/aligned/000004_20260227_023456/thermal.png,processed/aligned/000004_20260227_023456/video.png,processed/aligned/000004_20260227_023456/overlay.png,0.49278097599744797,0.265875244140625,0.73663330078125,processed/aligned/000004_20260227_023456/mask_80c.png,0,0.0
000005_20260227_023457,exported,20260227_023457.tiff,2026-02-27 02:34:57,71.83333333333337,00:01:11.833,2155,raw/thermal/20260227_023457.tiff,processed/aligned/000005_20260227_023457/thermal.tiff,processed/aligned/000005_20260227_023457/thermal.png,processed/aligned/000005_20260227_023457/video.png,processed/aligned/000005_20260227_023457/overlay.png,0.5323329120874405,0.3287200927734375,0.7432403564453125,processed/aligned/000005_20260227_023457/mask_80c.png,0,0.0
000006_20260227_023458,exported,20260227_023458.tiff,2026-02-27 02:34:58,72.83333333333337,00:01:12.833,2185,raw/thermal/20260227_023458.tiff,processed/aligned/000006_20260227_023458/thermal.tiff,processed/aligned/000006_20260227_023458/thermal.png,processed/aligned/000006_20260227_023458/video.png,processed/aligned/000006_20260227_023458/overlay.png,0.5406985133886337,0.350433349609375,0.7396697998046875,processed/aligned/000006_20260227_023458/mask_80c.png,0,0.0
000007_20260227_023459,exported,20260227_023459.tiff,2026-02-27 02:34:59,73.83333333333337,00:01:13.833,2215,raw/thermal/20260227_023459.tiff,processed/aligned/000007_20260227_023459/thermal.tiff,processed/aligned/000007_20260227_023459/thermal.png,processed/aligned/000007_20260227_023459/video.png,processed/aligned/000007_20260227_023459/overlay.png,0.5454753488302231,0.35352783203125,0.7398834228515625,processed/aligned/000007_20260227_023459/mask_80c.png,0,0.0
000008_20260227_023500,exported,20260227_023500.tiff,2026-02-27 02:35:00,74.83333333333337,00:01:14.833,2245,raw/thermal/20260227_023500.tiff,processed/aligned/000008_20260227_023500/thermal.tiff,processed/aligned/000008_20260227_023500/thermal.png,processed/aligned/000008_20260227_023500/video.png,processed/aligned/000008_20260227_023500/overlay.png,0.48969364166259766,0.2569610595703125,0.7337371826171875,processed/aligned/000008_20260227_023500/mask_80c.png,0,0.0
000009_20260227_023501,exported,20260227_023501.tiff,2026-02-27 02:35:01,75.83333333333337,00:01:15.833,2275,raw/thermal/20260227_023501.tiff,processed/aligned/000009_20260227_023501/thermal.tiff,processed/aligned/000009_20260227_023501/thermal.png,processed/aligned/000009_20260227_023501/video.png,processed/aligned/000009_20260227_023501/overlay.png,0.49990830570459366,0.2947235107421875,0.69664306640625,processed/aligned/000009_20260227_023501/mask_80c.png,0,0.0
000010_20260227_023502,exported,20260227_023502.tiff,2026-02-27 02:35:02,76.83333333333337,00:01:16.833,2305,raw/thermal/20260227_023502.tiff,processed/aligned/000010_20260227_023502/thermal.tiff,processed/aligned/000010_20260227_023502/thermal.png,processed/aligned/000010_20260227_023502/video.png,processed/aligned/000010_20260227_023502/overlay.png,0.48541516065597534,0.2788055419921875,0.6730621337890625,processed/aligned/000010_20260227_023502/mask_80c.png,0,0.0
000011_20260227_023503,exported,20260227_023503.tiff,2026-02-27 02:35:03,77.83333333333337,00:01:17.833,2335,raw/thermal/20260227_023503.tiff,processed/aligned/000011_20260227_023503/thermal.tiff,processed/aligned/000011_20260227_023503/thermal.png,processed/aligned/000011_20260227_023503/video.png,processed/aligned/000011_20260227_023503/overlay.png,0.5169165581464767,0.333660888671875,0.664544677734375,processed/aligned/000011_20260227_023503/mask_80c.png,0,0.0
000012_20260227_023504,exported,20260227_023504.tiff,2026-02-27 02:35:04,78.83333333333337,00:01:18.833,2365,raw/thermal/20260227_023504.tiff,processed/aligned/000012_20260227_023504/thermal.tiff,processed/aligned/000012_20260227_023504/thermal.png,processed/aligned/000012_20260227_023504/video.png,processed/aligned/000012_20260227_023504/overlay.png,0.5119439214468002,0.31142578125,0.682861328125,processed/aligned/000012_20260227_023504/mask_80c.png,0,0.0
000013_20260227_023505,exported,20260227_023505.tiff,2026-02-27 02:35:05,79.83333333333337,00:01:19.833,2395,raw/thermal/20260227_023505.tiff,processed/aligned/000013_20260227_023505/thermal.tiff,processed/aligned/000013_20260227_023505/thermal.png,processed/aligned/000013_20260227_023505/video.png,processed/aligned/000013_20260227_023505/overlay.png,0.5112691447138786,0.3002777099609375,0.7028167724609375,processed/aligned/000013_20260227_023505/mask_80c.png,694,0.002117919921875
000014_20260227_023506,exported,20260227_023506.tiff,2026-02-27 02:35:06,80.83333333333337,00:01:20.833,2425,raw/thermal/20260227_023506.tiff,processed/aligned/000014_20260227_023506/thermal.tiff,processed/aligned/000014_20260227_023506/thermal.png,processed/aligned/000014_20260227_023506/video.png,processed/aligned/000014_20260227_023506/overlay.png,0.502789668738842,0.2821990966796875,0.7095611572265625,processed/aligned/000014_20260227_023506/mask_80c.png,298,0.000909423828125
000015_20260227_023507,exported,20260227_023507.tiff,2026-02-27 02:35:07,81.83333333333337,00:01:21.833,2455,raw/thermal/20260227_023507.tiff,processed/aligned/000015_20260227_023507/thermal.tiff,processed/aligned/000015_20260227_023507/thermal.png,processed/aligned/000015_20260227_023507/video.png,processed/aligned/000015_20260227_023507/overlay.png,0.470322348177433,0.2450714111328125,0.700390625,processed/aligned/000015_20260227_023507/mask_80c.png,996,0.00303955078125
000016_20260227_023508,exported,20260227_023508.tiff,2026-02-27 02:35:08,82.83333333333337,00:01:22.833,2485,raw/thermal/20260227_023508.tiff,processed/aligned/000016_20260227_023508/thermal.tiff,processed/aligned/000016_20260227_023508/thermal.png,processed/aligned/000016_20260227_023508/video.png,processed/aligned/000016_20260227_023508/overlay.png,0.45432277768850327,0.234759521484375,0.70731201171875,processed/aligned/000016_20260227_023508/mask_80c.png,5949,0.0181549072265625
000017_20260227_023509,exported,20260227_023509.tiff,2026-02-27 02:35:09,83.83333333333337,00:01:23.833,2515,raw/thermal/20260227_023509.tiff,processed/aligned/000017_20260227_023509/thermal.tiff,processed/aligned/000017_20260227_023509/thermal.png,processed/aligned/000017_20260227_023509/video.png,processed/aligned/000017_20260227_023509/overlay.png,0.46309328079223633,0.252740478515625,0.7122161865234375,processed/aligned/000017_20260227_023509/mask_80c.png,8867,0.0270599365234375
000018_20260227_023510,exported,20260227_023510.tiff,2026-02-27 02:35:10,84.83333333333337,00:01:24.833,2545,raw/thermal/20260227_023510.tiff,processed/aligned/000018_20260227_023510/thermal.tiff,processed/aligned/000018_20260227_023510/thermal.png,processed/aligned/000018_20260227_023510/video.png,processed/aligned/000018_20260227_023510/overlay.png,0.48448314517736435,0.29117431640625,0.71763916015625,processed/aligned/000018_20260227_023510/mask_80c.png,16830,0.051361083984375
000019_20260227_023511,exported,20260227_023511.tiff,2026-02-27 02:35:11,85.83333333333337,00:01:25.833,2575,raw/thermal/20260227_023511.tiff,processed/aligned/000019_20260227_023511/thermal.tiff,processed/aligned/000019_20260227_023511/thermal.png,processed/aligned/000019_20260227_023511/video.png,processed/aligned/000019_20260227_023511/overlay.png,0.4329368695616722,0.2237030029296875,0.71475830078125,processed/aligned/000019_20260227_023511/mask_80c.png,24146,0.073687744140625
000020_20260227_023512,exported,20260227_023512.tiff,2026-02-27 02:35:12,86.83333333333337,00:01:26.833,2605,raw/thermal/20260227_023512.tiff,processed/aligned/000020_20260227_023512/thermal.tiff,processed/aligned/000020_20260227_023512/thermal.png,processed/aligned/000020_20260227_023512/video.png,processed/aligned/000020_20260227_023512/overlay.png,0.460198774933815,0.269366455078125,0.748309326171875,processed/aligned/000020_20260227_023512/mask_80c.png,23510,0.071746826171875
000021_20260227_023513,exported,20260227_023513.tiff,2026-02-27 02:35:13,87.83333333333337,00:01:27.833,2635,raw/thermal/20260227_023513.tiff,processed/aligned/000021_20260227_023513/thermal.tiff,processed/aligned/000021_20260227_023513/thermal.png,processed/aligned/000021_20260227_023513/video.png,processed/aligned/000021_20260227_023513/overlay.png,0.4643371179699898,0.2727203369140625,0.7594207763671875,processed/aligned/000021_20260227_023513/mask_80c.png,42035,0.1282806396484375
000022_20260227_023514,exported,20260227_023514.tiff,2026-02-27 02:35:14,88.83333333333337,00:01:28.833,2665,raw/thermal/20260227_023514.tiff,processed/aligned/000022_20260227_023514/thermal.tiff,processed/aligned/000022_20260227_023514/thermal.png,processed/aligned/000022_20260227_023514/video.png,processed/aligned/000022_20260227_023514/overlay.png,0.436639629304409,0.2334686279296875,0.75899658203125,processed/aligned/000022_20260227_023514/mask_80c.png,83014,0.253338623046875
000023_20260227_023515,exported,20260227_023515.tiff,2026-02-27 02:35:15,89.83333333333337,00:01:29.833,2695,raw/thermal/20260227_023515.tiff,processed/aligned/000023_20260227_023515/thermal.tiff,processed/aligned/000023_20260227_023515/thermal.png,processed/aligned/000023_20260227_023515/video.png,processed/aligned/000023_20260227_023515/overlay.png,0.4238172024488449,0.2537872314453125,0.7190155029296875,processed/aligned/000023_20260227_023515/mask_80c.png,119195,0.3637542724609375
000024_20260227_023516,exported,20260227_023516.tiff,2026-02-27 02:35:16,90.83333333333337,00:01:30.833,2725,raw/thermal/20260227_023516.tiff,processed/aligned/000024_20260227_023516/thermal.tiff,processed/aligned/000024_20260227_023516/thermal.png,processed/aligned/000024_20260227_023516/video.png,processed/aligned/000024_20260227_023516/overlay.png,0.3733011931180954,0.2026123046875,0.6578582763671875,processed/aligned/000024_20260227_023516/mask_80c.png,149414,0.455975341796875
000025_20260227_023517,exported,20260227_023517.tiff,2026-02-27 02:35:17,91.83333333333337,00:01:31.833,2755,raw/thermal/20260227_023517.tiff,processed/aligned/000025_20260227_023517/thermal.tiff,processed/aligned/000025_20260227_023517/thermal.png,processed/aligned/000025_20260227_023517/video.png,processed/aligned/000025_20260227_023517/overlay.png,0.3500947430729866,0.201470947265625,0.62711181640625,processed/aligned/000025_20260227_023517/mask_80c.png,145680,0.444580078125
000026_20260227_023518,exported,20260227_023518.tiff,2026-02-27 02:35:18,92.83333333333337,00:01:32.833,2785,raw/thermal/20260227_023518.tiff,processed/aligned/000026_20260227_023518/thermal.tiff,processed/aligned/000026_20260227_023518/thermal.png,processed/aligned/000026_20260227_023518/video.png,processed/aligned/000026_20260227_023518/overlay.png,0.39452367275953293,0.2453460693359375,0.646221923828125,processed/aligned/000026_20260227_023518/mask_80c.png,115006,0.350970458984375
000027_20260227_023519,exported,20260227_023519.tiff,2026-02-27 02:35:19,93.83333333333337,00:01:33.833,2815,raw/thermal/20260227_023519.tiff,processed/aligned/000027_20260227_023519/thermal.tiff,processed/aligned/000027_20260227_023519/thermal.png,processed/aligned/000027_20260227_023519/video.png,processed/aligned/000027_20260227_023519/overlay.png,0.4074473977088928,0.255279541015625,0.678741455078125,processed/aligned/000027_20260227_023519/mask_80c.png,62596,0.19102783203125
000028_20260227_023520,exported,20260227_023520.tiff,2026-02-27 02:35:20,94.83333333333337,00:01:34.833,2845,raw/thermal/20260227_023520.tiff,processed/aligned/000028_20260227_023520/thermal.tiff,processed/aligned/000028_20260227_023520/thermal.png,processed/aligned/000028_20260227_023520/video.png,processed/aligned/000028_20260227_023520/overlay.png,0.4127546325325966,0.22158203125,0.70086669921875,processed/aligned/000028_20260227_023520/mask_80c.png,20169,0.0615509033203125
000029_20260227_023521,exported,20260227_023521.tiff,2026-02-27 02:35:21,95.83333333333337,00:01:35.833,2875,raw/thermal/20260227_023521.tiff,processed/aligned/000029_20260227_023521/thermal.tiff,processed/aligned/000029_20260227_023521/thermal.png,processed/aligned/000029_20260227_023521/video.png,processed/aligned/000029_20260227_023521/overlay.png,0.4328584671020508,0.242559814453125,0.723681640625,processed/aligned/000029_20260227_023521/mask_80c.png,20998,0.064080810546875
000030_20260227_023522,exported,20260227_023522.tiff,2026-02-27 02:35:22,96.83333333333337,00:01:36.833,2905,raw/thermal/20260227_023522.tiff,processed/aligned/000030_20260227_023522/thermal.tiff,processed/aligned/000030_20260227_023522/thermal.png,processed/aligned/000030_20260227_023522/video.png,processed/aligned/000030_20260227_023522/overlay.png,0.46163415163755417,0.2917236328125,0.7227752685546875,processed/aligned/000030_20260227_023522/mask_80c.png,40950,0.124969482421875
000031_20260227_023523,exported,20260227_023523.tiff,2026-02-27 02:35:23,97.83333333333337,00:01:37.833,2935,raw/thermal/20260227_023523.tiff,processed/aligned/000031_20260227_023523/thermal.tiff,processed/aligned/000031_20260227_023523/thermal.png,processed/aligned/000031_20260227_023523/video.png,processed/aligned/000031_20260227_023523/overlay.png,0.3697699084877968,0.1835662841796875,0.68277587890625,processed/aligned/000031_20260227_023523/mask_80c.png,72241,0.2204620361328125
000032_20260227_023524,exported,20260227_023524.tiff,2026-02-27 02:35:24,98.83333333333337,00:01:38.833,2965,raw/thermal/20260227_023524.tiff,processed/aligned/000032_20260227_023524/thermal.tiff,processed/aligned/000032_20260227_023524/thermal.png,processed/aligned/000032_20260227_023524/video.png,processed/aligned/000032_20260227_023524/overlay.png,0.3568681851029396,0.1557891845703125,0.6394317626953125,processed/aligned/000032_20260227_023524/mask_80c.png,87673,0.2675567626953125
000033_20260227_023525,exported,20260227_023525.tiff,2026-02-27 02:35:25,99.83333333333337,00:01:39.833,2995,raw/thermal/20260227_023525.tiff,processed/aligned/000033_20260227_023525/thermal.tiff,processed/aligned/000033_20260227_023525/thermal.png,processed/aligned/000033_20260227_023525/video.png,processed/aligned/000033_20260227_023525/overlay.png,0.35897839069366455,0.1360931396484375,0.552313232421875,processed/aligned/000033_20260227_023525/mask_80c.png,160172,0.48880615234375
000034_20260227_023526,exported,20260227_023526.tiff,2026-02-27 02:35:26,100.83333333333337,00:01:40.833,3025,raw/thermal/20260227_023526.tiff,processed/aligned/000034_20260227_023526/thermal.tiff,processed/aligned/000034_20260227_023526/thermal.png,processed/aligned/000034_20260227_023526/video.png,processed/aligned/000034_20260227_023526/overlay.png,0.3739472031593323,0.1733489990234375,0.519671630859375,processed/aligned/000034_20260227_023526/mask_80c.png,222801,0.6799346923828125
000035_20260227_023527,exported,20260227_023527.tiff,2026-02-27 02:35:27,101.83333333333337,00:01:41.833,3055,raw/thermal/20260227_023527.tiff,processed/aligned/000035_20260227_023527/thermal.tiff,processed/aligned/000035_20260227_023527/thermal.png,processed/aligned/000035_20260227_023527/video.png,processed/aligned/000035_20260227_023527/overlay.png,0.35848087817430496,0.162689208984375,0.5716888427734375,processed/aligned/000035_20260227_023527/mask_80c.png,249467,0.7613128662109375
000036_20260227_023528,exported,20260227_023528.tiff,2026-02-27 02:35:28,102.83333333333337,00:01:42.833,3085,raw/thermal/20260227_023528.tiff,processed/aligned/000036_20260227_023528/thermal.tiff,processed/aligned/000036_20260227_023528/thermal.png,processed/aligned/000036_20260227_023528/video.png,processed/aligned/000036_20260227_023528/overlay.png,0.36953698098659515,0.2018890380859375,0.5417877197265625,processed/aligned/000036_20260227_023528/mask_80c.png,193163,0.5894866943359375
000037_20260227_023529,exported,20260227_023529.tiff,2026-02-27 02:35:29,103.83333333333337,00:01:43.833,3115,raw/thermal/20260227_023529.tiff,processed/aligned/000037_20260227_023529/thermal.tiff,processed/aligned/000037_20260227_023529/thermal.png,processed/aligned/000037_20260227_023529/video.png,processed/aligned/000037_20260227_023529/overlay.png,0.39976339042186737,0.204913330078125,0.605169677734375,processed/aligned/000037_20260227_023529/mask_80c.png,199001,0.6073028564453125
000038_20260227_023530,exported,20260227_023530.tiff,2026-02-27 02:35:30,104.83333333333337,00:01:44.833,3145,raw/thermal/20260227_023530.tiff,processed/aligned/000038_20260227_023530/thermal.tiff,processed/aligned/000038_20260227_023530/thermal.png,processed/aligned/000038_20260227_023530/video.png,processed/aligned/000038_20260227_023530/overlay.png,0.3995154798030853,0.181781005859375,0.6273712158203125,processed/aligned/000038_20260227_023530/mask_80c.png,235892,0.71988525390625
000039_20260227_023531,exported,20260227_023531.tiff,2026-02-27 02:35:31,105.83333333333337,00:01:45.833,3175,raw/thermal/20260227_023531.tiff,processed/aligned/000039_20260227_023531/thermal.tiff,processed/aligned/000039_20260227_023531/thermal.png,processed/aligned/000039_20260227_023531/video.png,processed/aligned/000039_20260227_023531/overlay.png,0.39616720378398895,0.181292724609375,0.6283355712890625,processed/aligned/000039_20260227_023531/mask_80c.png,239998,0.732415771484375
000040_20260227_023532,exported,20260227_023532.tiff,2026-02-27 02:35:32,106.83333333333337,00:01:46.833,3205,raw/thermal/20260227_023532.tiff,processed/aligned/000040_20260227_023532/thermal.tiff,processed/aligned/000040_20260227_023532/thermal.png,processed/aligned/000040_20260227_023532/video.png,processed/aligned/000040_20260227_023532/overlay.png,0.3800738528370857,0.1591766357421875,0.6132781982421875,processed/aligned/000040_20260227_023532/mask_80c.png,214638,0.655023193359375
000041_20260227_023533,exported,20260227_023533.tiff,2026-02-27 02:35:33,107.83333333333337,00:01:47.833,3235,raw/thermal/20260227_023533.tiff,processed/aligned/000041_20260227_023533/thermal.tiff,processed/aligned/000041_20260227_023533/thermal.png,processed/aligned/000041_20260227_023533/video.png,processed/aligned/000041_20260227_023533/overlay.png,0.4260029122233391,0.2006622314453125,0.677801513671875,processed/aligned/000041_20260227_023533/mask_80c.png,171179,0.5223968505859375
000042_20260227_023534,exported,20260227_023534.tiff,2026-02-27 02:35:34,108.83333333333337,00:01:48.833,3265,raw/thermal/20260227_023534.tiff,processed/aligned/000042_20260227_023534/thermal.tiff,processed/aligned/000042_20260227_023534/thermal.png,processed/aligned/000042_20260227_023534/video.png,processed/aligned/000042_20260227_023534/overlay.png,0.45585013180971146,0.2386962890625,0.644366455078125,processed/aligned/000042_20260227_023534/mask_80c.png,218041,0.6654083251953125
000043_20260227_023535,exported,20260227_023535.tiff,2026-02-27 02:35:35,109.83333333333337,00:01:49.833,3295,raw/thermal/20260227_023535.tiff,processed/aligned/000043_20260227_023535/thermal.tiff,processed/aligned/000043_20260227_023535/thermal.png,processed/aligned/000043_20260227_023535/video.png,processed/aligned/000043_20260227_023535/overlay.png,0.36323854327201843,0.1323577880859375,0.5949493408203125,processed/aligned/000043_20260227_023535/mask_80c.png,254531,0.7767669677734375
000044_20260227_023536,exported,20260227_023536.tiff,2026-02-27 02:35:36,110.83333333333337,00:01:50.833,3325,raw/thermal/20260227_023536.tiff,processed/aligned/000044_20260227_023536/thermal.tiff,processed/aligned/000044_20260227_023536/thermal.png,processed/aligned/000044_20260227_023536/video.png,processed/aligned/000044_20260227_023536/overlay.png,0.3574455603957176,0.137371826171875,0.494659423828125,processed/aligned/000044_20260227_023536/mask_80c.png,301366,0.919696044921875
000045_20260227_023537,exported,20260227_023537.tiff,2026-02-27 02:35:37,111.83333333333337,00:01:51.833,3355,raw/thermal/20260227_023537.tiff,processed/aligned/000045_20260227_023537/thermal.tiff,processed/aligned/000045_20260227_023537/thermal.png,processed/aligned/000045_20260227_023537/video.png,processed/aligned/000045_20260227_023537/overlay.png,0.31055568903684616,0.1084442138671875,0.42518310546875,processed/aligned/000045_20260227_023537/mask_80c.png,325448,0.9931884765625
000046_20260227_023538,exported,20260227_023538.tiff,2026-02-27 02:35:38,112.83333333333337,00:01:52.833,3385,raw/thermal/20260227_023538.tiff,processed/aligned/000046_20260227_023538/thermal.tiff,processed/aligned/000046_20260227_023538/thermal.png,processed/aligned/000046_20260227_023538/video.png,processed/aligned/000046_20260227_023538/overlay.png,0.3035973124206066,0.1307403564453125,0.3911834716796875,processed/aligned/000046_20260227_023538/mask_80c.png,326491,0.9963714599609375
000047_20260227_023539,exported,20260227_023539.tiff,2026-02-27 02:35:39,113.83333333333337,00:01:53.833,3415,raw/thermal/20260227_023539.tiff,processed/aligned/000047_20260227_023539/thermal.tiff,processed/aligned/000047_20260227_023539/thermal.png,processed/aligned/000047_20260227_023539/video.png,processed/aligned/000047_20260227_023539/overlay.png,0.34386737644672394,0.1633209228515625,0.44677734375,processed/aligned/000047_20260227_023539/mask_80c.png,324105,0.9890899658203125
000048_20260227_023540,exported,20260227_023540.tiff,2026-02-27 02:35:40,114.83333333333337,00:01:54.833,3445,raw/thermal/20260227_023540.tiff,processed/aligned/000048_20260227_023540/thermal.tiff,processed/aligned/000048_20260227_023540/thermal.png,processed/aligned/000048_20260227_023540/video.png,processed/aligned/000048_20260227_023540/overlay.png,0.32510805130004883,0.1389007568359375,0.4698211669921875,processed/aligned/000048_20260227_023540/mask_80c.png,320815,0.9790496826171875
000049_20260227_023541,exported,20260227_023541.tiff,2026-02-27 02:35:41,115.83333333333337,00:01:55.833,3475,raw/thermal/20260227_023541.tiff,processed/aligned/000049_20260227_023541/thermal.tiff,processed/aligned/000049_20260227_023541/thermal.png,processed/aligned/000049_20260227_023541/video.png,processed/aligned/000049_20260227_023541/overlay.png,0.3239787220954895,0.1417449951171875,0.495159912109375,processed/aligned/000049_20260227_023541/mask_80c.png,318891,0.9731781005859375
000050_20260227_023542,exported,20260227_023542.tiff,2026-02-27 02:35:42,116.83333333333337,00:01:56.833,3505,raw/thermal/20260227_023542.tiff,processed/aligned/000050_20260227_023542/thermal.tiff,processed/aligned/000050_20260227_023542/thermal.png,processed/aligned/000050_20260227_023542/video.png,processed/aligned/000050_20260227_023542/overlay.png,0.3388102427124977,0.1337432861328125,0.5132720947265625,processed/aligned/000050_20260227_023542/mask_80c.png,306755,0.9361419677734375
000051_20260227_023543,exported,20260227_023543.tiff,2026-02-27 02:35:43,117.83333333333337,00:01:57.833,3535,raw/thermal/20260227_023543.tiff,processed/aligned/000051_20260227_023543/thermal.tiff,processed/aligned/000051_20260227_023543/thermal.png,processed/aligned/000051_20260227_023543/video.png,processed/aligned/000051_20260227_023543/overlay.png,0.36877162009477615,0.1579803466796875,0.5423187255859375,processed/aligned/000051_20260227_023543/mask_80c.png,274825,0.8386993408203125
000052_20260227_023544,exported,20260227_023544.tiff,2026-02-27 02:35:44,118.83333333333337,00:01:58.833,3565,raw/thermal/20260227_023544.tiff,processed/aligned/000052_20260227_023544/thermal.tiff,processed/aligned/000052_20260227_023544/thermal.png,processed/aligned/000052_20260227_023544/video.png,processed/aligned/000052_20260227_023544/overlay.png,0.3552704006433487,0.1476226806640625,0.52918701171875,processed/aligned/000052_20260227_023544/mask_80c.png,255757,0.7805084228515625
000053_20260227_023545,exported,20260227_023545.tiff,2026-02-27 02:35:45,119.83333333333337,00:01:59.833,3595,raw/thermal/20260227_023545.tiff,processed/aligned/000053_20260227_023545/thermal.tiff,processed/aligned/000053_20260227_023545/thermal.png,processed/aligned/000053_20260227_023545/video.png,processed/aligned/000053_20260227_023545/overlay.png,0.3732221722602844,0.17391357421875,0.5160369873046875,processed/aligned/000053_20260227_023545/mask_80c.png,300613,0.9173980712890625
000054_20260227_023546,exported,20260227_023546.tiff,2026-02-27 02:35:46,120.83333333333337,00:02:00.833,3625,raw/thermal/20260227_023546.tiff,processed/aligned/000054_20260227_023546/thermal.tiff,processed/aligned/000054_20260227_023546/thermal.png,processed/aligned/000054_20260227_023546/video.png,processed/aligned/000054_20260227_023546/overlay.png,0.39873097091913223,0.1956329345703125,0.50286865234375,processed/aligned/000054_20260227_023546/mask_80c.png,326445,0.9962310791015625
000055_20260227_023547,exported,20260227_023547.tiff,2026-02-27 02:35:47,121.83333333333337,00:02:01.833,3655,raw/thermal/20260227_023547.tiff,processed/aligned/000055_20260227_023547/thermal.tiff,processed/aligned/000055_20260227_023547/thermal.png,processed/aligned/000055_20260227_023547/video.png,processed/aligned/000055_20260227_023547/overlay.png,0.351287841796875,0.1336944580078125,0.513861083984375,processed/aligned/000055_20260227_023547/mask_80c.png,314332,0.95926513671875
000056_20260227_023548,exported,20260227_023548.tiff,2026-02-27 02:35:48,122.83333333333337,00:02:02.833,3685,raw/thermal/20260227_023548.tiff,processed/aligned/000056_20260227_023548/thermal.tiff,processed/aligned/000056_20260227_023548/thermal.png,processed/aligned/000056_20260227_023548/video.png,processed/aligned/000056_20260227_023548/overlay.png,0.4041406288743019,0.1843963623046875,0.4874420166015625,processed/aligned/000056_20260227_023548/mask_80c.png,262053,0.7997222900390625
000057_20260227_023549,exported,20260227_023549.tiff,2026-02-27 02:35:49,123.83333333333337,00:02:03.833,3715,raw/thermal/20260227_023549.tiff,processed/aligned/000057_20260227_023549/thermal.tiff,processed/aligned/000057_20260227_023549/thermal.png,processed/aligned/000057_20260227_023549/video.png,processed/aligned/000057_20260227_023549/overlay.png,0.41141727566719055,0.2028411865234375,0.3251434326171875,processed/aligned/000057_20260227_023549/mask_80c.png,148247,0.4524139404296875
000058_20260227_023550,exported,20260227_023550.tiff,2026-02-27 02:35:50,124.83333333333337,00:02:04.833,3745,raw/thermal/20260227_023550.tiff,processed/aligned/000058_20260227_023550/thermal.tiff,processed/aligned/000058_20260227_023550/thermal.png,processed/aligned/000058_20260227_023550/video.png,processed/aligned/000058_20260227_023550/overlay.png,0.35681775212287903,0.240228271484375,0.195465087890625,processed/aligned/000058_20260227_023550/mask_80c.png,109638,0.334588623046875
000059_20260227_023551,exported,20260227_023551.tiff,2026-02-27 02:35:51,125.83333333333337,00:02:05.833,3775,raw/thermal/20260227_023551.tiff,processed/aligned/000059_20260227_023551/thermal.tiff,processed/aligned/000059_20260227_023551/thermal.png,processed/aligned/000059_20260227_023551/video.png,processed/aligned/000059_20260227_023551/overlay.png,0.4343176782131195,0.2050079345703125,0.2812347412109375,processed/aligned/000059_20260227_023551/mask_80c.png,113806,0.347308349609375
000060_20260227_023552,exported,20260227_023552.tiff,2026-02-27 02:35:52,126.83333333333337,00:02:06.833,3805,raw/thermal/20260227_023552.tiff,processed/aligned/000060_20260227_023552/thermal.tiff,processed/aligned/000060_20260227_023552/thermal.png,processed/aligned/000060_20260227_023552/video.png,processed/aligned/000060_20260227_023552/overlay.png,0.45584874600172043,0.2046905517578125,0.2399810791015625,processed/aligned/000060_20260227_023552/mask_80c.png,129146,0.394122314453125
000061_20260227_023553,exported,20260227_023553.tiff,2026-02-27 02:35:53,127.83333333333337,00:02:07.833,3835,raw/thermal/20260227_023553.tiff,processed/aligned/000061_20260227_023553/thermal.tiff,processed/aligned/000061_20260227_023553/thermal.png,processed/aligned/000061_20260227_023553/video.png,processed/aligned/000061_20260227_023553/overlay.png,0.40945136547088623,0.210443115234375,0.1982818603515625,processed/aligned/000061_20260227_023553/mask_80c.png,142009,0.4333770751953125
000062_20260227_023554,exported,20260227_023554.tiff,2026-02-27 02:35:54,128.83333333333337,00:02:08.833,3865,raw/thermal/20260227_023554.tiff,processed/aligned/000062_20260227_023554/thermal.tiff,processed/aligned/000062_20260227_023554/thermal.png,processed/aligned/000062_20260227_023554/video.png,processed/aligned/000062_20260227_023554/overlay.png,0.3839454650878906,0.181451416015625,0.158013916015625,processed/aligned/000062_20260227_023554/mask_80c.png,145519,0.4440887451171875
000063_20260227_023555,exported,20260227_023555.tiff,2026-02-27 02:35:55,129.83333333333337,00:02:09.833,3895,raw/thermal/20260227_023555.tiff,processed/aligned/000063_20260227_023555/thermal.tiff,processed/aligned/000063_20260227_023555/thermal.png,processed/aligned/000063_20260227_023555/video.png,processed/aligned/000063_20260227_023555/overlay.png,0.37212957441806793,0.23702392578125,0.1406982421875,processed/aligned/000063_20260227_023555/mask_80c.png,181399,0.5535858154296875
000064_20260227_023556,exported,20260227_023556.tiff,2026-02-27 02:35:56,130.83333333333337,00:02:10.833,3925,raw/thermal/20260227_023556.tiff,processed/aligned/000064_20260227_023556/thermal.tiff,processed/aligned/000064_20260227_023556/thermal.png,processed/aligned/000064_20260227_023556/video.png,processed/aligned/000064_20260227_023556/overlay.png,0.32795125991106033,0.2588104248046875,0.1129974365234375,processed/aligned/000064_20260227_023556/mask_80c.png,190784,0.5822265625
000065_20260227_023557,exported,20260227_023557.tiff,2026-02-27 02:35:57,131.83333333333337,00:02:11.833,3955,raw/thermal/20260227_023557.tiff,processed/aligned/000065_20260227_023557/thermal.tiff,processed/aligned/000065_20260227_023557/thermal.png,processed/aligned/000065_20260227_023557/video.png,processed/aligned/000065_20260227_023557/overlay.png,0.26992395892739296,0.2046539306640625,0.0846923828125,processed/aligned/000065_20260227_023557/mask_80c.png,201663,0.6154266357421875
000066_20260227_023558,exported,20260227_023558.tiff,2026-02-27 02:35:58,132.83333333333337,00:02:12.833,3985,raw/thermal/20260227_023558.tiff,processed/aligned/000066_20260227_023558/thermal.tiff,processed/aligned/000066_20260227_023558/thermal.png,processed/aligned/000066_20260227_023558/video.png,processed/aligned/000066_20260227_023558/overlay.png,0.2765921428799629,0.1612640380859375,0.0680419921875,processed/aligned/000066_20260227_023558/mask_80c.png,193650,0.590972900390625
000067_20260227_023559,exported,20260227_023559.tiff,2026-02-27 02:35:59,133.83333333333337,00:02:13.833,4015,raw/thermal/20260227_023559.tiff,processed/aligned/000067_20260227_023559/thermal.tiff,processed/aligned/000067_20260227_023559/thermal.png,processed/aligned/000067_20260227_023559/video.png,processed/aligned/000067_20260227_023559/overlay.png,0.1956487689167261,0.1513275146484375,0.0243560791015625,processed/aligned/000067_20260227_023559/mask_80c.png,146586,0.447344970703125
000068_20260227_023600,exported,20260227_023600.tiff,2026-02-27 02:36:00,134.83333333333337,00:02:14.833,4045,raw/thermal/20260227_023600.tiff,processed/aligned/000068_20260227_023600/thermal.tiff,processed/aligned/000068_20260227_023600/thermal.png,processed/aligned/000068_20260227_023600/video.png,processed/aligned/000068_20260227_023600/overlay.png,0.12755678594112396,0.1227874755859375,0.0,processed/aligned/000068_20260227_023600/mask_80c.png,112967,0.3447479248046875
000069_20260227_023601,exported,20260227_023601.tiff,2026-02-27 02:36:01,135.83333333333337,00:02:15.833,4075,raw/thermal/20260227_023601.tiff,processed/aligned/000069_20260227_023601/thermal.tiff,processed/aligned/000069_20260227_023601/thermal.png,processed/aligned/000069_20260227_023601/video.png,processed/aligned/000069_20260227_023601/overlay.png,0.12775827944278717,0.1214324951171875,0.0,processed/aligned/000069_20260227_023601/mask_80c.png,95520,0.29150390625
000070_20260227_023602,exported,20260227_023602.tiff,2026-02-27 02:36:02,136.83333333333337,00:02:16.833,4105,raw/thermal/20260227_023602.tiff,processed/aligned/000070_20260227_023602/thermal.tiff,processed/aligned/000070_20260227_023602/thermal.png,processed/aligned/000070_20260227_023602/video.png,processed/aligned/000070_20260227_023602/overlay.png,0.14352600183337927,0.166571044921875,0.0003753662109375,processed/aligned/000070_20260227_023602/mask_80c.png,112239,0.3425262451171875
000071_20260227_023603,exported,20260227_023603.tiff,2026-02-27 02:36:03,137.83333333333337,00:02:17.833,4135,raw/thermal/20260227_023603.tiff,processed/aligned/000071_20260227_023603/thermal.tiff,processed/aligned/000071_20260227_023603/thermal.png,processed/aligned/000071_20260227_023603/video.png,processed/aligned/000071_20260227_023603/overlay.png,0.1331978023517877,0.1742889404296875,5.4931640625e-05,processed/aligned/000071_20260227_023603/mask_80c.png,103762,0.316656494140625
000072_20260227_023604,exported,20260227_023604.tiff,2026-02-27 02:36:04,138.83333333333337,00:02:18.833,4165,raw/thermal/20260227_023604.tiff,processed/aligned/000072_20260227_023604/thermal.tiff,processed/aligned/000072_20260227_023604/thermal.png,processed/aligned/000072_20260227_023604/video.png,processed/aligned/000072_20260227_023604/overlay.png,0.11170401191338897,0.2097259521484375,0.000115966796875,processed/aligned/000072_20260227_023604/mask_80c.png,131689,0.4018829345703125
000073_20260227_023605,exported,20260227_023605.tiff,2026-02-27 02:36:05,139.83333333333337,00:02:19.833,4195,raw/thermal/20260227_023605.tiff,processed/aligned/000073_20260227_023605/thermal.tiff,processed/aligned/000073_20260227_023605/thermal.png,processed/aligned/000073_20260227_023605/video.png,processed/aligned/000073_20260227_023605/overlay.png,0.14228852838277817,0.2140045166015625,0.0562530517578125,processed/aligned/000073_20260227_023605/mask_80c.png,134101,0.4092437744140625
000074_20260227_023606,exported,20260227_023606.tiff,2026-02-27 02:36:06,140.83333333333337,00:02:20.833,4225,raw/thermal/20260227_023606.tiff,processed/aligned/000074_20260227_023606/thermal.tiff,processed/aligned/000074_20260227_023606/thermal.png,processed/aligned/000074_20260227_023606/video.png,processed/aligned/000074_20260227_023606/overlay.png,0.29136718064546585,0.224700927734375,0.3003173828125,processed/aligned/000074_20260227_023606/mask_80c.png,119975,0.3661346435546875
000075_20260227_023607,exported,20260227_023607.tiff,2026-02-27 02:36:07,141.83333333333337,00:02:21.833,4255,raw/thermal/20260227_023607.tiff,processed/aligned/000075_20260227_023607/thermal.tiff,processed/aligned/000075_20260227_023607/thermal.png,processed/aligned/000075_20260227_023607/video.png,processed/aligned/000075_20260227_023607/overlay.png,0.34555817395448685,0.203790283203125,0.3991485595703125,processed/aligned/000075_20260227_023607/mask_80c.png,108135,0.3300018310546875
000076_20260227_023608,exported,20260227_023608.tiff,2026-02-27 02:36:08,142.83333333333337,00:02:22.833,4285,raw/thermal/20260227_023608.tiff,processed/aligned/000076_20260227_023608/thermal.tiff,processed/aligned/000076_20260227_023608/thermal.png,processed/aligned/000076_20260227_023608/video.png,processed/aligned/000076_20260227_023608/overlay.png,0.3269099295139313,0.1648345947265625,0.406011962890625,processed/aligned/000076_20260227_023608/mask_80c.png,79772,0.24344482421875
000077_20260227_023609,exported,20260227_023609.tiff,2026-02-27 02:36:09,143.83333333333337,00:02:23.833,4315,raw/thermal/20260227_023609.tiff,processed/aligned/000077_20260227_023609/thermal.tiff,processed/aligned/000077_20260227_023609/thermal.png,processed/aligned/000077_20260227_023609/video.png,processed/aligned/000077_20260227_023609/overlay.png,0.3351222574710846,0.17161865234375,0.388494873046875,processed/aligned/000077_20260227_023609/mask_80c.png,62829,0.1917388916015625
000078_20260227_023610,exported,20260227_023610.tiff,2026-02-27 02:36:10,144.83333333333337,00:02:24.833,4345,raw/thermal/20260227_023610.tiff,processed/aligned/000078_20260227_023610/thermal.tiff,processed/aligned/000078_20260227_023610/thermal.png,processed/aligned/000078_20260227_023610/video.png,processed/aligned/000078_20260227_023610/overlay.png,0.2900478169322014,0.1721343994140625,0.393109130859375,processed/aligned/000078_20260227_023610/mask_80c.png,110477,0.3371490478515625
000079_20260227_023611,exported,20260227_023611.tiff,2026-02-27 02:36:11,145.83333333333337,00:02:25.833,4375,raw/thermal/20260227_023611.tiff,processed/aligned/000079_20260227_023611/thermal.tiff,processed/aligned/000079_20260227_023611/thermal.png,processed/aligned/000079_20260227_023611/video.png,processed/aligned/000079_20260227_023611/overlay.png,0.3048279657959938,0.192901611328125,0.431365966796875,processed/aligned/000079_20260227_023611/mask_80c.png,131225,0.4004669189453125
000080_20260227_023612,exported,20260227_023612.tiff,2026-02-27 02:36:12,146.83333333333337,00:02:26.833,4405,raw/thermal/20260227_023612.tiff,processed/aligned/000080_20260227_023612/thermal.tiff,processed/aligned/000080_20260227_023612/thermal.png,processed/aligned/000080_20260227_023612/video.png,processed/aligned/000080_20260227_023612/overlay.png,0.35914840549230576,0.2256927490234375,0.4280517578125,processed/aligned/000080_20260227_023612/mask_80c.png,156750,0.478363037109375
000081_20260227_023613,exported,20260227_023613.tiff,2026-02-27 02:36:13,147.83333333333337,00:02:27.833,4435,raw/thermal/20260227_023613.tiff,processed/aligned/000081_20260227_023613/thermal.tiff,processed/aligned/000081_20260227_023613/thermal.png,processed/aligned/000081_20260227_023613/video.png,processed/aligned/000081_20260227_023613/overlay.png,0.3083013966679573,0.19603271484375,0.463763427734375,processed/aligned/000081_20260227_023613/mask_80c.png,173526,0.529559326171875
000082_20260227_023614,exported,20260227_023614.tiff,2026-02-27 02:36:14,148.83333333333337,00:02:28.833,4465,raw/thermal/20260227_023614.tiff,processed/aligned/000082_20260227_023614/thermal.tiff,processed/aligned/000082_20260227_023614/thermal.png,processed/aligned/000082_20260227_023614/video.png,processed/aligned/000082_20260227_023614/overlay.png,0.3317355141043663,0.2263641357421875,0.539825439453125,processed/aligned/000082_20260227_023614/mask_80c.png,123367,0.3764862060546875
000083_20260227_023615,exported,20260227_023615.tiff,2026-02-27 02:36:15,149.83333333333337,00:02:29.833,4495,raw/thermal/20260227_023615.tiff,processed/aligned/000083_20260227_023615/thermal.tiff,processed/aligned/000083_20260227_023615/thermal.png,processed/aligned/000083_20260227_023615/video.png,processed/aligned/000083_20260227_023615/overlay.png,0.442550927400589,0.244036865234375,0.7279205322265625,processed/aligned/000083_20260227_023615/mask_80c.png,49939,0.1524017333984375
000084_20260227_023616,exported,20260227_023616.tiff,2026-02-27 02:36:16,150.83333333333337,00:02:30.833,4525,raw/thermal/20260227_023616.tiff,processed/aligned/000084_20260227_023616/thermal.tiff,processed/aligned/000084_20260227_023616/thermal.png,processed/aligned/000084_20260227_023616/video.png,processed/aligned/000084_20260227_023616/overlay.png,0.5115638971328735,0.3389678955078125,0.7406829833984375,processed/aligned/000084_20260227_023616/mask_80c.png,24246,0.073992919921875
000085_20260227_023617,exported,20260227_023617.tiff,2026-02-27 02:36:17,151.83333333333337,00:02:31.833,4555,raw/thermal/20260227_023617.tiff,processed/aligned/000085_20260227_023617/thermal.tiff,processed/aligned/000085_20260227_023617/thermal.png,processed/aligned/000085_20260227_023617/video.png,processed/aligned/000085_20260227_023617/overlay.png,0.46591997146606445,0.268377685546875,0.7295928955078125,processed/aligned/000085_20260227_023617/mask_80c.png,27867,0.0850433349609375
000086_20260227_023618,exported,20260227_023618.tiff,2026-02-27 02:36:18,152.83333333333337,00:02:32.833,4585,raw/thermal/20260227_023618.tiff,processed/aligned/000086_20260227_023618/thermal.tiff,processed/aligned/000086_20260227_023618/thermal.png,processed/aligned/000086_20260227_023618/video.png,processed/aligned/000086_20260227_023618/overlay.png,0.4797671213746071,0.299224853515625,0.7324462890625,processed/aligned/000086_20260227_023618/mask_80c.png,44134,0.134686279296875
000087_20260227_023619,exported,20260227_023619.tiff,2026-02-27 02:36:19,153.83333333333337,00:02:33.833,4615,raw/thermal/20260227_023619.tiff,processed/aligned/000087_20260227_023619/thermal.tiff,processed/aligned/000087_20260227_023619/thermal.png,processed/aligned/000087_20260227_023619/video.png,processed/aligned/000087_20260227_023619/overlay.png,0.5012643486261368,0.333380126953125,0.7289276123046875,processed/aligned/000087_20260227_023619/mask_80c.png,37597,0.1147369384765625
000088_20260227_023620,exported,20260227_023620.tiff,2026-02-27 02:36:20,154.83333333333337,00:02:34.833,4645,raw/thermal/20260227_023620.tiff,processed/aligned/000088_20260227_023620/thermal.tiff,processed/aligned/000088_20260227_023620/thermal.png,processed/aligned/000088_20260227_023620/video.png,processed/aligned/000088_20260227_023620/overlay.png,0.49158841371536255,0.31077880859375,0.72772216796875,processed/aligned/000088_20260227_023620/mask_80c.png,31187,0.0951751708984375
000089_20260227_023621,exported,20260227_023621.tiff,2026-02-27 02:36:21,155.83333333333337,00:02:35.833,4675,raw/thermal/20260227_023621.tiff,processed/aligned/000089_20260227_023621/thermal.tiff,processed/aligned/000089_20260227_023621/thermal.png,processed/aligned/000089_20260227_023621/video.png,processed/aligned/000089_20260227_023621/overlay.png,0.4753980115056038,0.311810302734375,0.7059844970703125,processed/aligned/000089_20260227_023621/mask_80c.png,48017,0.1465362548828125
000090_20260227_023622,exported,20260227_023622.tiff,2026-02-27 02:36:22,156.83333333333337,00:02:36.833,4705,raw/thermal/20260227_023622.tiff,processed/aligned/000090_20260227_023622/thermal.tiff,processed/aligned/000090_20260227_023622/thermal.png,processed/aligned/000090_20260227_023622/video.png,processed/aligned/000090_20260227_023622/overlay.png,0.46267081797122955,0.2797210693359375,0.7046539306640625,processed/aligned/000090_20260227_023622/mask_80c.png,79129,0.2414825439453125
000091_20260227_023623,exported,20260227_023623.tiff,2026-02-27 02:36:23,157.83333333333337,00:02:37.833,4735,raw/thermal/20260227_023623.tiff,processed/aligned/000091_20260227_023623/thermal.tiff,processed/aligned/000091_20260227_023623/thermal.png,processed/aligned/000091_20260227_023623/video.png,processed/aligned/000091_20260227_023623/overlay.png,0.45669519156217575,0.2658355712890625,0.722088623046875,processed/aligned/000091_20260227_023623/mask_80c.png,69125,0.2109527587890625
000092_20260227_023624,exported,20260227_023624.tiff,2026-02-27 02:36:24,158.83333333333337,00:02:38.833,4765,raw/thermal/20260227_023624.tiff,processed/aligned/000092_20260227_023624/thermal.tiff,processed/aligned/000092_20260227_023624/thermal.png,processed/aligned/000092_20260227_023624/video.png,processed/aligned/000092_20260227_023624/overlay.png,0.4670924246311188,0.2725921630859375,0.7206634521484375,processed/aligned/000092_20260227_023624/mask_80c.png,79183,0.2416473388671875
000093_20260227_023625,exported,20260227_023625.tiff,2026-02-27 02:36:25,159.83333333333337,00:02:39.833,4795,raw/thermal/20260227_023625.tiff,processed/aligned/000093_20260227_023625/thermal.tiff,processed/aligned/000093_20260227_023625/thermal.png,processed/aligned/000093_20260227_023625/video.png,processed/aligned/000093_20260227_023625/overlay.png,0.44164319336414337,0.251556396484375,0.7043121337890625,processed/aligned/000093_20260227_023625/mask_80c.png,52275,0.1595306396484375
000094_20260227_023626,exported,20260227_023626.tiff,2026-02-27 02:36:26,160.83333333333337,00:02:40.833,4825,raw/thermal/20260227_023626.tiff,processed/aligned/000094_20260227_023626/thermal.tiff,processed/aligned/000094_20260227_023626/thermal.png,processed/aligned/000094_20260227_023626/video.png,processed/aligned/000094_20260227_023626/overlay.png,0.40521223098039627,0.2117218017578125,0.658251953125,processed/aligned/000094_20260227_023626/mask_80c.png,77836,0.23753662109375
000095_20260227_023627,exported,20260227_023627.tiff,2026-02-27 02:36:27,161.83333333333337,00:02:41.833,4855,raw/thermal/20260227_023627.tiff,processed/aligned/000095_20260227_023627/thermal.tiff,processed/aligned/000095_20260227_023627/thermal.png,processed/aligned/000095_20260227_023627/video.png,processed/aligned/000095_20260227_023627/overlay.png,0.35247771441936493,0.1396453857421875,0.6382476806640625,processed/aligned/000095_20260227_023627/mask_80c.png,57066,0.174151611328125
000096_20260227_023628,exported,20260227_023628.tiff,2026-02-27 02:36:28,162.83333333333337,00:02:42.833,4885,raw/thermal/20260227_023628.tiff,processed/aligned/000096_20260227_023628/thermal.tiff,processed/aligned/000096_20260227_023628/thermal.png,processed/aligned/000096_20260227_023628/video.png,processed/aligned/000096_20260227_023628/overlay.png,0.3798508644104004,0.224530029296875,0.61331787109375,processed/aligned/000096_20260227_023628/mask_80c.png,47412,0.14468994140625
000097_20260227_023629,exported,20260227_023629.tiff,2026-02-27 02:36:29,163.83333333333337,00:02:43.833,4915,raw/thermal/20260227_023629.tiff,processed/aligned/000097_20260227_023629/thermal.tiff,processed/aligned/000097_20260227_023629/thermal.png,processed/aligned/000097_20260227_023629/video.png,processed/aligned/000097_20260227_023629/overlay.png,0.38476991653442383,0.2040313720703125,0.6197296142578125,processed/aligned/000097_20260227_023629/mask_80c.png,16419,0.0501068115234375
000098_20260227_023630,exported,20260227_023630.tiff,2026-02-27 02:36:30,164.83333333333337,00:02:44.833,4945,raw/thermal/20260227_023630.tiff,processed/aligned/000098_20260227_023630/thermal.tiff,processed/aligned/000098_20260227_023630/thermal.png,processed/aligned/000098_20260227_023630/video.png,processed/aligned/000098_20260227_023630/overlay.png,0.44456885010004044,0.2629913330078125,0.6393341064453125,processed/aligned/000098_20260227_023630/mask_80c.png,7701,0.0235015869140625
000099_20260227_023631,exported,20260227_023631.tiff,2026-02-27 02:36:31,165.83333333333337,00:02:45.833,4975,raw/thermal/20260227_023631.tiff,processed/aligned/000099_20260227_023631/thermal.tiff,processed/aligned/000099_20260227_023631/thermal.png,processed/aligned/000099_20260227_023631/video.png,processed/aligned/000099_20260227_023631/overlay.png,0.44388220459222794,0.24329833984375,0.647760009765625,processed/aligned/000099_20260227_023631/mask_80c.png,4879,0.0148895263671875
000100_20260227_023632,exported,20260227_023632.tiff,2026-02-27 02:36:32,166.83333333333337,00:02:46.833,5005,raw/thermal/20260227_023632.tiff,processed/aligned/000100_20260227_023632/thermal.tiff,processed/aligned/000100_20260227_023632/thermal.png,processed/aligned/000100_20260227_023632/video.png,processed/aligned/000100_20260227_023632/overlay.png,0.43689674139022827,0.199639892578125,0.637762451171875,processed/aligned/000100_20260227_023632/mask_80c.png,0,0.0
000101_20260227_023633,exported,20260227_023633.tiff,2026-02-27 02:36:33,167.83333333333337,00:02:47.833,5035,raw/thermal/20260227_023633.tiff,processed/aligned/000101_20260227_023633/thermal.tiff,processed/aligned/000101_20260227_023633/thermal.png,processed/aligned/000101_20260227_023633/video.png,processed/aligned/000101_20260227_023633/overlay.png,0.4251217767596245,0.1929656982421875,0.633758544921875,processed/aligned/000101_20260227_023633/mask_80c.png,0,0.0
000102_20260227_023634,exported,20260227_023634.tiff,2026-02-27 02:36:34,168.83333333333337,00:02:48.833,5065,raw/thermal/20260227_023634.tiff,processed/aligned/000102_20260227_023634/thermal.tiff,processed/aligned/000102_20260227_023634/thermal.png,processed/aligned/000102_20260227_023634/video.png,processed/aligned/000102_20260227_023634/overlay.png,0.4221635162830353,0.1983978271484375,0.61553955078125,processed/aligned/000102_20260227_023634/mask_80c.png,0,0.0
000103_20260227_023635,exported,20260227_023635.tiff,2026-02-27 02:36:35,169.83333333333337,00:02:49.833,5095,raw/thermal/20260227_023635.tiff,processed/aligned/000103_20260227_023635/thermal.tiff,processed/aligned/000103_20260227_023635/thermal.png,processed/aligned/000103_20260227_023635/video.png,processed/aligned/000103_20260227_023635/overlay.png,0.48679453879594803,0.301605224609375,0.6275299072265625,processed/aligned/000103_20260227_023635/mask_80c.png,0,0.0
000104_20260227_023636,exported,20260227_023636.tiff,2026-02-27 02:36:36,170.83333333333337,00:02:50.833,5125,raw/thermal/20260227_023636.tiff,processed/aligned/000104_20260227_023636/thermal.tiff,processed/aligned/000104_20260227_023636/thermal.png,processed/aligned/000104_20260227_023636/video.png,processed/aligned/000104_20260227_023636/overlay.png,0.4392576515674591,0.2033355712890625,0.666412353515625,processed/aligned/000104_20260227_023636/mask_80c.png,0,0.0
000105_20260227_023637,exported,20260227_023637.tiff,2026-02-27 02:36:37,171.83333333333337,00:02:51.833,5155,raw/thermal/20260227_023637.tiff,processed/aligned/000105_20260227_023637/thermal.tiff,processed/aligned/000105_20260227_023637/thermal.png,processed/aligned/000105_20260227_023637/video.png,processed/aligned/000105_20260227_023637/overlay.png,0.4840642809867859,0.2574737548828125,0.705987548828125,processed/aligned/000105_20260227_023637/mask_80c.png,0,0.0
000106_20260227_023638,exported,20260227_023638.tiff,2026-02-27 02:36:38,172.83333333333337,00:02:52.833,5185,raw/thermal/20260227_023638.tiff,processed/aligned/000106_20260227_023638/thermal.tiff,processed/aligned/000106_20260227_023638/thermal.png,processed/aligned/000106_20260227_023638/video.png,processed/aligned/000106_20260227_023638/overlay.png,0.4832030460238457,0.2645233154296875,0.7050201416015625,processed/aligned/000106_20260227_023638/mask_80c.png,0,0.0
000107_20260227_023639,exported,20260227_023639.tiff,2026-02-27 02:36:39,173.83333333333337,00:02:53.833,5215,raw/thermal/20260227_023639.tiff,processed/aligned/000107_20260227_023639/thermal.tiff,processed/aligned/000107_20260227_023639/thermal.png,processed/aligned/000107_20260227_023639/video.png,processed/aligned/000107_20260227_023639/overlay.png,0.5127314254641533,0.30858154296875,0.722418212890625,processed/aligned/000107_20260227_023639/mask_80c.png,0,0.0
000108_20260227_023640,exported,20260227_023640.tiff,2026-02-27 02:36:40,174.83333333333337,00:02:54.833,5245,raw/thermal/20260227_023640.tiff,processed/aligned/000108_20260227_023640/thermal.tiff,processed/aligned/000108_20260227_023640/thermal.png,processed/aligned/000108_20260227_023640/video.png,processed/aligned/000108_20260227_023640/overlay.png,0.5111377239227295,0.3091400146484375,0.716595458984375,processed/aligned/000108_20260227_023640/mask_80c.png,0,0.0
000109_20260227_023641,exported,20260227_023641.tiff,2026-02-27 02:36:41,175.83333333333337,00:02:55.833,5275,raw/thermal/20260227_023641.tiff,processed/aligned/000109_20260227_023641/thermal.tiff,processed/aligned/000109_20260227_023641/thermal.png,processed/aligned/000109_20260227_023641/video.png,processed/aligned/000109_20260227_023641/overlay.png,0.5147019922733307,0.319915771484375,0.7154754638671875,processed/aligned/000109_20260227_023641/mask_80c.png,0,0.0
000110_20260227_023642,exported,20260227_023642.tiff,2026-02-27 02:36:42,176.83333333333337,00:02:56.833,5305,raw/thermal/20260227_023642.tiff,processed/aligned/000110_20260227_023642/thermal.tiff,processed/aligned/000110_20260227_023642/thermal.png,processed/aligned/000110_20260227_023642/video.png,processed/aligned/000110_20260227_023642/overlay.png,0.517112523317337,0.3201446533203125,0.709197998046875,processed/aligned/000110_20260227_023642/mask_80c.png,0,0.0
000111_20260227_023643,exported,20260227_023643.tiff,2026-02-27 02:36:43,177.83333333333337,00:02:57.833,5335,raw/thermal/20260227_023643.tiff,processed/aligned/000111_20260227_023643/thermal.tiff,processed/aligned/000111_20260227_023643/thermal.png,processed/aligned/000111_20260227_023643/video.png,processed/aligned/000111_20260227_023643/overlay.png,0.5126196593046188,0.3234375,0.6826751708984375,processed/aligned/000111_20260227_023643/mask_80c.png,0,0.0
000112_20260227_023644,exported,20260227_023644.tiff,2026-02-27 02:36:44,178.83333333333337,00:02:58.833,5365,raw/thermal/20260227_023644.tiff,processed/aligned/000112_20260227_023644/thermal.tiff,processed/aligned/000112_20260227_023644/thermal.png,processed/aligned/000112_20260227_023644/video.png,processed/aligned/000112_20260227_023644/overlay.png,0.522752083837986,0.3327362060546875,0.6939208984375,processed/aligned/000112_20260227_023644/mask_80c.png,0,0.0
000113_20260227_023645,exported,20260227_023645.tiff,2026-02-27 02:36:45,179.83333333333337,00:02:59.833,5395,raw/thermal/20260227_023645.tiff,processed/aligned/000113_20260227_023645/thermal.tiff,processed/aligned/000113_20260227_023645/thermal.png,processed/aligned/000113_20260227_023645/video.png,processed/aligned/000113_20260227_023645/overlay.png,0.5383485555648804,0.34730224609375,0.70294189453125,processed/aligned/000113_20260227_023645/mask_80c.png,0,0.0
000114_20260227_023646,exported,20260227_023646.tiff,2026-02-27 02:36:46,180.83333333333337,00:03:00.833,5425,raw/thermal/20260227_023646.tiff,processed/aligned/000114_20260227_023646/thermal.tiff,processed/aligned/000114_20260227_023646/thermal.png,processed/aligned/000114_20260227_023646/video.png,processed/aligned/000114_20260227_023646/overlay.png,0.5653396993875504,0.3908599853515625,0.707720947265625,processed/aligned/000114_20260227_023646/mask_80c.png,0,0.0
000115_20260227_023647,exported,20260227_023647.tiff,2026-02-27 02:36:47,181.83333333333337,00:03:01.833,5455,raw/thermal/20260227_023647.tiff,processed/aligned/000115_20260227_023647/thermal.tiff,processed/aligned/000115_20260227_023647/thermal.png,processed/aligned/000115_20260227_023647/video.png,processed/aligned/000115_20260227_023647/overlay.png,0.535287156701088,0.3279632568359375,0.7143829345703125,processed/aligned/000115_20260227_023647/mask_80c.png,0,0.0
000116_20260227_023648,exported,20260227_023648.tiff,2026-02-27 02:36:48,182.83333333333337,00:03:02.833,5485,raw/thermal/20260227_023648.tiff,processed/aligned/000116_20260227_023648/thermal.tiff,processed/aligned/000116_20260227_023648/thermal.png,processed/aligned/000116_20260227_023648/video.png,processed/aligned/000116_20260227_023648/overlay.png,0.5352346748113632,0.3214935302734375,0.72362060546875,processed/aligned/000116_20260227_023648/mask_80c.png,0,0.0
000117_20260227_023649,exported,20260227_023649.tiff,2026-02-27 02:36:49,183.83333333333337,00:03:03.833,5515,raw/thermal/20260227_023649.tiff,processed/aligned/000117_20260227_023649/thermal.tiff,processed/aligned/000117_20260227_023649/thermal.png,processed/aligned/000117_20260227_023649/video.png,processed/aligned/000117_20260227_023649/overlay.png,0.5500807017087936,0.353448486328125,0.7252655029296875,processed/aligned/000117_20260227_023649/mask_80c.png,0,0.0
000118_20260227_023650,exported,20260227_023650.tiff,2026-02-27 02:36:50,184.83333333333337,00:03:04.833,5545,raw/thermal/20260227_023650.tiff,processed/aligned/000118_20260227_023650/thermal.tiff,processed/aligned/000118_20260227_023650/thermal.png,processed/aligned/000118_20260227_023650/video.png,processed/aligned/000118_20260227_023650/overlay.png,0.5444590300321579,0.3377044677734375,0.7277008056640625,processed/aligned/000118_20260227_023650/mask_80c.png,0,0.0
000119_20260227_023651,exported,20260227_023651.tiff,2026-02-27 02:36:51,185.83333333333337,00:03:05.833,5575,raw/thermal/20260227_023651.tiff,processed/aligned/000119_20260227_023651/thermal.tiff,processed/aligned/000119_20260227_023651/thermal.png,processed/aligned/000119_20260227_023651/video.png,processed/aligned/000119_20260227_023651/overlay.png,0.5588576346635818,0.36571044921875,0.735406494140625,processed/aligned/000119_20260227_023651/mask_80c.png,0,0.0
000120_20260227_023652,exported,20260227_023652.tiff,2026-02-27 02:36:52,186.83333333333337,00:03:06.833,5605,raw/thermal/20260227_023652.tiff,processed/aligned/000120_20260227_023652/thermal.tiff,processed/aligned/000120_20260227_023652/thermal.png,processed/aligned/000120_20260227_023652/video.png,processed/aligned/000120_20260227_023652/overlay.png,0.5551826506853104,0.365478515625,0.7330810546875,processed/aligned/000120_20260227_023652/mask_80c.png,0,0.0
000121_20260227_023653,exported,20260227_023653.tiff,2026-02-27 02:36:53,187.83333333333337,00:03:07.833,5635,raw/thermal/20260227_023653.tiff,processed/aligned/000121_20260227_023653/thermal.tiff,processed/aligned/000121_20260227_023653/thermal.png,processed/aligned/000121_20260227_023653/video.png,processed/aligned/000121_20260227_023653/overlay.png,0.5569741129875183,0.368585205078125,0.7337890625,processed/aligned/000121_20260227_023653/mask_80c.png,0,0.0
000122_20260227_023654,exported,20260227_023654.tiff,2026-02-27 02:36:54,188.83333333333337,00:03:08.833,5665,raw/thermal/20260227_023654.tiff,processed/aligned/000122_20260227_023654/thermal.tiff,processed/aligned/000122_20260227_023654/thermal.png,processed/aligned/000122_20260227_023654/video.png,processed/aligned/000122_20260227_023654/overlay.png,0.5296011865139008,0.338714599609375,0.710736083984375,processed/aligned/000122_20260227_023654/mask_80c.png,587,0.0017913818359375
000123_20260227_023655,exported,20260227_023655.tiff,2026-02-27 02:36:55,189.83333333333337,00:03:09.833,5695,raw/thermal/20260227_023655.tiff,processed/aligned/000123_20260227_023655/thermal.tiff,processed/aligned/000123_20260227_023655/thermal.png,processed/aligned/000123_20260227_023655/video.png,processed/aligned/000123_20260227_023655/overlay.png,0.5436254739761353,0.379058837890625,0.701226806640625,processed/aligned/000123_20260227_023655/mask_80c.png,818,0.002496337890625
000124_20260227_023656,exported,20260227_023656.tiff,2026-02-27 02:36:56,190.83333333333337,00:03:10.833,5725,raw/thermal/20260227_023656.tiff,processed/aligned/000124_20260227_023656/thermal.tiff,processed/aligned/000124_20260227_023656/thermal.png,processed/aligned/000124_20260227_023656/video.png,processed/aligned/000124_20260227_023656/overlay.png,0.4976380914449692,0.3026275634765625,0.673822021484375,processed/aligned/000124_20260227_023656/mask_80c.png,1113,0.0033966064453125
000125_20260227_023657,exported,20260227_023657.tiff,2026-02-27 02:36:57,191.83333333333337,00:03:11.833,5755,raw/thermal/20260227_023657.tiff,processed/aligned/000125_20260227_023657/thermal.tiff,processed/aligned/000125_20260227_023657/thermal.png,processed/aligned/000125_20260227_023657/video.png,processed/aligned/000125_20260227_023657/overlay.png,0.5254763960838318,0.34833984375,0.6872802734375,processed/aligned/000125_20260227_023657/mask_80c.png,418,0.001275634765625
000126_20260227_023658,exported,20260227_023658.tiff,2026-02-27 02:36:58,192.83333333333337,00:03:12.833,5785,raw/thermal/20260227_023658.tiff,processed/aligned/000126_20260227_023658/thermal.tiff,processed/aligned/000126_20260227_023658/thermal.png,processed/aligned/000126_20260227_023658/video.png,processed/aligned/000126_20260227_023658/overlay.png,0.5026058256626129,0.302630615234375,0.69947509765625,processed/aligned/000126_20260227_023658/mask_80c.png,1799,0.0054901123046875
000127_20260227_023659,exported,20260227_023659.tiff,2026-02-27 02:36:59,193.83333333333337,00:03:13.833,5815,raw/thermal/20260227_023659.tiff,processed/aligned/000127_20260227_023659/thermal.tiff,processed/aligned/000127_20260227_023659/thermal.png,processed/aligned/000127_20260227_023659/video.png,processed/aligned/000127_20260227_023659/overlay.png,0.5244574323296547,0.349176025390625,0.70791015625,processed/aligned/000127_20260227_023659/mask_80c.png,4586,0.013995361328125
000128_20260227_023700,exported,20260227_023700.tiff,2026-02-27 02:37:00,194.83333333333337,00:03:14.833,5845,raw/thermal/20260227_023700.tiff,processed/aligned/000128_20260227_023700/thermal.tiff,processed/aligned/000128_20260227_023700/thermal.png,processed/aligned/000128_20260227_023700/video.png,processed/aligned/000128_20260227_023700/overlay.png,0.4829206243157387,0.2939697265625,0.72047119140625,processed/aligned/000128_20260227_023700/mask_80c.png,16269,0.0496490478515625
000129_20260227_023701,exported,20260227_023701.tiff,2026-02-27 02:37:01,195.83333333333337,00:03:15.833,5875,raw/thermal/20260227_023701.tiff,processed/aligned/000129_20260227_023701/thermal.tiff,processed/aligned/000129_20260227_023701/thermal.png,processed/aligned/000129_20260227_023701/video.png,processed/aligned/000129_20260227_023701/overlay.png,0.4454522207379341,0.2484893798828125,0.7195709228515625,processed/aligned/000129_20260227_023701/mask_80c.png,37092,0.11319580078125
000130_20260227_023702,exported,20260227_023702.tiff,2026-02-27 02:37:02,196.83333333333337,00:03:16.833,5905,raw/thermal/20260227_023702.tiff,processed/aligned/000130_20260227_023702/thermal.tiff,processed/aligned/000130_20260227_023702/thermal.png,processed/aligned/000130_20260227_023702/video.png,processed/aligned/000130_20260227_023702/overlay.png,0.44538335502147675,0.28232421875,0.6837799072265625,processed/aligned/000130_20260227_023702/mask_80c.png,66873,0.2040802001953125
000131_20260227_023703,exported,20260227_023703.tiff,2026-02-27 02:37:03,197.83333333333337,00:03:17.833,5935,raw/thermal/20260227_023703.tiff,processed/aligned/000131_20260227_023703/thermal.tiff,processed/aligned/000131_20260227_023703/thermal.png,processed/aligned/000131_20260227_023703/video.png,processed/aligned/000131_20260227_023703/overlay.png,0.4195115342736244,0.234405517578125,0.68724365234375,processed/aligned/000131_20260227_023703/mask_80c.png,105435,0.3217620849609375
000132_20260227_023704,exported,20260227_023704.tiff,2026-02-27 02:37:04,198.83333333333337,00:03:18.833,5965,raw/thermal/20260227_023704.tiff,processed/aligned/000132_20260227_023704/thermal.tiff,processed/aligned/000132_20260227_023704/thermal.png,processed/aligned/000132_20260227_023704/video.png,processed/aligned/000132_20260227_023704/overlay.png,0.448286235332489,0.2499114990234375,0.7035491943359375,processed/aligned/000132_20260227_023704/mask_80c.png,146689,0.4476593017578125
000133_20260227_023705,exported,20260227_023705.tiff,2026-02-27 02:37:05,199.83333333333337,00:03:19.833,5995,raw/thermal/20260227_023705.tiff,processed/aligned/000133_20260227_023705/thermal.tiff,processed/aligned/000133_20260227_023705/thermal.png,processed/aligned/000133_20260227_023705/video.png,processed/aligned/000133_20260227_023705/overlay.png,0.4574951305985451,0.2312530517578125,0.7418701171875,processed/aligned/000133_20260227_023705/mask_80c.png,187419,0.5719573974609375
000134_20260227_023706,exported,20260227_023706.tiff,2026-02-27 02:37:06,200.83333333333337,00:03:20.833,6025,raw/thermal/20260227_023706.tiff,processed/aligned/000134_20260227_023706/thermal.tiff,processed/aligned/000134_20260227_023706/thermal.png,processed/aligned/000134_20260227_023706/video.png,processed/aligned/000134_20260227_023706/overlay.png,0.4411395639181137,0.233349609375,0.6968505859375,processed/aligned/000134_20260227_023706/mask_80c.png,220921,0.6741973876953125
000135_20260227_023707,exported,20260227_023707.tiff,2026-02-27 02:37:07,201.83333333333337,00:03:21.833,6055,raw/thermal/20260227_023707.tiff,processed/aligned/000135_20260227_023707/thermal.tiff,processed/aligned/000135_20260227_023707/thermal.png,processed/aligned/000135_20260227_023707/video.png,processed/aligned/000135_20260227_023707/overlay.png,0.38280293345451355,0.216204833984375,0.520611572265625,processed/aligned/000135_20260227_023707/mask_80c.png,249228,0.76058349609375
000136_20260227_023708,exported,20260227_023708.tiff,2026-02-27 02:37:08,202.83333333333337,00:03:22.833,6085,raw/thermal/20260227_023708.tiff,processed/aligned/000136_20260227_023708/thermal.tiff,processed/aligned/000136_20260227_023708/thermal.png,processed/aligned/000136_20260227_023708/video.png,processed/aligned/000136_20260227_023708/overlay.png,0.2576275207102299,0.1703094482421875,0.340667724609375,processed/aligned/000136_20260227_023708/mask_80c.png,309325,0.9439849853515625
000137_20260227_023709,exported,20260227_023709.tiff,2026-02-27 02:37:09,203.83333333333337,00:03:23.833,6115,raw/thermal/20260227_023709.tiff,processed/aligned/000137_20260227_023709/thermal.tiff,processed/aligned/000137_20260227_023709/thermal.png,processed/aligned/000137_20260227_023709/video.png,processed/aligned/000137_20260227_023709/overlay.png,0.24360259249806404,0.19849853515625,0.2522186279296875,processed/aligned/000137_20260227_023709/mask_80c.png,309634,0.944927978515625
000138_20260227_023710,exported,20260227_023710.tiff,2026-02-27 02:37:10,204.83333333333337,00:03:24.833,6145,raw/thermal/20260227_023710.tiff,processed/aligned/000138_20260227_023710/thermal.tiff,processed/aligned/000138_20260227_023710/thermal.png,processed/aligned/000138_20260227_023710/video.png,processed/aligned/000138_20260227_023710/overlay.png,0.25843892991542816,0.185687255859375,0.2662445068359375,processed/aligned/000138_20260227_023710/mask_80c.png,273498,0.834649658203125
000139_20260227_023711,exported,20260227_023711.tiff,2026-02-27 02:37:11,205.83333333333337,00:03:25.833,6175,raw/thermal/20260227_023711.tiff,processed/aligned/000139_20260227_023711/thermal.tiff,processed/aligned/000139_20260227_023711/thermal.png,processed/aligned/000139_20260227_023711/video.png,processed/aligned/000139_20260227_023711/overlay.png,0.29023729264736176,0.1604522705078125,0.3144622802734375,processed/aligned/000139_20260227_023711/mask_80c.png,251401,0.7672149658203125
000140_20260227_023712,exported,20260227_023712.tiff,2026-02-27 02:37:12,206.83333333333337,00:03:26.833,6205,raw/thermal/20260227_023712.tiff,processed/aligned/000140_20260227_023712/thermal.tiff,processed/aligned/000140_20260227_023712/thermal.png,processed/aligned/000140_20260227_023712/video.png,processed/aligned/000140_20260227_023712/overlay.png,0.3356858715415001,0.174114990234375,0.3284820556640625,processed/aligned/000140_20260227_023712/mask_80c.png,223591,0.6823455810546875
000141_20260227_023713,exported,20260227_023713.tiff,2026-02-27 02:37:13,207.83333333333337,00:03:27.833,6235,raw/thermal/20260227_023713.tiff,processed/aligned/000141_20260227_023713/thermal.tiff,processed/aligned/000141_20260227_023713/thermal.png,processed/aligned/000141_20260227_023713/video.png,processed/aligned/000141_20260227_023713/overlay.png,0.3180323392152786,0.189825439453125,0.2859344482421875,processed/aligned/000141_20260227_023713/mask_80c.png,175087,0.5343231201171875
000142_20260227_023714,exported,20260227_023714.tiff,2026-02-27 02:37:14,208.83333333333337,00:03:28.833,6265,raw/thermal/20260227_023714.tiff,processed/aligned/000142_20260227_023714/thermal.tiff,processed/aligned/000142_20260227_023714/thermal.png,processed/aligned/000142_20260227_023714/video.png,processed/aligned/000142_20260227_023714/overlay.png,0.21928517147898674,0.1607635498046875,0.2269195556640625,processed/aligned/000142_20260227_023714/mask_80c.png,126501,0.3860504150390625
000143_20260227_023715,exported,20260227_023715.tiff,2026-02-27 02:37:15,209.83333333333337,00:03:29.833,6295,raw/thermal/20260227_023715.tiff,processed/aligned/000143_20260227_023715/thermal.tiff,processed/aligned/000143_20260227_023715/thermal.png,processed/aligned/000143_20260227_023715/video.png,processed/aligned/000143_20260227_023715/overlay.png,0.19658828899264336,0.2039306640625,0.1396240234375,processed/aligned/000143_20260227_023715/mask_80c.png,132348,0.40389404296875
000144_20260227_023716,exported,20260227_023716.tiff,2026-02-27 02:37:16,210.83333333333337,00:03:30.833,6325,raw/thermal/20260227_023716.tiff,processed/aligned/000144_20260227_023716/thermal.tiff,processed/aligned/000144_20260227_023716/thermal.png,processed/aligned/000144_20260227_023716/video.png,processed/aligned/000144_20260227_023716/overlay.png,0.10696208174340427,0.1951080322265625,0.002508544921875,processed/aligned/000144_20260227_023716/mask_80c.png,138379,0.4222991943359375
000145_20260227_023717,exported,20260227_023717.tiff,2026-02-27 02:37:17,211.83333333333337,00:03:31.833,6355,raw/thermal/20260227_023717.tiff,processed/aligned/000145_20260227_023717/thermal.tiff,processed/aligned/000145_20260227_023717/thermal.png,processed/aligned/000145_20260227_023717/video.png,processed/aligned/000145_20260227_023717/overlay.png,0.10209567099809647,0.207769775390625,0.0,processed/aligned/000145_20260227_023717/mask_80c.png,156019,0.4761322021484375
000146_20260227_023718,exported,20260227_023718.tiff,2026-02-27 02:37:18,212.83333333333337,00:03:32.833,6385,raw/thermal/20260227_023718.tiff,processed/aligned/000146_20260227_023718/thermal.tiff,processed/aligned/000146_20260227_023718/thermal.png,processed/aligned/000146_20260227_023718/video.png,processed/aligned/000146_20260227_023718/overlay.png,0.08656185865402222,0.163043212890625,0.0,processed/aligned/000146_20260227_023718/mask_80c.png,161284,0.49219970703125
000147_20260227_023719,exported,20260227_023719.tiff,2026-02-27 02:37:19,213.83333333333337,00:03:33.833,6415,raw/thermal/20260227_023719.tiff,processed/aligned/000147_20260227_023719/thermal.tiff,processed/aligned/000147_20260227_023719/thermal.png,processed/aligned/000147_20260227_023719/video.png,processed/aligned/000147_20260227_023719/overlay.png,0.09424832463264465,0.15093994140625,0.0,processed/aligned/000147_20260227_023719/mask_80c.png,138868,0.42379150390625
000148_20260227_023720,exported,20260227_023720.tiff,2026-02-27 02:37:20,214.83333333333337,00:03:34.833,6445,raw/thermal/20260227_023720.tiff,processed/aligned/000148_20260227_023720/thermal.tiff,processed/aligned/000148_20260227_023720/thermal.png,processed/aligned/000148_20260227_023720/video.png,processed/aligned/000148_20260227_023720/overlay.png,0.0912216305732727,0.13697509765625,0.0,processed/aligned/000148_20260227_023720/mask_80c.png,130005,0.3967437744140625
000149_20260227_023721,exported,20260227_023721.tiff,2026-02-27 02:37:21,215.83333333333337,00:03:35.833,6475,raw/thermal/20260227_023721.tiff,processed/aligned/000149_20260227_023721/thermal.tiff,processed/aligned/000149_20260227_023721/thermal.png,processed/aligned/000149_20260227_023721/video.png,processed/aligned/000149_20260227_023721/overlay.png,0.12979553639888763,0.059912109375,0.0,processed/aligned/000149_20260227_023721/mask_80c.png,71819,0.2191741943359375
000150_20260227_023722,exported,20260227_023722.tiff,2026-02-27 02:37:22,216.83333333333337,00:03:36.833,6505,raw/thermal/20260227_023722.tiff,processed/aligned/000150_20260227_023722/thermal.tiff,processed/aligned/000150_20260227_023722/thermal.png,processed/aligned/000150_20260227_023722/video.png,processed/aligned/000150_20260227_023722/overlay.png,0.05930810794234276,0.1555999755859375,0.0,processed/aligned/000150_20260227_023722/mask_80c.png,140534,0.428875732421875
000151_20260227_023723,exported,20260227_023723.tiff,2026-02-27 02:37:23,217.83333333333337,00:03:37.833,6535,raw/thermal/20260227_023723.tiff,processed/aligned/000151_20260227_023723/thermal.tiff,processed/aligned/000151_20260227_023723/thermal.png,processed/aligned/000151_20260227_023723/video.png,processed/aligned/000151_20260227_023723/overlay.png,0.11025112122297287,0.257049560546875,0.0,processed/aligned/000151_20260227_023723/mask_80c.png,191252,0.58365478515625
000152_20260227_023724,exported,20260227_023724.tiff,2026-02-27 02:37:24,218.83333333333337,00:03:38.833,6565,raw/thermal/20260227_023724.tiff,processed/aligned/000152_20260227_023724/thermal.tiff,processed/aligned/000152_20260227_023724/thermal.png,processed/aligned/000152_20260227_023724/video.png,processed/aligned/000152_20260227_023724/overlay.png,0.07994938641786575,0.1611907958984375,0.0,processed/aligned/000152_20260227_023724/mask_80c.png,154170,0.470489501953125
000153_20260227_023725,exported,20260227_023725.tiff,2026-02-27 02:37:25,219.83333333333337,00:03:39.833,6595,raw/thermal/20260227_023725.tiff,processed/aligned/000153_20260227_023725/thermal.tiff,processed/aligned/000153_20260227_023725/thermal.png,processed/aligned/000153_20260227_023725/video.png,processed/aligned/000153_20260227_023725/overlay.png,0.09086098521947861,0.0719696044921875,0.0,processed/aligned/000153_20260227_023725/mask_80c.png,89001,0.2716094970703125
000154_20260227_023726,exported,20260227_023726.tiff,2026-02-27 02:37:26,220.83333333333337,00:03:40.833,6625,raw/thermal/20260227_023726.tiff,processed/aligned/000154_20260227_023726/thermal.tiff,processed/aligned/000154_20260227_023726/thermal.png,processed/aligned/000154_20260227_023726/video.png,processed/aligned/000154_20260227_023726/overlay.png,0.08162853866815567,0.1368988037109375,0.0,processed/aligned/000154_20260227_023726/mask_80c.png,120567,0.3679412841796875
000155_20260227_023727,exported,20260227_023727.tiff,2026-02-27 02:37:27,221.83333333333337,00:03:41.833,6655,raw/thermal/20260227_023727.tiff,processed/aligned/000155_20260227_023727/thermal.tiff,processed/aligned/000155_20260227_023727/thermal.png,processed/aligned/000155_20260227_023727/video.png,processed/aligned/000155_20260227_023727/overlay.png,0.09738100320100784,0.29228515625,0.0,processed/aligned/000155_20260227_023727/mask_80c.png,196622,0.600042724609375
000156_20260227_023728,exported,20260227_023728.tiff,2026-02-27 02:37:28,222.83333333333337,00:03:42.833,6685,raw/thermal/20260227_023728.tiff,processed/aligned/000156_20260227_023728/thermal.tiff,processed/aligned/000156_20260227_023728/thermal.png,processed/aligned/000156_20260227_023728/video.png,processed/aligned/000156_20260227_023728/overlay.png,0.09407171607017517,0.3453948974609375,0.0,processed/aligned/000156_20260227_023728/mask_80c.png,257270,0.785125732421875
000157_20260227_023729,exported,20260227_023729.tiff,2026-02-27 02:37:29,223.83333333333337,00:03:43.833,6715,raw/thermal/20260227_023729.tiff,processed/aligned/000157_20260227_023729/thermal.tiff,processed/aligned/000157_20260227_023729/thermal.png,processed/aligned/000157_20260227_023729/video.png,processed/aligned/000157_20260227_023729/overlay.png,0.10158514976501465,0.2961700439453125,0.0,processed/aligned/000157_20260227_023729/mask_80c.png,283385,0.8648223876953125
000158_20260227_023730,exported,20260227_023730.tiff,2026-02-27 02:37:30,224.83333333333337,00:03:44.833,6745,raw/thermal/20260227_023730.tiff,processed/aligned/000158_20260227_023730/thermal.tiff,processed/aligned/000158_20260227_023730/thermal.png,processed/aligned/000158_20260227_023730/video.png,processed/aligned/000158_20260227_023730/overlay.png,0.11339443176984787,0.336004638671875,0.0,processed/aligned/000158_20260227_023730/mask_80c.png,262592,0.8013671875
000159_20260227_023731,exported,20260227_023731.tiff,2026-02-27 02:37:31,225.83333333333337,00:03:45.833,6775,raw/thermal/20260227_023731.tiff,processed/aligned/000159_20260227_023731/thermal.tiff,processed/aligned/000159_20260227_023731/thermal.png,processed/aligned/000159_20260227_023731/video.png,processed/aligned/000159_20260227_023731/overlay.png,0.09950829297304153,0.20826416015625,0.0,processed/aligned/000159_20260227_023731/mask_80c.png,82834,0.252789306640625
000160_20260227_023732,exported,20260227_023732.tiff,2026-02-27 02:37:32,226.83333333333337,00:03:46.833,6805,raw/thermal/20260227_023732.tiff,processed/aligned/000160_20260227_023732/thermal.tiff,processed/aligned/000160_20260227_023732/thermal.png,processed/aligned/000160_20260227_023732/video.png,processed/aligned/000160_20260227_023732/overlay.png,0.10367914289236069,0.2261688232421875,0.0,processed/aligned/000160_20260227_023732/mask_80c.png,84467,0.2577728271484375
000161_20260227_023733,exported,20260227_023733.tiff,2026-02-27 02:37:33,227.83333333333337,00:03:47.833,6835,raw/thermal/20260227_023733.tiff,processed/aligned/000161_20260227_023733/thermal.tiff,processed/aligned/000161_20260227_023733/thermal.png,processed/aligned/000161_20260227_023733/video.png,processed/aligned/000161_20260227_023733/overlay.png,0.06710737943649292,0.2923492431640625,0.0,processed/aligned/000161_20260227_023733/mask_80c.png,98984,0.3020751953125
000162_20260227_023734,exported,20260227_023734.tiff,2026-02-27 02:37:34,228.83333333333337,00:03:48.833,6865,raw/thermal/20260227_023734.tiff,processed/aligned/000162_20260227_023734/thermal.tiff,processed/aligned/000162_20260227_023734/thermal.png,processed/aligned/000162_20260227_023734/video.png,processed/aligned/000162_20260227_023734/overlay.png,0.10974697768688202,0.312255859375,0.0,processed/aligned/000162_20260227_023734/mask_80c.png,126070,0.384735107421875
000163_20260227_023735,exported,20260227_023735.tiff,2026-02-27 02:37:35,229.83333333333337,00:03:49.833,6895,raw/thermal/20260227_023735.tiff,processed/aligned/000163_20260227_023735/thermal.tiff,processed/aligned/000163_20260227_023735/thermal.png,processed/aligned/000163_20260227_023735/video.png,processed/aligned/000163_20260227_023735/overlay.png,0.06871151924133301,0.3252288818359375,0.0,processed/aligned/000163_20260227_023735/mask_80c.png,128019,0.3906829833984375
000164_20260227_023736,exported,20260227_023736.tiff,2026-02-27 02:37:36,230.83333333333337,00:03:50.833,6925,raw/thermal/20260227_023736.tiff,processed/aligned/000164_20260227_023736/thermal.tiff,processed/aligned/000164_20260227_023736/thermal.png,processed/aligned/000164_20260227_023736/video.png,processed/aligned/000164_20260227_023736/overlay.png,0.08472681790590286,0.359716796875,7.62939453125e-05,processed/aligned/000164_20260227_023736/mask_80c.png,116784,0.356396484375
000165_20260227_023737,exported,20260227_023737.tiff,2026-02-27 02:37:37,231.83333333333337,00:03:51.833,6955,raw/thermal/20260227_023737.tiff,processed/aligned/000165_20260227_023737/thermal.tiff,processed/aligned/000165_20260227_023737/thermal.png,processed/aligned/000165_20260227_023737/video.png,processed/aligned/000165_20260227_023737/overlay.png,0.08963534235954285,0.3215545654296875,0.0,processed/aligned/000165_20260227_023737/mask_80c.png,127378,0.388726806640625
000166_20260227_023738,exported,20260227_023738.tiff,2026-02-27 02:37:38,232.83333333333337,00:03:52.833,6985,raw/thermal/20260227_023738.tiff,processed/aligned/000166_20260227_023738/thermal.tiff,processed/aligned/000166_20260227_023738/thermal.png,processed/aligned/000166_20260227_023738/video.png,processed/aligned/000166_20260227_023738/overlay.png,0.07376684993505478,0.30545654296875,0.0,processed/aligned/000166_20260227_023738/mask_80c.png,129271,0.3945037841796875
000167_20260227_023739,exported,20260227_023739.tiff,2026-02-27 02:37:39,233.83333333333337,00:03:53.833,7015,raw/thermal/20260227_023739.tiff,processed/aligned/000167_20260227_023739/thermal.tiff,processed/aligned/000167_20260227_023739/thermal.png,processed/aligned/000167_20260227_023739/video.png,processed/aligned/000167_20260227_023739/overlay.png,0.13979868590831757,0.3420440673828125,0.0,processed/aligned/000167_20260227_023739/mask_80c.png,169005,0.5157623291015625
000168_20260227_023740,exported,20260227_023740.tiff,2026-02-27 02:37:40,234.83333333333337,00:03:54.833,7045,raw/thermal/20260227_023740.tiff,processed/aligned/000168_20260227_023740/thermal.tiff,processed/aligned/000168_20260227_023740/thermal.png,processed/aligned/000168_20260227_023740/video.png,processed/aligned/000168_20260227_023740/overlay.png,0.13198615610599518,0.3403533935546875,0.0,processed/aligned/000168_20260227_023740/mask_80c.png,145247,0.4432586669921875
000169_20260227_023741,exported,20260227_023741.tiff,2026-02-27 02:37:41,235.83333333333337,00:03:55.833,7075,raw/thermal/20260227_023741.tiff,processed/aligned/000169_20260227_023741/thermal.tiff,processed/aligned/000169_20260227_023741/thermal.png,processed/aligned/000169_20260227_023741/video.png,processed/aligned/000169_20260227_023741/overlay.png,0.12658919394016266,0.27685546875,0.0,processed/aligned/000169_20260227_023741/mask_80c.png,167966,0.512591552734375
000170_20260227_023742,exported,20260227_023742.tiff,2026-02-27 02:37:42,236.83333333333337,00:03:56.833,7105,raw/thermal/20260227_023742.tiff,processed/aligned/000170_20260227_023742/thermal.tiff,processed/aligned/000170_20260227_023742/thermal.png,processed/aligned/000170_20260227_023742/video.png,processed/aligned/000170_20260227_023742/overlay.png,0.10743411630392075,0.3376708984375,0.0,processed/aligned/000170_20260227_023742/mask_80c.png,121618,0.371148681640625
000171_20260227_023743,exported,20260227_023743.tiff,2026-02-27 02:37:43,237.83333333333337,00:03:57.833,7135,raw/thermal/20260227_023743.tiff,processed/aligned/000171_20260227_023743/thermal.tiff,processed/aligned/000171_20260227_023743/thermal.png,processed/aligned/000171_20260227_023743/video.png,processed/aligned/000171_20260227_023743/overlay.png,0.12144213914871216,0.3107666015625,0.0,processed/aligned/000171_20260227_023743/mask_80c.png,138641,0.4230987548828125
000172_20260227_023744,exported,20260227_023744.tiff,2026-02-27 02:37:44,238.83333333333337,00:03:58.833,7165,raw/thermal/20260227_023744.tiff,processed/aligned/000172_20260227_023744/thermal.tiff,processed/aligned/000172_20260227_023744/thermal.png,processed/aligned/000172_20260227_023744/video.png,processed/aligned/000172_20260227_023744/overlay.png,0.11861373484134674,0.3358734130859375,0.0,processed/aligned/000172_20260227_023744/mask_80c.png,148185,0.4522247314453125
000173_20260227_023745,exported,20260227_023745.tiff,2026-02-27 02:37:45,239.83333333333337,00:03:59.833,7195,raw/thermal/20260227_023745.tiff,processed/aligned/000173_20260227_023745/thermal.tiff,processed/aligned/000173_20260227_023745/thermal.png,processed/aligned/000173_20260227_023745/video.png,processed/aligned/000173_20260227_023745/overlay.png,0.10012075304985046,0.260015869140625,0.0,processed/aligned/000173_20260227_023745/mask_80c.png,128716,0.39281005859375
000174_20260227_023746,exported,20260227_023746.tiff,2026-02-27 02:37:46,240.83333333333337,00:04:00.833,7225,raw/thermal/20260227_023746.tiff,processed/aligned/000174_20260227_023746/thermal.tiff,processed/aligned/000174_20260227_023746/thermal.png,processed/aligned/000174_20260227_023746/video.png,processed/aligned/000174_20260227_023746/overlay.png,0.084864541888237,0.2087799072265625,0.0,processed/aligned/000174_20260227_023746/mask_80c.png,48334,0.147503662109375
000175_20260227_023747,exported,20260227_023747.tiff,2026-02-27 02:37:47,241.83333333333337,00:04:01.833,7255,raw/thermal/20260227_023747.tiff,processed/aligned/000175_20260227_023747/thermal.tiff,processed/aligned/000175_20260227_023747/thermal.png,processed/aligned/000175_20260227_023747/video.png,processed/aligned/000175_20260227_023747/overlay.png,0.09462324529886246,0.2539154052734375,0.0,processed/aligned/000175_20260227_023747/mask_80c.png,101963,0.3111663818359375
000176_20260227_023748,exported,20260227_023748.tiff,2026-02-27 02:37:48,242.83333333333337,00:04:02.833,7285,raw/thermal/20260227_023748.tiff,processed/aligned/000176_20260227_023748/thermal.tiff,processed/aligned/000176_20260227_023748/thermal.png,processed/aligned/000176_20260227_023748/video.png,processed/aligned/000176_20260227_023748/overlay.png,0.0871184915304184,0.21163330078125,0.0,processed/aligned/000176_20260227_023748/mask_80c.png,126467,0.3859466552734375
000177_20260227_023749,exported,20260227_023749.tiff,2026-02-27 02:37:49,243.83333333333337,00:04:03.833,7315,raw/thermal/20260227_023749.tiff,processed/aligned/000177_20260227_023749/thermal.tiff,processed/aligned/000177_20260227_023749/thermal.png,processed/aligned/000177_20260227_023749/video.png,processed/aligned/000177_20260227_023749/overlay.png,0.09946194291114807,0.252813720703125,0.0,processed/aligned/000177_20260227_023749/mask_80c.png,141202,0.430914306640625
000178_20260227_023750,exported,20260227_023750.tiff,2026-02-27 02:37:50,244.83333333333337,00:04:04.833,7345,raw/thermal/20260227_023750.tiff,processed/aligned/000178_20260227_023750/thermal.tiff,processed/aligned/000178_20260227_023750/thermal.png,processed/aligned/000178_20260227_023750/video.png,processed/aligned/000178_20260227_023750/overlay.png,0.09438490867614746,0.23321533203125,0.0,processed/aligned/000178_20260227_023750/mask_80c.png,164511,0.5020477294921875
000179_20260227_023751,exported,20260227_023751.tiff,2026-02-27 02:37:51,245.83333333333337,00:04:05.833,7375,raw/thermal/20260227_023751.tiff,processed/aligned/000179_20260227_023751/thermal.tiff,processed/aligned/000179_20260227_023751/thermal.png,processed/aligned/000179_20260227_023751/video.png,processed/aligned/000179_20260227_023751/overlay.png,0.10701905190944672,0.2462158203125,0.024273681640625,processed/aligned/000179_20260227_023751/mask_80c.png,156098,0.476373291015625
000180_20260227_023752,exported,20260227_023752.tiff,2026-02-27 02:37:52,246.83333333333337,00:04:06.833,7405,raw/thermal/20260227_023752.tiff,processed/aligned/000180_20260227_023752/thermal.tiff,processed/aligned/000180_20260227_023752/thermal.png,processed/aligned/000180_20260227_023752/video.png,processed/aligned/000180_20260227_023752/overlay.png,0.11916937679052353,0.1682342529296875,0.0,processed/aligned/000180_20260227_023752/mask_80c.png,131631,0.4017059326171875
000181_20260227_023753,exported,20260227_023753.tiff,2026-02-27 02:37:53,247.83333333333337,00:04:07.833,7435,raw/thermal/20260227_023753.tiff,processed/aligned/000181_20260227_023753/thermal.tiff,processed/aligned/000181_20260227_023753/thermal.png,processed/aligned/000181_20260227_023753/video.png,processed/aligned/000181_20260227_023753/overlay.png,0.13177668070420623,0.2277587890625,5.4931640625e-05,processed/aligned/000181_20260227_023753/mask_80c.png,173789,0.5303619384765625
000182_20260227_023754,exported,20260227_023754.tiff,2026-02-27 02:37:54,248.83333333333337,00:04:08.833,7465,raw/thermal/20260227_023754.tiff,processed/aligned/000182_20260227_023754/thermal.tiff,processed/aligned/000182_20260227_023754/thermal.png,processed/aligned/000182_20260227_023754/video.png,processed/aligned/000182_20260227_023754/overlay.png,0.2691543474793434,0.1602386474609375,0.1397003173828125,processed/aligned/000182_20260227_023754/mask_80c.png,240598,0.734246826171875
000183_20260227_023755,exported,20260227_023755.tiff,2026-02-27 02:37:55,249.83333333333337,00:04:09.833,7495,raw/thermal/20260227_023755.tiff,processed/aligned/000183_20260227_023755/thermal.tiff,processed/aligned/000183_20260227_023755/thermal.png,processed/aligned/000183_20260227_023755/video.png,processed/aligned/000183_20260227_023755/overlay.png,0.22851641476154327,0.229541015625,0.044171142578125,processed/aligned/000183_20260227_023755/mask_80c.png,303548,0.92635498046875
000184_20260227_023756,exported,20260227_023756.tiff,2026-02-27 02:37:56,250.83333333333337,00:04:10.833,7525,raw/thermal/20260227_023756.tiff,processed/aligned/000184_20260227_023756/thermal.tiff,processed/aligned/000184_20260227_023756/thermal.png,processed/aligned/000184_20260227_023756/video.png,processed/aligned/000184_20260227_023756/overlay.png,0.1463680574670434,0.2095245361328125,0.0112091064453125,processed/aligned/000184_20260227_023756/mask_80c.png,256855,0.7838592529296875
000185_20260227_023757,exported,20260227_023757.tiff,2026-02-27 02:37:57,251.83333333333337,00:04:11.833,7555,raw/thermal/20260227_023757.tiff,processed/aligned/000185_20260227_023757/thermal.tiff,processed/aligned/000185_20260227_023757/thermal.png,processed/aligned/000185_20260227_023757/video.png,processed/aligned/000185_20260227_023757/overlay.png,0.09284035488963127,0.2263275146484375,0.022833251953125,processed/aligned/000185_20260227_023757/mask_80c.png,267885,0.8175201416015625
000186_20260227_023758,exported,20260227_023758.tiff,2026-02-27 02:37:58,252.83333333333337,00:04:12.833,7585,raw/thermal/20260227_023758.tiff,processed/aligned/000186_20260227_023758/thermal.tiff,processed/aligned/000186_20260227_023758/thermal.png,processed/aligned/000186_20260227_023758/video.png,processed/aligned/000186_20260227_023758/overlay.png,0.10198596678674221,0.171124267578125,0.062994384765625,processed/aligned/000186_20260227_023758/mask_80c.png,290652,0.88699951171875
000187_20260227_023759,exported,20260227_023759.tiff,2026-02-27 02:37:59,253.83333333333337,00:04:13.833,7615,raw/thermal/20260227_023759.tiff,processed/aligned/000187_20260227_023759/thermal.tiff,processed/aligned/000187_20260227_023759/thermal.png,processed/aligned/000187_20260227_023759/video.png,processed/aligned/000187_20260227_023759/overlay.png,0.18940633535385132,0.215771484375,0.072869873046875,processed/aligned/000187_20260227_023759/mask_80c.png,241781,0.7378570556640625
000188_20260227_023800,exported,20260227_023800.tiff,2026-02-27 02:38:00,254.83333333333337,00:04:14.833,7645,raw/thermal/20260227_023800.tiff,processed/aligned/000188_20260227_023800/thermal.tiff,processed/aligned/000188_20260227_023800/thermal.png,processed/aligned/000188_20260227_023800/video.png,processed/aligned/000188_20260227_023800/overlay.png,0.17395047470927238,0.2320892333984375,0.0944854736328125,processed/aligned/000188_20260227_023800/mask_80c.png,227992,0.6957763671875
000189_20260227_023801,exported,20260227_023801.tiff,2026-02-27 02:38:01,255.83333333333337,00:04:15.833,7675,raw/thermal/20260227_023801.tiff,processed/aligned/000189_20260227_023801/thermal.tiff,processed/aligned/000189_20260227_023801/thermal.png,processed/aligned/000189_20260227_023801/video.png,processed/aligned/000189_20260227_023801/overlay.png,0.20962147787213326,0.270660400390625,0.12294921875,processed/aligned/000189_20260227_023801/mask_80c.png,266619,0.8136566162109375
000190_20260227_023802,exported,20260227_023802.tiff,2026-02-27 02:38:02,256.83333333333337,00:04:16.833,7705,raw/thermal/20260227_023802.tiff,processed/aligned/000190_20260227_023802/thermal.tiff,processed/aligned/000190_20260227_023802/thermal.png,processed/aligned/000190_20260227_023802/video.png,processed/aligned/000190_20260227_023802/overlay.png,0.2810468152165413,0.2550628662109375,0.1842315673828125,processed/aligned/000190_20260227_023802/mask_80c.png,263417,0.8038848876953125
000191_20260227_023803,exported,20260227_023803.tiff,2026-02-27 02:38:03,257.83333333333337,00:04:17.833,7735,raw/thermal/20260227_023803.tiff,processed/aligned/000191_20260227_023803/thermal.tiff,processed/aligned/000191_20260227_023803/thermal.png,processed/aligned/000191_20260227_023803/video.png,processed/aligned/000191_20260227_023803/overlay.png,0.3130280077457428,0.2161346435546875,0.3123077392578125,processed/aligned/000191_20260227_023803/mask_80c.png,261488,0.797998046875
000192_20260227_023804,exported,20260227_023804.tiff,2026-02-27 02:38:04,258.83333333333337,00:04:18.833,7765,raw/thermal/20260227_023804.tiff,processed/aligned/000192_20260227_023804/thermal.tiff,processed/aligned/000192_20260227_023804/thermal.png,processed/aligned/000192_20260227_023804/video.png,processed/aligned/000192_20260227_023804/overlay.png,0.36562860757112503,0.2318267822265625,0.415667724609375,processed/aligned/000192_20260227_023804/mask_80c.png,234637,0.7160552978515625
000193_20260227_023805,exported,20260227_023805.tiff,2026-02-27 02:38:05,259.83333333333337,00:04:19.833,7795,raw/thermal/20260227_023805.tiff,processed/aligned/000193_20260227_023805/thermal.tiff,processed/aligned/000193_20260227_023805/thermal.png,processed/aligned/000193_20260227_023805/video.png,processed/aligned/000193_20260227_023805/overlay.png,0.4414920434355736,0.2704559326171875,0.5305328369140625,processed/aligned/000193_20260227_023805/mask_80c.png,231317,0.7059234619140625
000194_20260227_023806,exported,20260227_023806.tiff,2026-02-27 02:38:06,260.83333333333337,00:04:20.833,7825,raw/thermal/20260227_023806.tiff,processed/aligned/000194_20260227_023806/thermal.tiff,processed/aligned/000194_20260227_023806/thermal.png,processed/aligned/000194_20260227_023806/video.png,processed/aligned/000194_20260227_023806/overlay.png,0.4348635822534561,0.2486053466796875,0.5706298828125,processed/aligned/000194_20260227_023806/mask_80c.png,232698,0.710137939453125
000195_20260227_023807,exported,20260227_023807.tiff,2026-02-27 02:38:07,261.83333333333337,00:04:21.833,7855,raw/thermal/20260227_023807.tiff,processed/aligned/000195_20260227_023807/thermal.tiff,processed/aligned/000195_20260227_023807/thermal.png,processed/aligned/000195_20260227_023807/video.png,processed/aligned/000195_20260227_023807/overlay.png,0.45730845630168915,0.267864990234375,0.588580322265625,processed/aligned/000195_20260227_023807/mask_80c.png,202809,0.6189239501953125
000196_20260227_023808,exported,20260227_023808.tiff,2026-02-27 02:38:08,262.83333333333337,00:04:22.833,7885,raw/thermal/20260227_023808.tiff,processed/aligned/000196_20260227_023808/thermal.tiff,processed/aligned/000196_20260227_023808/thermal.png,processed/aligned/000196_20260227_023808/video.png,processed/aligned/000196_20260227_023808/overlay.png,0.42580392211675644,0.25556640625,0.59661865234375,processed/aligned/000196_20260227_023808/mask_80c.png,162929,0.4972198486328125
000197_20260227_023809,exported,20260227_023809.tiff,2026-02-27 02:38:09,263.83333333333337,00:04:23.833,7915,raw/thermal/20260227_023809.tiff,processed/aligned/000197_20260227_023809/thermal.tiff,processed/aligned/000197_20260227_023809/thermal.png,processed/aligned/000197_20260227_023809/video.png,processed/aligned/000197_20260227_023809/overlay.png,0.3929184749722481,0.2449066162109375,0.641357421875,processed/aligned/000197_20260227_023809/mask_80c.png,119276,0.36400146484375
000198_20260227_023810,exported,20260227_023810.tiff,2026-02-27 02:38:10,264.83333333333337,00:04:24.833,7945,raw/thermal/20260227_023810.tiff,processed/aligned/000198_20260227_023810/thermal.tiff,processed/aligned/000198_20260227_023810/thermal.png,processed/aligned/000198_20260227_023810/video.png,processed/aligned/000198_20260227_023810/overlay.png,0.39630620181560516,0.2281158447265625,0.67923583984375,processed/aligned/000198_20260227_023810/mask_80c.png,88184,0.2691162109375
000199_20260227_023811,exported,20260227_023811.tiff,2026-02-27 02:38:11,265.83333333333337,00:04:25.833,7975,raw/thermal/20260227_023811.tiff,processed/aligned/000199_20260227_023811/thermal.tiff,processed/aligned/000199_20260227_023811/thermal.png,processed/aligned/000199_20260227_023811/video.png,processed/aligned/000199_20260227_023811/overlay.png,0.44168571382761,0.266778564453125,0.70838623046875,processed/aligned/000199_20260227_023811/mask_80c.png,73296,0.223681640625
000200_20260227_023812,exported,20260227_023812.tiff,2026-02-27 02:38:12,266.83333333333337,00:04:26.833,8005,raw/thermal/20260227_023812.tiff,processed/aligned/000200_20260227_023812/thermal.tiff,processed/aligned/000200_20260227_023812/thermal.png,processed/aligned/000200_20260227_023812/video.png,processed/aligned/000200_20260227_023812/overlay.png,0.4598076418042183,0.29715576171875,0.706536865234375,processed/aligned/000200_20260227_023812/mask_80c.png,52784,0.161083984375
000201_20260227_023813,exported,20260227_023813.tiff,2026-02-27 02:38:13,267.83333333333337,00:04:27.833,8035,raw/thermal/20260227_023813.tiff,processed/aligned/000201_20260227_023813/thermal.tiff,processed/aligned/000201_20260227_023813/thermal.png,processed/aligned/000201_20260227_023813/video.png,processed/aligned/000201_20260227_023813/overlay.png,0.4492856115102768,0.284930419921875,0.67781982421875,processed/aligned/000201_20260227_023813/mask_80c.png,47238,0.144158935546875
000202_20260227_023814,exported,20260227_023814.tiff,2026-02-27 02:38:14,268.83333333333337,00:04:28.833,8065,raw/thermal/20260227_023814.tiff,processed/aligned/000202_20260227_023814/thermal.tiff,processed/aligned/000202_20260227_023814/thermal.png,processed/aligned/000202_20260227_023814/video.png,processed/aligned/000202_20260227_023814/overlay.png,0.4567088335752487,0.29185791015625,0.671771240234375,processed/aligned/000202_20260227_023814/mask_80c.png,49584,0.151318359375
000203_20260227_023815,exported,20260227_023815.tiff,2026-02-27 02:38:15,269.83333333333337,00:04:29.833,8095,raw/thermal/20260227_023815.tiff,processed/aligned/000203_20260227_023815/thermal.tiff,processed/aligned/000203_20260227_023815/thermal.png,processed/aligned/000203_20260227_023815/video.png,processed/aligned/000203_20260227_023815/overlay.png,0.42585834115743637,0.2511627197265625,0.654559326171875,processed/aligned/000203_20260227_023815/mask_80c.png,42594,0.129986572265625
000204_20260227_023816,exported,20260227_023816.tiff,2026-02-27 02:38:16,270.83333333333337,00:04:30.833,8125,raw/thermal/20260227_023816.tiff,processed/aligned/000204_20260227_023816/thermal.tiff,processed/aligned/000204_20260227_023816/thermal.png,processed/aligned/000204_20260227_023816/video.png,processed/aligned/000204_20260227_023816/overlay.png,0.40732889622449875,0.2207000732421875,0.6787506103515625,processed/aligned/000204_20260227_023816/mask_80c.png,38579,0.1177337646484375
000205_20260227_023817,exported,20260227_023817.tiff,2026-02-27 02:38:17,271.83333333333337,00:04:31.833,8155,raw/thermal/20260227_023817.tiff,processed/aligned/000205_20260227_023817/thermal.tiff,processed/aligned/000205_20260227_023817/thermal.png,processed/aligned/000205_20260227_023817/video.png,processed/aligned/000205_20260227_023817/overlay.png,0.46394970268011093,0.2867401123046875,0.69248046875,processed/aligned/000205_20260227_023817/mask_80c.png,43539,0.1328704833984375
000206_20260227_023818,exported,20260227_023818.tiff,2026-02-27 02:38:18,272.83333333333337,00:04:32.833,8185,raw/thermal/20260227_023818.tiff,processed/aligned/000206_20260227_023818/thermal.tiff,processed/aligned/000206_20260227_023818/thermal.png,processed/aligned/000206_20260227_023818/video.png,processed/aligned/000206_20260227_023818/overlay.png,0.4213215187191963,0.20701904296875,0.727935791015625,processed/aligned/000206_20260227_023818/mask_80c.png,28566,0.087176513671875
000207_20260227_023819,exported,20260227_023819.tiff,2026-02-27 02:38:19,273.83333333333337,00:04:33.833,8215,raw/thermal/20260227_023819.tiff,processed/aligned/000207_20260227_023819/thermal.tiff,processed/aligned/000207_20260227_023819/thermal.png,processed/aligned/000207_20260227_023819/video.png,processed/aligned/000207_20260227_023819/overlay.png,0.44223014265298843,0.2118988037109375,0.6797698974609375,processed/aligned/000207_20260227_023819/mask_80c.png,318,0.000970458984375
000208_20260227_023820,exported,20260227_023820.tiff,2026-02-27 02:38:20,274.83333333333337,00:04:34.833,8245,raw/thermal/20260227_023820.tiff,processed/aligned/000208_20260227_023820/thermal.tiff,processed/aligned/000208_20260227_023820/thermal.png,processed/aligned/000208_20260227_023820/video.png,processed/aligned/000208_20260227_023820/overlay.png,0.40630268305540085,0.1675445556640625,0.6530670166015625,processed/aligned/000208_20260227_023820/mask_80c.png,0,0.0
000209_20260227_023821,exported,20260227_023821.tiff,2026-02-27 02:38:21,275.83333333333337,00:04:35.833,8275,raw/thermal/20260227_023821.tiff,processed/aligned/000209_20260227_023821/thermal.tiff,processed/aligned/000209_20260227_023821/thermal.png,processed/aligned/000209_20260227_023821/video.png,processed/aligned/000209_20260227_023821/overlay.png,0.46823808550834656,0.25047607421875,0.678814697265625,processed/aligned/000209_20260227_023821/mask_80c.png,0,0.0
000210_20260227_023822,exported,20260227_023822.tiff,2026-02-27 02:38:22,276.83333333333337,00:04:36.833,8305,raw/thermal/20260227_023822.tiff,processed/aligned/000210_20260227_023822/thermal.tiff,processed/aligned/000210_20260227_023822/thermal.png,processed/aligned/000210_20260227_023822/video.png,processed/aligned/000210_20260227_023822/overlay.png,0.45097673684358597,0.2154754638671875,0.689404296875,processed/aligned/000210_20260227_023822/mask_80c.png,0,0.0
000211_20260227_023823,exported,20260227_023823.tiff,2026-02-27 02:38:23,277.83333333333337,00:04:37.833,8335,raw/thermal/20260227_023823.tiff,processed/aligned/000211_20260227_023823/thermal.tiff,processed/aligned/000211_20260227_023823/thermal.png,processed/aligned/000211_20260227_023823/video.png,processed/aligned/000211_20260227_023823/overlay.png,0.4698977395892143,0.2454254150390625,0.6819549560546875,processed/aligned/000211_20260227_023823/mask_80c.png,0,0.0
000212_20260227_023824,exported,20260227_023824.tiff,2026-02-27 02:38:24,278.83333333333337,00:04:38.833,8365,raw/thermal/20260227_023824.tiff,processed/aligned/000212_20260227_023824/thermal.tiff,processed/aligned/000212_20260227_023824/thermal.png,processed/aligned/000212_20260227_023824/video.png,processed/aligned/000212_20260227_023824/overlay.png,0.4826626032590866,0.2728179931640625,0.675396728515625,processed/aligned/000212_20260227_023824/mask_80c.png,0,0.0
000213_20260227_023825,exported,20260227_023825.tiff,2026-02-27 02:38:25,279.83333333333337,00:04:39.833,8395,raw/thermal/20260227_023825.tiff,processed/aligned/000213_20260227_023825/thermal.tiff,processed/aligned/000213_20260227_023825/thermal.png,processed/aligned/000213_20260227_023825/video.png,processed/aligned/000213_20260227_023825/overlay.png,0.4193943962454796,0.17396240234375,0.6803436279296875,processed/aligned/000213_20260227_023825/mask_80c.png,0,0.0
000214_20260227_023826,exported,20260227_023826.tiff,2026-02-27 02:38:26,280.83333333333337,00:04:40.833,8425,raw/thermal/20260227_023826.tiff,processed/aligned/000214_20260227_023826/thermal.tiff,processed/aligned/000214_20260227_023826/thermal.png,processed/aligned/000214_20260227_023826/video.png,processed/aligned/000214_20260227_023826/overlay.png,0.434785358607769,0.21209716796875,0.6750701904296875,processed/aligned/000214_20260227_023826/mask_80c.png,0,0.0
000215_20260227_023827,exported,20260227_023827.tiff,2026-02-27 02:38:27,281.83333333333337,00:04:41.833,8455,raw/thermal/20260227_023827.tiff,processed/aligned/000215_20260227_023827/thermal.tiff,processed/aligned/000215_20260227_023827/thermal.png,processed/aligned/000215_20260227_023827/video.png,processed/aligned/000215_20260227_023827/overlay.png,0.4778226241469383,0.269842529296875,0.659722900390625,processed/aligned/000215_20260227_023827/mask_80c.png,0,0.0
000216_20260227_023828,exported,20260227_023828.tiff,2026-02-27 02:38:28,282.83333333333337,00:04:42.833,8485,raw/thermal/20260227_023828.tiff,processed/aligned/000216_20260227_023828/thermal.tiff,processed/aligned/000216_20260227_023828/thermal.png,processed/aligned/000216_20260227_023828/video.png,processed/aligned/000216_20260227_023828/overlay.png,0.47080449759960175,0.281951904296875,0.6337188720703125,processed/aligned/000216_20260227_023828/mask_80c.png,0,0.0
000217_20260227_023829,exported,20260227_023829.tiff,2026-02-27 02:38:29,283.83333333333337,00:04:43.833,8515,raw/thermal/20260227_023829.tiff,processed/aligned/000217_20260227_023829/thermal.tiff,processed/aligned/000217_20260227_023829/thermal.png,processed/aligned/000217_20260227_023829/video.png,processed/aligned/000217_20260227_023829/overlay.png,0.4780179038643837,0.277484130859375,0.6527557373046875,processed/aligned/000217_20260227_023829/mask_80c.png,0,0.0
000218_20260227_023830,exported,20260227_023830.tiff,2026-02-27 02:38:30,284.83333333333337,00:04:44.833,8545,raw/thermal/20260227_023830.tiff,processed/aligned/000218_20260227_023830/thermal.tiff,processed/aligned/000218_20260227_023830/thermal.png,processed/aligned/000218_20260227_023830/video.png,processed/aligned/000218_20260227_023830/overlay.png,0.46891067922115326,0.2656646728515625,0.6689300537109375,processed/aligned/000218_20260227_023830/mask_80c.png,0,0.0
000219_20260227_023831,exported,20260227_023831.tiff,2026-02-27 02:38:31,285.83333333333337,00:04:45.833,8575,raw/thermal/20260227_023831.tiff,processed/aligned/000219_20260227_023831/thermal.tiff,processed/aligned/000219_20260227_023831/thermal.png,processed/aligned/000219_20260227_023831/video.png,processed/aligned/000219_20260227_023831/overlay.png,0.4429812580347061,0.229339599609375,0.6641021728515625,processed/aligned/000219_20260227_023831/mask_80c.png,0,0.0
000220_20260227_023832,exported,20260227_023832.tiff,2026-02-27 02:38:32,286.83333333333337,00:04:46.833,8605,raw/thermal/20260227_023832.tiff,processed/aligned/000220_20260227_023832/thermal.tiff,processed/aligned/000220_20260227_023832/thermal.png,processed/aligned/000220_20260227_023832/video.png,processed/aligned/000220_20260227_023832/overlay.png,0.47432561218738556,0.2709625244140625,0.6757781982421875,processed/aligned/000220_20260227_023832/mask_80c.png,0,0.0
000221_20260227_023833,exported,20260227_023833.tiff,2026-02-27 02:38:33,287.83333333333337,00:04:47.833,8635,raw/thermal/20260227_023833.tiff,processed/aligned/000221_20260227_023833/thermal.tiff,processed/aligned/000221_20260227_023833/thermal.png,processed/aligned/000221_20260227_023833/video.png,processed/aligned/000221_20260227_023833/overlay.png,0.4717350974678993,0.251177978515625,0.680755615234375,processed/aligned/000221_20260227_023833/mask_80c.png,0,0.0
000222_20260227_023834,exported,20260227_023834.tiff,2026-02-27 02:38:34,288.83333333333337,00:04:48.833,8665,raw/thermal/20260227_023834.tiff,processed/aligned/000222_20260227_023834/thermal.tiff,processed/aligned/000222_20260227_023834/thermal.png,processed/aligned/000222_20260227_023834/video.png,processed/aligned/000222_20260227_023834/overlay.png,0.48603009432554245,0.298199462890625,0.691143798828125,processed/aligned/000222_20260227_023834/mask_80c.png,16934,0.051678466796875
000223_20260227_023835,exported,20260227_023835.tiff,2026-02-27 02:38:35,289.83333333333337,00:04:49.833,8695,raw/thermal/20260227_023835.tiff,processed/aligned/000223_20260227_023835/thermal.tiff,processed/aligned/000223_20260227_023835/thermal.png,processed/aligned/000223_20260227_023835/video.png,processed/aligned/000223_20260227_023835/overlay.png,0.491557814180851,0.3645721435546875,0.6633819580078125,processed/aligned/000223_20260227_023835/mask_80c.png,39271,0.1198455810546875
000224_20260227_023836,exported,20260227_023836.tiff,2026-02-27 02:38:36,290.83333333333337,00:04:50.833,8725,raw/thermal/20260227_023836.tiff,processed/aligned/000224_20260227_023836/thermal.tiff,processed/aligned/000224_20260227_023836/thermal.png,processed/aligned/000224_20260227_023836/video.png,processed/aligned/000224_20260227_023836/overlay.png,0.44313064962625504,0.3089935302734375,0.6318389892578125,processed/aligned/000224_20260227_023836/mask_80c.png,66529,0.2030303955078125
000225_20260227_023837,exported,20260227_023837.tiff,2026-02-27 02:38:37,291.83333333333337,00:04:51.833,8755,raw/thermal/20260227_023837.tiff,processed/aligned/000225_20260227_023837/thermal.tiff,processed/aligned/000225_20260227_023837/thermal.png,processed/aligned/000225_20260227_023837/video.png,processed/aligned/000225_20260227_023837/overlay.png,0.4065531939268112,0.293994140625,0.60399169921875,processed/aligned/000225_20260227_023837/mask_80c.png,44623,0.1361785888671875
000226_20260227_023838,exported,20260227_023838.tiff,2026-02-27 02:38:38,292.83333333333337,00:04:52.833,8785,raw/thermal/20260227_023838.tiff,processed/aligned/000226_20260227_023838/thermal.tiff,processed/aligned/000226_20260227_023838/thermal.png,processed/aligned/000226_20260227_023838/video.png,processed/aligned/000226_20260227_023838/overlay.png,0.4540017321705818,0.31278076171875,0.6606201171875,processed/aligned/000226_20260227_023838/mask_80c.png,33137,0.1011260986328125
000227_20260227_023839,exported,20260227_023839.tiff,2026-02-27 02:38:39,293.83333333333337,00:04:53.833,8815,raw/thermal/20260227_023839.tiff,processed/aligned/000227_20260227_023839/thermal.tiff,processed/aligned/000227_20260227_023839/thermal.png,processed/aligned/000227_20260227_023839/video.png,processed/aligned/000227_20260227_023839/overlay.png,0.44424165040254593,0.2925048828125,0.670703125,processed/aligned/000227_20260227_023839/mask_80c.png,36607,0.1117156982421875
000228_20260227_023840,exported,20260227_023840.tiff,2026-02-27 02:38:40,294.83333333333337,00:04:54.833,8845,raw/thermal/20260227_023840.tiff,processed/aligned/000228_20260227_023840/thermal.tiff,processed/aligned/000228_20260227_023840/thermal.png,processed/aligned/000228_20260227_023840/video.png,processed/aligned/000228_20260227_023840/overlay.png,0.4137812778353691,0.24605712890625,0.66519775390625,processed/aligned/000228_20260227_023840/mask_80c.png,40053,0.1222320556640625
000229_20260227_023841,exported,20260227_023841.tiff,2026-02-27 02:38:41,295.83333333333337,00:04:55.833,8875,raw/thermal/20260227_023841.tiff,processed/aligned/000229_20260227_023841/thermal.tiff,processed/aligned/000229_20260227_023841/thermal.png,processed/aligned/000229_20260227_023841/video.png,processed/aligned/000229_20260227_023841/overlay.png,0.4166937470436096,0.258123779296875,0.6549957275390625,processed/aligned/000229_20260227_023841/mask_80c.png,18401,0.0561553955078125
000230_20260227_023842,exported,20260227_023842.tiff,2026-02-27 02:38:42,296.83333333333337,00:04:56.833,8905,raw/thermal/20260227_023842.tiff,processed/aligned/000230_20260227_023842/thermal.tiff,processed/aligned/000230_20260227_023842/thermal.png,processed/aligned/000230_20260227_023842/video.png,processed/aligned/000230_20260227_023842/overlay.png,0.4764650762081146,0.292138671875,0.7210540771484375,processed/aligned/000230_20260227_023842/mask_80c.png,14614,0.044598388671875
000231_20260227_023843,exported,20260227_023843.tiff,2026-02-27 02:38:43,297.83333333333337,00:04:57.833,8935,raw/thermal/20260227_023843.tiff,processed/aligned/000231_20260227_023843/thermal.tiff,processed/aligned/000231_20260227_023843/thermal.png,processed/aligned/000231_20260227_023843/video.png,processed/aligned/000231_20260227_023843/overlay.png,0.470298171043396,0.2760589599609375,0.7272186279296875,processed/aligned/000231_20260227_023843/mask_80c.png,12979,0.0396087646484375
000232_20260227_023844,exported,20260227_023844.tiff,2026-02-27 02:38:44,298.83333333333337,00:04:58.833,8965,raw/thermal/20260227_023844.tiff,processed/aligned/000232_20260227_023844/thermal.tiff,processed/aligned/000232_20260227_023844/thermal.png,processed/aligned/000232_20260227_023844/video.png,processed/aligned/000232_20260227_023844/overlay.png,0.4408074915409088,0.244903564453125,0.7154205322265625,processed/aligned/000232_20260227_023844/mask_80c.png,23093,0.0704742431640625
000233_20260227_023845,exported,20260227_023845.tiff,2026-02-27 02:38:45,299.83333333333337,00:04:59.833,8995,raw/thermal/20260227_023845.tiff,processed/aligned/000233_20260227_023845/thermal.tiff,processed/aligned/000233_20260227_023845/thermal.png,processed/aligned/000233_20260227_023845/video.png,processed/aligned/000233_20260227_023845/overlay.png,0.39368876814842224,0.2488067626953125,0.6548919677734375,processed/aligned/000233_20260227_023845/mask_80c.png,67833,0.2070098876953125
000234_20260227_023846,exported,20260227_023846.tiff,2026-02-27 02:38:46,300.83333333333337,00:05:00.833,9025,raw/thermal/20260227_023846.tiff,processed/aligned/000234_20260227_023846/thermal.tiff,processed/aligned/000234_20260227_023846/thermal.png,processed/aligned/000234_20260227_023846/video.png,processed/aligned/000234_20260227_023846/overlay.png,0.3661162778735161,0.263629150390625,0.54052734375,processed/aligned/000234_20260227_023846/mask_80c.png,105739,0.3226898193359375
000235_20260227_023847,exported,20260227_023847.tiff,2026-02-27 02:38:47,301.83333333333337,00:05:01.833,9055,raw/thermal/20260227_023847.tiff,processed/aligned/000235_20260227_023847/thermal.tiff,processed/aligned/000235_20260227_023847/thermal.png,processed/aligned/000235_20260227_023847/video.png,processed/aligned/000235_20260227_023847/overlay.png,0.3745150491595268,0.255914306640625,0.5205322265625,processed/aligned/000235_20260227_023847/mask_80c.png,130687,0.3988250732421875
000236_20260227_023848,exported,20260227_023848.tiff,2026-02-27 02:38:48,302.83333333333337,00:05:02.833,9085,raw/thermal/20260227_023848.tiff,processed/aligned/000236_20260227_023848/thermal.tiff,processed/aligned/000236_20260227_023848/thermal.png,processed/aligned/000236_20260227_023848/video.png,processed/aligned/000236_20260227_023848/overlay.png,0.42460842430591583,0.309075927734375,0.479583740234375,processed/aligned/000236_20260227_023848/mask_80c.png,127647,0.3895477294921875
000237_20260227_023849,exported,20260227_023849.tiff,2026-02-27 02:38:49,303.83333333333337,00:05:03.833,9115,raw/thermal/20260227_023849.tiff,processed/aligned/000237_20260227_023849/thermal.tiff,processed/aligned/000237_20260227_023849/thermal.png,processed/aligned/000237_20260227_023849/video.png,processed/aligned/000237_20260227_023849/overlay.png,0.4469190537929535,0.279510498046875,0.452545166015625,processed/aligned/000237_20260227_023849/mask_80c.png,132551,0.4045135498046875
000238_20260227_023850,exported,20260227_023850.tiff,2026-02-27 02:38:50,304.83333333333337,00:05:04.833,9145,raw/thermal/20260227_023850.tiff,processed/aligned/000238_20260227_023850/thermal.tiff,processed/aligned/000238_20260227_023850/thermal.png,processed/aligned/000238_20260227_023850/video.png,processed/aligned/000238_20260227_023850/overlay.png,0.3976100757718086,0.295281982421875,0.32523193359375,processed/aligned/000238_20260227_023850/mask_80c.png,140324,0.42823486328125
000239_20260227_023851,exported,20260227_023851.tiff,2026-02-27 02:38:51,305.83333333333337,00:05:05.833,9175,raw/thermal/20260227_023851.tiff,processed/aligned/000239_20260227_023851/thermal.tiff,processed/aligned/000239_20260227_023851/thermal.png,processed/aligned/000239_20260227_023851/video.png,processed/aligned/000239_20260227_023851/overlay.png,0.3151290565729141,0.286932373046875,0.227337646484375,processed/aligned/000239_20260227_023851/mask_80c.png,157298,0.480035400390625
000240_20260227_023852,exported,20260227_023852.tiff,2026-02-27 02:38:52,306.83333333333337,00:05:06.833,9205,raw/thermal/20260227_023852.tiff,processed/aligned/000240_20260227_023852/thermal.tiff,processed/aligned/000240_20260227_023852/thermal.png,processed/aligned/000240_20260227_023852/video.png,processed/aligned/000240_20260227_023852/overlay.png,0.26578469946980476,0.30531005859375,0.134686279296875,processed/aligned/000240_20260227_023852/mask_80c.png,177785,0.5425567626953125
000241_20260227_023853,exported,20260227_023853.tiff,2026-02-27 02:38:53,307.83333333333337,00:05:07.833,9235,raw/thermal/20260227_023853.tiff,processed/aligned/000241_20260227_023853/thermal.tiff,processed/aligned/000241_20260227_023853/thermal.png,processed/aligned/000241_20260227_023853/video.png,processed/aligned/000241_20260227_023853/overlay.png,0.1998186782002449,0.355670166015625,0.0774627685546875,processed/aligned/000241_20260227_023853/mask_80c.png,187154,0.571148681640625
000242_20260227_023854,exported,20260227_023854.tiff,2026-02-27 02:38:54,308.83333333333337,00:05:08.833,9265,raw/thermal/20260227_023854.tiff,processed/aligned/000242_20260227_023854/thermal.tiff,processed/aligned/000242_20260227_023854/thermal.png,processed/aligned/000242_20260227_023854/video.png,processed/aligned/000242_20260227_023854/overlay.png,0.16649183817207813,0.372467041015625,0.0394866943359375,processed/aligned/000242_20260227_023854/mask_80c.png,185245,0.5653228759765625
000243_20260227_023855,exported,20260227_023855.tiff,2026-02-27 02:38:55,309.83333333333337,00:05:09.833,9295,raw/thermal/20260227_023855.tiff,processed/aligned/000243_20260227_023855/thermal.tiff,processed/aligned/000243_20260227_023855/thermal.png,processed/aligned/000243_20260227_023855/video.png,processed/aligned/000243_20260227_023855/overlay.png,0.14486198825761676,0.3717041015625,0.0064422607421875,processed/aligned/000243_20260227_023855/mask_80c.png,195448,0.5964599609375
000244_20260227_023856,exported,20260227_023856.tiff,2026-02-27 02:38:56,310.83333333333337,00:05:10.833,9325,raw/thermal/20260227_023856.tiff,processed/aligned/000244_20260227_023856/thermal.tiff,processed/aligned/000244_20260227_023856/thermal.png,processed/aligned/000244_20260227_023856/video.png,processed/aligned/000244_20260227_023856/overlay.png,0.15233513712882996,0.3367462158203125,0.0,processed/aligned/000244_20260227_023856/mask_80c.png,204096,0.6228515625
000245_20260227_023857,exported,20260227_023857.tiff,2026-02-27 02:38:57,311.83333333333337,00:05:11.833,9355,raw/thermal/20260227_023857.tiff,processed/aligned/000245_20260227_023857/thermal.tiff,processed/aligned/000245_20260227_023857/thermal.png,processed/aligned/000245_20260227_023857/video.png,processed/aligned/000245_20260227_023857/overlay.png,0.14876924455165863,0.3349639892578125,0.0,processed/aligned/000245_20260227_023857/mask_80c.png,225727,0.6888641357421875
000246_20260227_023858,exported,20260227_023858.tiff,2026-02-27 02:38:58,312.83333333333337,00:05:12.833,9385,raw/thermal/20260227_023858.tiff,processed/aligned/000246_20260227_023858/thermal.tiff,processed/aligned/000246_20260227_023858/thermal.png,processed/aligned/000246_20260227_023858/video.png,processed/aligned/000246_20260227_023858/overlay.png,0.14080439507961273,0.3413482666015625,0.0,processed/aligned/000246_20260227_023858/mask_80c.png,248055,0.7570037841796875
000247_20260227_023859,exported,20260227_023859.tiff,2026-02-27 02:38:59,313.83333333333337,00:05:13.833,9415,raw/thermal/20260227_023859.tiff,processed/aligned/000247_20260227_023859/thermal.tiff,processed/aligned/000247_20260227_023859/thermal.png,processed/aligned/000247_20260227_023859/video.png,processed/aligned/000247_20260227_023859/overlay.png,0.11458325386047363,0.227581787109375,0.0,processed/aligned/000247_20260227_023859/mask_80c.png,276444,0.84364013671875
000248_20260227_023900,exported,20260227_023900.tiff,2026-02-27 02:39:00,314.83333333333337,00:05:14.833,9445,raw/thermal/20260227_023900.tiff,processed/aligned/000248_20260227_023900/thermal.tiff,processed/aligned/000248_20260227_023900/thermal.png,processed/aligned/000248_20260227_023900/video.png,processed/aligned/000248_20260227_023900/overlay.png,0.10871078073978424,0.200164794921875,0.0,processed/aligned/000248_20260227_023900/mask_80c.png,289902,0.884710693359375
000249_20260227_023901,exported,20260227_023901.tiff,2026-02-27 02:39:01,315.83333333333337,00:05:15.833,9475,raw/thermal/20260227_023901.tiff,processed/aligned/000249_20260227_023901/thermal.tiff,processed/aligned/000249_20260227_023901/thermal.png,processed/aligned/000249_20260227_023901/video.png,processed/aligned/000249_20260227_023901/overlay.png,0.11001593619585037,0.1556549072265625,0.0,processed/aligned/000249_20260227_023901/mask_80c.png,313017,0.9552520751953125
000250_20260227_023902,exported,20260227_023902.tiff,2026-02-27 02:39:02,316.83333333333337,00:05:16.833,9505,raw/thermal/20260227_023902.tiff,processed/aligned/000250_20260227_023902/thermal.tiff,processed/aligned/000250_20260227_023902/thermal.png,processed/aligned/000250_20260227_023902/video.png,processed/aligned/000250_20260227_023902/overlay.png,0.10084794461727142,0.1237457275390625,0.0003082275390625,processed/aligned/000250_20260227_023902/mask_80c.png,319140,0.97393798828125
000251_20260227_023903,exported,20260227_023903.tiff,2026-02-27 02:39:03,317.83333333333337,00:05:17.833,9535,raw/thermal/20260227_023903.tiff,processed/aligned/000251_20260227_023903/thermal.tiff,processed/aligned/000251_20260227_023903/thermal.png,processed/aligned/000251_20260227_023903/video.png,processed/aligned/000251_20260227_023903/overlay.png,0.1232486511580646,0.0942657470703125,0.0031219482421875,processed/aligned/000251_20260227_023903/mask_80c.png,322259,0.9834564208984375
000252_20260227_023904,exported,20260227_023904.tiff,2026-02-27 02:39:04,318.83333333333337,00:05:18.833,9565,raw/thermal/20260227_023904.tiff,processed/aligned/000252_20260227_023904/thermal.tiff,processed/aligned/000252_20260227_023904/thermal.png,processed/aligned/000252_20260227_023904/video.png,processed/aligned/000252_20260227_023904/overlay.png,0.07692631706595421,0.0978515625,0.02545166015625,processed/aligned/000252_20260227_023904/mask_80c.png,323496,0.9872314453125
000253_20260227_023905,exported,20260227_023905.tiff,2026-02-27 02:39:05,319.83333333333337,00:05:19.833,9595,raw/thermal/20260227_023905.tiff,processed/aligned/000253_20260227_023905/thermal.tiff,processed/aligned/000253_20260227_023905/thermal.png,processed/aligned/000253_20260227_023905/video.png,processed/aligned/000253_20260227_023905/overlay.png,0.08367787674069405,0.1419281005859375,0.09324951171875,processed/aligned/000253_20260227_023905/mask_80c.png,327403,0.9991546630859375
000254_20260227_023906,exported,20260227_023906.tiff,2026-02-27 02:39:06,320.83333333333337,00:05:20.833,9625,raw/thermal/20260227_023906.tiff,processed/aligned/000254_20260227_023906/thermal.tiff,processed/aligned/000254_20260227_023906/thermal.png,processed/aligned/000254_20260227_023906/video.png,processed/aligned/000254_20260227_023906/overlay.png,0.10840856097638607,0.179388427734375,0.168341064453125,processed/aligned/000254_20260227_023906/mask_80c.png,327680,1.0
000255_20260227_023907,exported,20260227_023907.tiff,2026-02-27 02:39:07,321.83333333333337,00:05:21.833,9655,raw/thermal/20260227_023907.tiff,processed/aligned/000255_20260227_023907/thermal.tiff,processed/aligned/000255_20260227_023907/thermal.png,processed/aligned/000255_20260227_023907/video.png,processed/aligned/000255_20260227_023907/overlay.png,0.18895426020026207,0.2041778564453125,0.182135009765625,processed/aligned/000255_20260227_023907/mask_80c.png,326827,0.9973968505859375
000256_20260227_023908,exported,20260227_023908.tiff,2026-02-27 02:39:08,322.83333333333337,00:05:22.833,9685,raw/thermal/20260227_023908.tiff,processed/aligned/000256_20260227_023908/thermal.tiff,processed/aligned/000256_20260227_023908/thermal.png,processed/aligned/000256_20260227_023908/video.png,processed/aligned/000256_20260227_023908/overlay.png,0.23481319472193718,0.182305908203125,0.1602752685546875,processed/aligned/000256_20260227_023908/mask_80c.png,325599,0.9936492919921875
000257_20260227_023909,exported,20260227_023909.tiff,2026-02-27 02:39:09,323.83333333333337,00:05:23.833,9715,raw/thermal/20260227_023909.tiff,processed/aligned/000257_20260227_023909/thermal.tiff,processed/aligned/000257_20260227_023909/thermal.png,processed/aligned/000257_20260227_023909/video.png,processed/aligned/000257_20260227_023909/overlay.png,0.1398370343958959,0.1717376708984375,0.001202392578125,processed/aligned/000257_20260227_023909/mask_80c.png,325504,0.993359375
000258_20260227_023910,exported,20260227_023910.tiff,2026-02-27 02:39:10,324.83333333333337,00:05:24.833,9745,raw/thermal/20260227_023910.tiff,processed/aligned/000258_20260227_023910/thermal.tiff,processed/aligned/000258_20260227_023910/thermal.png,processed/aligned/000258_20260227_023910/video.png,processed/aligned/000258_20260227_023910/overlay.png,0.12535029649734497,0.2136627197265625,0.0,processed/aligned/000258_20260227_023910/mask_80c.png,323481,0.9871856689453125
000259_20260227_023911,exported,20260227_023911.tiff,2026-02-27 02:39:11,325.83333333333337,00:05:25.833,9775,raw/thermal/20260227_023911.tiff,processed/aligned/000259_20260227_023911/thermal.tiff,processed/aligned/000259_20260227_023911/thermal.png,processed/aligned/000259_20260227_023911/video.png,processed/aligned/000259_20260227_023911/overlay.png,0.12890323012834415,0.360430908203125,0.0001434326171875,processed/aligned/000259_20260227_023911/mask_80c.png,180092,0.54959716796875
000260_20260227_023912,exported,20260227_023912.tiff,2026-02-27 02:39:12,326.83333333333337,00:05:26.833,9805,raw/thermal/20260227_023912.tiff,processed/aligned/000260_20260227_023912/thermal.tiff,processed/aligned/000260_20260227_023912/thermal.png,processed/aligned/000260_20260227_023912/video.png,processed/aligned/000260_20260227_023912/overlay.png,0.11896542459726334,0.3532196044921875,0.0,processed/aligned/000260_20260227_023912/mask_80c.png,101158,0.308709716796875
000261_20260227_023913,exported,20260227_023913.tiff,2026-02-27 02:39:13,327.83333333333337,00:05:27.833,9835,raw/thermal/20260227_023913.tiff,processed/aligned/000261_20260227_023913/thermal.tiff,processed/aligned/000261_20260227_023913/thermal.png,processed/aligned/000261_20260227_023913/video.png,processed/aligned/000261_20260227_023913/overlay.png,0.1295978578273207,0.355877685546875,0.000128173828125,processed/aligned/000261_20260227_023913/mask_80c.png,178200,0.5438232421875
000262_20260227_023914,exported,20260227_023914.tiff,2026-02-27 02:39:14,328.83333333333337,00:05:28.833,9865,raw/thermal/20260227_023914.tiff,processed/aligned/000262_20260227_023914/thermal.tiff,processed/aligned/000262_20260227_023914/thermal.png,processed/aligned/000262_20260227_023914/video.png,processed/aligned/000262_20260227_023914/overlay.png,0.12062996765598655,0.2938140869140625,0.0001251220703125,processed/aligned/000262_20260227_023914/mask_80c.png,242079,0.7387664794921875
000263_20260227_023915,exported,20260227_023915.tiff,2026-02-27 02:39:15,329.83333333333337,00:05:29.833,9895,raw/thermal/20260227_023915.tiff,processed/aligned/000263_20260227_023915/thermal.tiff,processed/aligned/000263_20260227_023915/thermal.png,processed/aligned/000263_20260227_023915/video.png,processed/aligned/000263_20260227_023915/overlay.png,0.11721350252628326,0.340625,0.0,processed/aligned/000263_20260227_023915/mask_80c.png,219322,0.669317626953125
000264_20260227_023916,exported,20260227_023916.tiff,2026-02-27 02:39:16,330.83333333333337,00:05:30.833,9925,raw/thermal/20260227_023916.tiff,processed/aligned/000264_20260227_023916/thermal.tiff,processed/aligned/000264_20260227_023916/thermal.png,processed/aligned/000264_20260227_023916/video.png,processed/aligned/000264_20260227_023916/overlay.png,0.11176346987485886,0.3735626220703125,0.0,processed/aligned/000264_20260227_023916/mask_80c.png,154926,0.472796630859375
000265_20260227_023917,exported,20260227_023917.tiff,2026-02-27 02:39:17,331.83333333333337,00:05:31.833,9955,raw/thermal/20260227_023917.tiff,processed/aligned/000265_20260227_023917/thermal.tiff,processed/aligned/000265_20260227_023917/thermal.png,processed/aligned/000265_20260227_023917/video.png,processed/aligned/000265_20260227_023917/overlay.png,0.10760234296321869,0.354547119140625,0.0,processed/aligned/000265_20260227_023917/mask_80c.png,112715,0.3439788818359375
000266_20260227_023918,exported,20260227_023918.tiff,2026-02-27 02:39:18,332.83333333333337,00:05:32.833,9985,raw/thermal/20260227_023918.tiff,processed/aligned/000266_20260227_023918/thermal.tiff,processed/aligned/000266_20260227_023918/thermal.png,processed/aligned/000266_20260227_023918/video.png,processed/aligned/000266_20260227_023918/overlay.png,0.1306062845978886,0.3651031494140625,0.0002349853515625,processed/aligned/000266_20260227_023918/mask_80c.png,152143,0.4643035888671875
000267_20260227_023919,exported,20260227_023919.tiff,2026-02-27 02:39:19,333.83333333333337,00:05:33.833,10015,raw/thermal/20260227_023919.tiff,processed/aligned/000267_20260227_023919/thermal.tiff,processed/aligned/000267_20260227_023919/thermal.png,processed/aligned/000267_20260227_023919/video.png,processed/aligned/000267_20260227_023919/overlay.png,0.13450861180899665,0.379302978515625,6.7138671875e-05,processed/aligned/000267_20260227_023919/mask_80c.png,244704,0.74677734375
000268_20260227_023920,exported,20260227_023920.tiff,2026-02-27 02:39:20,334.83333333333337,00:05:34.833,10045,raw/thermal/20260227_023920.tiff,processed/aligned/000268_20260227_023920/thermal.tiff,processed/aligned/000268_20260227_023920/thermal.png,processed/aligned/000268_20260227_023920/video.png,processed/aligned/000268_20260227_023920/overlay.png,0.11271978169679642,0.3441162109375,0.0,processed/aligned/000268_20260227_023920/mask_80c.png,250362,0.764044189453125
000269_20260227_023921,exported,20260227_023921.tiff,2026-02-27 02:39:21,335.83333333333337,00:05:35.833,10075,raw/thermal/20260227_023921.tiff,processed/aligned/000269_20260227_023921/thermal.tiff,processed/aligned/000269_20260227_023921/thermal.png,processed/aligned/000269_20260227_023921/video.png,processed/aligned/000269_20260227_023921/overlay.png,0.1296957852318883,0.39307861328125,7.9345703125e-05,processed/aligned/000269_20260227_023921/mask_80c.png,138954,0.424053955078125
000270_20260227_023922,exported,20260227_023922.tiff,2026-02-27 02:39:22,336.83333333333337,00:05:36.833,10105,raw/thermal/20260227_023922.tiff,processed/aligned/000270_20260227_023922/thermal.tiff,processed/aligned/000270_20260227_023922/thermal.png,processed/aligned/000270_20260227_023922/video.png,processed/aligned/000270_20260227_023922/overlay.png,0.08944356441497803,0.3564178466796875,0.0,processed/aligned/000270_20260227_023922/mask_80c.png,75553,0.2305694580078125
000271_20260227_023923,exported,20260227_023923.tiff,2026-02-27 02:39:23,337.83333333333337,00:05:37.833,10135,raw/thermal/20260227_023923.tiff,processed/aligned/000271_20260227_023923/thermal.tiff,processed/aligned/000271_20260227_023923/thermal.png,processed/aligned/000271_20260227_023923/video.png,processed/aligned/000271_20260227_023923/overlay.png,0.12010089866816998,0.3356842041015625,0.0002899169921875,processed/aligned/000271_20260227_023923/mask_80c.png,34712,0.1059326171875
000272_20260227_023924,exported,20260227_023924.tiff,2026-02-27 02:39:24,338.83333333333337,00:05:38.833,10165,raw/thermal/20260227_023924.tiff,processed/aligned/000272_20260227_023924/thermal.tiff,processed/aligned/000272_20260227_023924/thermal.png,processed/aligned/000272_20260227_023924/video.png,processed/aligned/000272_20260227_023924/overlay.png,0.0973023995757103,0.232183837890625,0.0,processed/aligned/000272_20260227_023924/mask_80c.png,5797,0.0176910400390625
000273_20260227_023925,exported,20260227_023925.tiff,2026-02-27 02:39:25,339.83333333333337,00:05:39.833,10195,raw/thermal/20260227_023925.tiff,processed/aligned/000273_20260227_023925/thermal.tiff,processed/aligned/000273_20260227_023925/thermal.png,processed/aligned/000273_20260227_023925/video.png,processed/aligned/000273_20260227_023925/overlay.png,0.10237309336662292,0.186407470703125,0.0,processed/aligned/000273_20260227_023925/mask_80c.png,2577,0.0078643798828125
000274_20260227_023926,exported,20260227_023926.tiff,2026-02-27 02:39:26,340.83333333333337,00:05:40.833,10225,raw/thermal/20260227_023926.tiff,processed/aligned/000274_20260227_023926/thermal.tiff,processed/aligned/000274_20260227_023926/thermal.png,processed/aligned/000274_20260227_023926/video.png,processed/aligned/000274_20260227_023926/overlay.png,0.10496920207515359,0.159564208984375,0.00050048828125,processed/aligned/000274_20260227_023926/mask_80c.png,6140,0.01873779296875
000275_20260227_023927,exported,20260227_023927.tiff,2026-02-27 02:39:27,341.83333333333337,00:05:41.833,10255,raw/thermal/20260227_023927.tiff,processed/aligned/000275_20260227_023927/thermal.tiff,processed/aligned/000275_20260227_023927/thermal.png,processed/aligned/000275_20260227_023927/video.png,processed/aligned/000275_20260227_023927/overlay.png,0.10410793125629425,0.295751953125,0.0,processed/aligned/000275_20260227_023927/mask_80c.png,8281,0.0252716064453125
000276_20260227_023928,exported,20260227_023928.tiff,2026-02-27 02:39:28,342.83333333333337,00:05:42.833,10285,raw/thermal/20260227_023928.tiff,processed/aligned/000276_20260227_023928/thermal.tiff,processed/aligned/000276_20260227_023928/thermal.png,processed/aligned/000276_20260227_023928/video.png,processed/aligned/000276_20260227_023928/overlay.png,0.11009448766708374,0.3166107177734375,0.0,processed/aligned/000276_20260227_023928/mask_80c.png,18898,0.057672119140625
000277_20260227_023929,exported,20260227_023929.tiff,2026-02-27 02:39:29,343.83333333333337,00:05:43.833,10315,raw/thermal/20260227_023929.tiff,processed/aligned/000277_20260227_023929/thermal.tiff,processed/aligned/000277_20260227_023929/thermal.png,processed/aligned/000277_20260227_023929/video.png,processed/aligned/000277_20260227_023929/overlay.png,0.13579879305325449,0.30789794921875,0.0003173828125,processed/aligned/000277_20260227_023929/mask_80c.png,22530,0.068756103515625
000278_20260227_023930,exported,20260227_023930.tiff,2026-02-27 02:39:30,344.83333333333337,00:05:44.833,10345,raw/thermal/20260227_023930.tiff,processed/aligned/000278_20260227_023930/thermal.tiff,processed/aligned/000278_20260227_023930/thermal.png,processed/aligned/000278_20260227_023930/video.png,processed/aligned/000278_20260227_023930/overlay.png,0.1367249711183831,0.276544189453125,0.0003570556640625,processed/aligned/000278_20260227_023930/mask_80c.png,5664,0.01728515625
000279_20260227_023931,exported,20260227_023931.tiff,2026-02-27 02:39:31,345.83333333333337,00:05:45.833,10375,raw/thermal/20260227_023931.tiff,processed/aligned/000279_20260227_023931/thermal.tiff,processed/aligned/000279_20260227_023931/thermal.png,processed/aligned/000279_20260227_023931/video.png,processed/aligned/000279_20260227_023931/overlay.png,0.1277351826429367,0.288751220703125,8.85009765625e-05,processed/aligned/000279_20260227_023931/mask_80c.png,5002,0.015264892578125
000280_20260227_023932,exported,20260227_023932.tiff,2026-02-27 02:39:32,346.83333333333337,00:05:46.833,10405,raw/thermal/20260227_023932.tiff,processed/aligned/000280_20260227_023932/thermal.tiff,processed/aligned/000280_20260227_023932/thermal.png,processed/aligned/000280_20260227_023932/video.png,processed/aligned/000280_20260227_023932/overlay.png,0.10850287973880768,0.322802734375,0.0,processed/aligned/000280_20260227_023932/mask_80c.png,7041,0.0214874267578125
000281_20260227_023933,exported,20260227_023933.tiff,2026-02-27 02:39:33,347.83333333333337,00:05:47.833,10435,raw/thermal/20260227_023933.tiff,processed/aligned/000281_20260227_023933/thermal.tiff,processed/aligned/000281_20260227_023933/thermal.png,processed/aligned/000281_20260227_023933/video.png,processed/aligned/000281_20260227_023933/overlay.png,0.11977504193782806,0.26741943359375,0.0,processed/aligned/000281_20260227_023933/mask_80c.png,24066,0.073443603515625
000282_20260227_023934,exported,20260227_023934.tiff,2026-02-27 02:39:34,348.83333333333337,00:05:48.833,10465,raw/thermal/20260227_023934.tiff,processed/aligned/000282_20260227_023934/thermal.tiff,processed/aligned/000282_20260227_023934/thermal.png,processed/aligned/000282_20260227_023934/video.png,processed/aligned/000282_20260227_023934/overlay.png,0.11956164240837097,0.23887939453125,0.0,processed/aligned/000282_20260227_023934/mask_80c.png,4042,0.012335205078125
000283_20260227_023935,exported,20260227_023935.tiff,2026-02-27 02:39:35,349.83333333333337,00:05:49.833,10495,raw/thermal/20260227_023935.tiff,processed/aligned/000283_20260227_023935/thermal.tiff,processed/aligned/000283_20260227_023935/thermal.png,processed/aligned/000283_20260227_023935/video.png,processed/aligned/000283_20260227_023935/overlay.png,0.11257139593362808,0.2729705810546875,0.0,processed/aligned/000283_20260227_023935/mask_80c.png,14181,0.0432769775390625
000284_20260227_023936,exported,20260227_023936.tiff,2026-02-27 02:39:36,350.83333333333337,00:05:50.833,10525,raw/thermal/20260227_023936.tiff,processed/aligned/000284_20260227_023936/thermal.tiff,processed/aligned/000284_20260227_023936/thermal.png,processed/aligned/000284_20260227_023936/video.png,processed/aligned/000284_20260227_023936/overlay.png,0.10827835649251938,0.315948486328125,0.0,processed/aligned/000284_20260227_023936/mask_80c.png,67031,0.2045623779296875
000285_20260227_023937,exported,20260227_023937.tiff,2026-02-27 02:39:37,351.83333333333337,00:05:51.833,10555,raw/thermal/20260227_023937.tiff,processed/aligned/000285_20260227_023937/thermal.tiff,processed/aligned/000285_20260227_023937/thermal.png,processed/aligned/000285_20260227_023937/video.png,processed/aligned/000285_20260227_023937/overlay.png,0.1430107057094574,0.3041473388671875,0.0,processed/aligned/000285_20260227_023937/mask_80c.png,148736,0.45390625
000286_20260227_023938,exported,20260227_023938.tiff,2026-02-27 02:39:38,352.83333333333337,00:05:52.833,10585,raw/thermal/20260227_023938.tiff,processed/aligned/000286_20260227_023938/thermal.tiff,processed/aligned/000286_20260227_023938/thermal.png,processed/aligned/000286_20260227_023938/video.png,processed/aligned/000286_20260227_023938/overlay.png,0.15055666537955403,0.337420654296875,0.00108642578125,processed/aligned/000286_20260227_023938/mask_80c.png,171005,0.5218658447265625
000287_20260227_023939,exported,20260227_023939.tiff,2026-02-27 02:39:39,353.83333333333337,00:05:53.833,10615,raw/thermal/20260227_023939.tiff,processed/aligned/000287_20260227_023939/thermal.tiff,processed/aligned/000287_20260227_023939/thermal.png,processed/aligned/000287_20260227_023939/video.png,processed/aligned/000287_20260227_023939/overlay.png,0.15973371639847755,0.3180389404296875,0.0054351806640625,processed/aligned/000287_20260227_023939/mask_80c.png,195499,0.5966156005859375
000288_20260227_023940,exported,20260227_023940.tiff,2026-02-27 02:39:40,354.83333333333337,00:05:54.833,10645,raw/thermal/20260227_023940.tiff,processed/aligned/000288_20260227_023940/thermal.tiff,processed/aligned/000288_20260227_023940/thermal.png,processed/aligned/000288_20260227_023940/video.png,processed/aligned/000288_20260227_023940/overlay.png,0.15304552018642426,0.3135498046875,0.0,processed/aligned/000288_20260227_023940/mask_80c.png,189792,0.57919921875
000289_20260227_023941,exported,20260227_023941.tiff,2026-02-27 02:39:41,355.83333333333337,00:05:55.833,10675,raw/thermal/20260227_023941.tiff,processed/aligned/000289_20260227_023941/thermal.tiff,processed/aligned/000289_20260227_023941/thermal.png,processed/aligned/000289_20260227_023941/video.png,processed/aligned/000289_20260227_023941/overlay.png,0.14601680636405945,0.2392547607421875,0.0,processed/aligned/000289_20260227_023941/mask_80c.png,242777,0.7408966064453125
000290_20260227_023942,exported,20260227_023942.tiff,2026-02-27 02:39:42,356.83333333333337,00:05:56.833,10705,raw/thermal/20260227_023942.tiff,processed/aligned/000290_20260227_023942/thermal.tiff,processed/aligned/000290_20260227_023942/thermal.png,processed/aligned/000290_20260227_023942/video.png,processed/aligned/000290_20260227_023942/overlay.png,0.16768783261068165,0.1457183837890625,0.00020751953125,processed/aligned/000290_20260227_023942/mask_80c.png,293626,0.896075439453125
000291_20260227_023943,exported,20260227_023943.tiff,2026-02-27 02:39:43,357.83333333333337,00:05:57.833,10735,raw/thermal/20260227_023943.tiff,processed/aligned/000291_20260227_023943/thermal.tiff,processed/aligned/000291_20260227_023943/thermal.png,processed/aligned/000291_20260227_023943/video.png,processed/aligned/000291_20260227_023943/overlay.png,0.1838387195020914,0.1432342529296875,0.0218414306640625,processed/aligned/000291_20260227_023943/mask_80c.png,304770,0.930084228515625
000292_20260227_023944,exported,20260227_023944.tiff,2026-02-27 02:39:44,358.83333333333337,00:05:58.833,10765,raw/thermal/20260227_023944.tiff,processed/aligned/000292_20260227_023944/thermal.tiff,processed/aligned/000292_20260227_023944/thermal.png,processed/aligned/000292_20260227_023944/video.png,processed/aligned/000292_20260227_023944/overlay.png,0.16849608719348907,0.12943115234375,7.9345703125e-05,processed/aligned/000292_20260227_023944/mask_80c.png,288636,0.88084716796875
000293_20260227_023945,exported,20260227_023945.tiff,2026-02-27 02:39:45,359.83333333333337,00:05:59.833,10795,raw/thermal/20260227_023945.tiff,processed/aligned/000293_20260227_023945/thermal.tiff,processed/aligned/000293_20260227_023945/thermal.png,processed/aligned/000293_20260227_023945/video.png,processed/aligned/000293_20260227_023945/overlay.png,0.14475253189448267,0.1276458740234375,0.0023712158203125,processed/aligned/000293_20260227_023945/mask_80c.png,281809,0.8600128173828125
000294_20260227_023946,exported,20260227_023946.tiff,2026-02-27 02:39:46,360.83333333333337,00:06:00.833,10825,raw/thermal/20260227_023946.tiff,processed/aligned/000294_20260227_023946/thermal.tiff,processed/aligned/000294_20260227_023946/thermal.png,processed/aligned/000294_20260227_023946/video.png,processed/aligned/000294_20260227_023946/overlay.png,0.14453409612178802,0.1980224609375,0.0003265380859375,processed/aligned/000294_20260227_023946/mask_80c.png,216922,0.661993408203125
000295_20260227_023947,exported,20260227_023947.tiff,2026-02-27 02:39:47,361.83333333333337,00:06:01.833,10855,raw/thermal/20260227_023947.tiff,processed/aligned/000295_20260227_023947/thermal.tiff,processed/aligned/000295_20260227_023947/thermal.png,processed/aligned/000295_20260227_023947/video.png,processed/aligned/000295_20260227_023947/overlay.png,0.12211827794089913,0.2363494873046875,0.0064605712890625,processed/aligned/000295_20260227_023947/mask_80c.png,186188,0.56820068359375
000296_20260227_023948,exported,20260227_023948.tiff,2026-02-27 02:39:48,362.83333333333337,00:06:02.833,10885,raw/thermal/20260227_023948.tiff,processed/aligned/000296_20260227_023948/thermal.tiff,processed/aligned/000296_20260227_023948/thermal.png,processed/aligned/000296_20260227_023948/video.png,processed/aligned/000296_20260227_023948/overlay.png,0.10554668679833412,0.2791168212890625,0.040289306640625,processed/aligned/000296_20260227_023948/mask_80c.png,152904,0.4666259765625
000297_20260227_023949,exported,20260227_023949.tiff,2026-02-27 02:39:49,363.83333333333337,00:06:03.833,10915,raw/thermal/20260227_023949.tiff,processed/aligned/000297_20260227_023949/thermal.tiff,processed/aligned/000297_20260227_023949/thermal.png,processed/aligned/000297_20260227_023949/video.png,processed/aligned/000297_20260227_023949/overlay.png,0.16244745440781116,0.310400390625,0.0538604736328125,processed/aligned/000297_20260227_023949/mask_80c.png,156909,0.4788482666015625
000298_20260227_023950,exported,20260227_023950.tiff,2026-02-27 02:39:50,364.83333333333337,00:06:04.833,10945,raw/thermal/20260227_023950.tiff,processed/aligned/000298_20260227_023950/thermal.tiff,processed/aligned/000298_20260227_023950/thermal.png,processed/aligned/000298_20260227_023950/video.png,processed/aligned/000298_20260227_023950/overlay.png,0.20274870283901691,0.3223358154296875,0.074664306640625,processed/aligned/000298_20260227_023950/mask_80c.png,139988,0.42720947265625
000299_20260227_023951,exported,20260227_023951.tiff,2026-02-27 02:39:51,365.83333333333337,00:06:05.833,10975,raw/thermal/20260227_023951.tiff,processed/aligned/000299_20260227_023951/thermal.tiff,processed/aligned/000299_20260227_023951/thermal.png,processed/aligned/000299_20260227_023951/video.png,processed/aligned/000299_20260227_023951/overlay.png,0.26290803775191307,0.293426513671875,0.2617950439453125,processed/aligned/000299_20260227_023951/mask_80c.png,82085,0.2505035400390625
000300_20260227_023952,exported,20260227_023952.tiff,2026-02-27 02:39:52,366.83333333333337,00:06:06.833,11005,raw/thermal/20260227_023952.tiff,processed/aligned/000300_20260227_023952/thermal.tiff,processed/aligned/000300_20260227_023952/thermal.png,processed/aligned/000300_20260227_023952/video.png,processed/aligned/000300_20260227_023952/overlay.png,0.35858695209026337,0.2784759521484375,0.5536224365234375,processed/aligned/000300_20260227_023952/mask_80c.png,85524,0.26099853515625
000301_20260227_023953,exported,20260227_023953.tiff,2026-02-27 02:39:53,367.83333333333337,00:06:07.833,11035,raw/thermal/20260227_023953.tiff,processed/aligned/000301_20260227_023953/thermal.tiff,processed/aligned/000301_20260227_023953/thermal.png,processed/aligned/000301_20260227_023953/video.png,processed/aligned/000301_20260227_023953/overlay.png,0.3376341983675957,0.2441070556640625,0.570562744140625,processed/aligned/000301_20260227_023953/mask_80c.png,56011,0.1709320068359375
000302_20260227_023954,exported,20260227_023954.tiff,2026-02-27 02:39:54,368.83333333333337,00:06:08.833,11065,raw/thermal/20260227_023954.tiff,processed/aligned/000302_20260227_023954/thermal.tiff,processed/aligned/000302_20260227_023954/thermal.png,processed/aligned/000302_20260227_023954/video.png,processed/aligned/000302_20260227_023954/overlay.png,0.3522490784525871,0.225201416015625,0.6023284912109375,processed/aligned/000302_20260227_023954/mask_80c.png,22819,0.0696380615234375
000303_20260227_023955,exported,20260227_023955.tiff,2026-02-27 02:39:55,369.83333333333337,00:06:09.833,11095,raw/thermal/20260227_023955.tiff,processed/aligned/000303_20260227_023955/thermal.tiff,processed/aligned/000303_20260227_023955/thermal.png,processed/aligned/000303_20260227_023955/video.png,processed/aligned/000303_20260227_023955/overlay.png,0.4240787476301193,0.2261260986328125,0.6758941650390625,processed/aligned/000303_20260227_023955/mask_80c.png,21768,0.0664306640625
000304_20260227_023956,exported,20260227_023956.tiff,2026-02-27 02:39:56,370.83333333333337,00:06:10.833,11125,raw/thermal/20260227_023956.tiff,processed/aligned/000304_20260227_023956/thermal.tiff,processed/aligned/000304_20260227_023956/thermal.png,processed/aligned/000304_20260227_023956/video.png,processed/aligned/000304_20260227_023956/overlay.png,0.46328751742839813,0.2563629150390625,0.7161895751953125,processed/aligned/000304_20260227_023956/mask_80c.png,16804,0.05128173828125
000305_20260227_023957,exported,20260227_023957.tiff,2026-02-27 02:39:57,371.83333333333337,00:06:11.833,11155,raw/thermal/20260227_023957.tiff,processed/aligned/000305_20260227_023957/thermal.tiff,processed/aligned/000305_20260227_023957/thermal.png,processed/aligned/000305_20260227_023957/video.png,processed/aligned/000305_20260227_023957/overlay.png,0.45924071222543716,0.262078857421875,0.683343505859375,processed/aligned/000305_20260227_023957/mask_80c.png,18451,0.0563079833984375
000306_20260227_023958,exported,20260227_023958.tiff,2026-02-27 02:39:58,372.83333333333337,00:06:12.833,11185,raw/thermal/20260227_023958.tiff,processed/aligned/000306_20260227_023958/thermal.tiff,processed/aligned/000306_20260227_023958/thermal.png,processed/aligned/000306_20260227_023958/video.png,processed/aligned/000306_20260227_023958/overlay.png,0.44030679762363434,0.2303802490234375,0.697100830078125,processed/aligned/000306_20260227_023958/mask_80c.png,10677,0.0325836181640625
000307_20260227_023959,exported,20260227_023959.tiff,2026-02-27 02:39:59,373.83333333333337,00:06:13.833,11215,raw/thermal/20260227_023959.tiff,processed/aligned/000307_20260227_023959/thermal.tiff,processed/aligned/000307_20260227_023959/thermal.png,processed/aligned/000307_20260227_023959/video.png,processed/aligned/000307_20260227_023959/overlay.png,0.4662749916315079,0.27596435546875,0.694989013671875,processed/aligned/000307_20260227_023959/mask_80c.png,21460,0.06549072265625
000308_20260227_024000,exported,20260227_024000.tiff,2026-02-27 02:40:00,374.83333333333337,00:06:14.833,11245,raw/thermal/20260227_024000.tiff,processed/aligned/000308_20260227_024000/thermal.tiff,processed/aligned/000308_20260227_024000/thermal.png,processed/aligned/000308_20260227_024000/video.png,processed/aligned/000308_20260227_024000/overlay.png,0.44010142982006073,0.24444580078125,0.67740478515625,processed/aligned/000308_20260227_024000/mask_80c.png,18758,0.057244873046875
000309_20260227_024001,exported,20260227_024001.tiff,2026-02-27 02:40:01,375.83333333333337,00:06:15.833,11275,raw/thermal/20260227_024001.tiff,processed/aligned/000309_20260227_024001/thermal.tiff,processed/aligned/000309_20260227_024001/thermal.png,processed/aligned/000309_20260227_024001/video.png,processed/aligned/000309_20260227_024001/overlay.png,0.45297226309776306,0.2570648193359375,0.7142669677734375,processed/aligned/000309_20260227_024001/mask_80c.png,29580,0.09027099609375
000310_20260227_024002,exported,20260227_024002.tiff,2026-02-27 02:40:02,376.83333333333337,00:06:16.833,11305,raw/thermal/20260227_024002.tiff,processed/aligned/000310_20260227_024002/thermal.tiff,processed/aligned/000310_20260227_024002/thermal.png,processed/aligned/000310_20260227_024002/video.png,processed/aligned/000310_20260227_024002/overlay.png,0.4720666706562042,0.2986785888671875,0.704638671875,processed/aligned/000310_20260227_024002/mask_80c.png,37243,0.1136566162109375
000311_20260227_024003,exported,20260227_024003.tiff,2026-02-27 02:40:03,377.83333333333337,00:06:17.833,11335,raw/thermal/20260227_024003.tiff,processed/aligned/000311_20260227_024003/thermal.tiff,processed/aligned/000311_20260227_024003/thermal.png,processed/aligned/000311_20260227_024003/video.png,processed/aligned/000311_20260227_024003/overlay.png,0.4106866642832756,0.263751220703125,0.6672088623046875,processed/aligned/000311_20260227_024003/mask_80c.png,36619,0.1117523193359375
000312_20260227_024004,exported,20260227_024004.tiff,2026-02-27 02:40:04,378.83333333333337,00:06:18.833,11365,raw/thermal/20260227_024004.tiff,processed/aligned/000312_20260227_024004/thermal.tiff,processed/aligned/000312_20260227_024004/thermal.png,processed/aligned/000312_20260227_024004/video.png,processed/aligned/000312_20260227_024004/overlay.png,0.4304353892803192,0.2973388671875,0.6574310302734375,processed/aligned/000312_20260227_024004/mask_80c.png,27617,0.0842803955078125
000313_20260227_024005,exported,20260227_024005.tiff,2026-02-27 02:40:05,379.83333333333337,00:06:19.833,11395,raw/thermal/20260227_024005.tiff,processed/aligned/000313_20260227_024005/thermal.tiff,processed/aligned/000313_20260227_024005/thermal.png,processed/aligned/000313_20260227_024005/video.png,processed/aligned/000313_20260227_024005/overlay.png,0.459626168012619,0.2899322509765625,0.6745574951171875,processed/aligned/000313_20260227_024005/mask_80c.png,14351,0.0437957763671875
000314_20260227_024006,exported,20260227_024006.tiff,2026-02-27 02:40:06,380.83333333333337,00:06:20.833,11425,raw/thermal/20260227_024006.tiff,processed/aligned/000314_20260227_024006/thermal.tiff,processed/aligned/000314_20260227_024006/thermal.png,processed/aligned/000314_20260227_024006/video.png,processed/aligned/000314_20260227_024006/overlay.png,0.46885041147470474,0.282720947265625,0.68955078125,processed/aligned/000314_20260227_024006/mask_80c.png,14795,0.0451507568359375
000315_20260227_024007,exported,20260227_024007.tiff,2026-02-27 02:40:07,381.83333333333337,00:06:21.833,11455,raw/thermal/20260227_024007.tiff,processed/aligned/000315_20260227_024007/thermal.tiff,processed/aligned/000315_20260227_024007/thermal.png,processed/aligned/000315_20260227_024007/video.png,processed/aligned/000315_20260227_024007/overlay.png,0.4699324145913124,0.2930450439453125,0.698138427734375,processed/aligned/000315_20260227_024007/mask_80c.png,22550,0.068817138671875
000316_20260227_024008,exported,20260227_024008.tiff,2026-02-27 02:40:08,382.83333333333337,00:06:22.833,11485,raw/thermal/20260227_024008.tiff,processed/aligned/000316_20260227_024008/thermal.tiff,processed/aligned/000316_20260227_024008/thermal.png,processed/aligned/000316_20260227_024008/video.png,processed/aligned/000316_20260227_024008/overlay.png,0.46290577948093414,0.28746337890625,0.687554931640625,processed/aligned/000316_20260227_024008/mask_80c.png,16200,0.0494384765625
000317_20260227_024009,exported,20260227_024009.tiff,2026-02-27 02:40:09,383.83333333333337,00:06:23.833,11515,raw/thermal/20260227_024009.tiff,processed/aligned/000317_20260227_024009/thermal.tiff,processed/aligned/000317_20260227_024009/thermal.png,processed/aligned/000317_20260227_024009/video.png,processed/aligned/000317_20260227_024009/overlay.png,0.46740468591451645,0.295880126953125,0.692852783203125,processed/aligned/000317_20260227_024009/mask_80c.png,20877,0.0637115478515625
000318_20260227_024010,exported,20260227_024010.tiff,2026-02-27 02:40:10,384.83333333333337,00:06:24.833,11545,raw/thermal/20260227_024010.tiff,processed/aligned/000318_20260227_024010/thermal.tiff,processed/aligned/000318_20260227_024010/thermal.png,processed/aligned/000318_20260227_024010/video.png,processed/aligned/000318_20260227_024010/overlay.png,0.49926336109638214,0.3196014404296875,0.707781982421875,processed/aligned/000318_20260227_024010/mask_80c.png,12099,0.0369232177734375
000319_20260227_024011,exported,20260227_024011.tiff,2026-02-27 02:40:11,385.83333333333337,00:06:25.833,11575,raw/thermal/20260227_024011.tiff,processed/aligned/000319_20260227_024011/thermal.tiff,processed/aligned/000319_20260227_024011/thermal.png,processed/aligned/000319_20260227_024011/video.png,processed/aligned/000319_20260227_024011/overlay.png,0.4964132457971573,0.3157318115234375,0.6905059814453125,processed/aligned/000319_20260227_024011/mask_80c.png,8880,0.027099609375
000320_20260227_024012,exported,20260227_024012.tiff,2026-02-27 02:40:12,386.83333333333337,00:06:26.833,11605,raw/thermal/20260227_024012.tiff,processed/aligned/000320_20260227_024012/thermal.tiff,processed/aligned/000320_20260227_024012/thermal.png,processed/aligned/000320_20260227_024012/video.png,processed/aligned/000320_20260227_024012/overlay.png,0.49007748067379,0.282745361328125,0.6984710693359375,processed/aligned/000320_20260227_024012/mask_80c.png,2282,0.006964111328125
000321_20260227_024013,exported,20260227_024013.tiff,2026-02-27 02:40:13,387.83333333333337,00:06:27.833,11635,raw/thermal/20260227_024013.tiff,processed/aligned/000321_20260227_024013/thermal.tiff,processed/aligned/000321_20260227_024013/thermal.png,processed/aligned/000321_20260227_024013/video.png,processed/aligned/000321_20260227_024013/overlay.png,0.47374003380537033,0.260247802734375,0.719268798828125,processed/aligned/000321_20260227_024013/mask_80c.png,5330,0.016265869140625
000322_20260227_024014,exported,20260227_024014.tiff,2026-02-27 02:40:14,388.83333333333337,00:06:28.833,11665,raw/thermal/20260227_024014.tiff,processed/aligned/000322_20260227_024014/thermal.tiff,processed/aligned/000322_20260227_024014/thermal.png,processed/aligned/000322_20260227_024014/video.png,processed/aligned/000322_20260227_024014/overlay.png,0.4738343209028244,0.2777618408203125,0.7180328369140625,processed/aligned/000322_20260227_024014/mask_80c.png,8382,0.025579833984375
000323_20260227_024015,exported,20260227_024015.tiff,2026-02-27 02:40:15,389.83333333333337,00:06:29.833,11695,raw/thermal/20260227_024015.tiff,processed/aligned/000323_20260227_024015/thermal.tiff,processed/aligned/000323_20260227_024015/thermal.png,processed/aligned/000323_20260227_024015/video.png,processed/aligned/000323_20260227_024015/overlay.png,0.4574824795126915,0.2402618408203125,0.71468505859375,processed/aligned/000323_20260227_024015/mask_80c.png,5599,0.0170867919921875
000324_20260227_024016,exported,20260227_024016.tiff,2026-02-27 02:40:16,390.83333333333337,00:06:30.833,11725,raw/thermal/20260227_024016.tiff,processed/aligned/000324_20260227_024016/thermal.tiff,processed/aligned/000324_20260227_024016/thermal.png,processed/aligned/000324_20260227_024016/video.png,processed/aligned/000324_20260227_024016/overlay.png,0.4966163635253906,0.2799652099609375,0.741912841796875,processed/aligned/000324_20260227_024016/mask_80c.png,4789,0.0146148681640625
000325_20260227_024017,exported,20260227_024017.tiff,2026-02-27 02:40:17,391.83333333333337,00:06:31.833,11755,raw/thermal/20260227_024017.tiff,processed/aligned/000325_20260227_024017/thermal.tiff,processed/aligned/000325_20260227_024017/thermal.png,processed/aligned/000325_20260227_024017/video.png,processed/aligned/000325_20260227_024017/overlay.png,0.5286997780203819,0.3212066650390625,0.74083251953125,processed/aligned/000325_20260227_024017/mask_80c.png,2101,0.0064117431640625
000326_20260227_024018,exported,20260227_024018.tiff,2026-02-27 02:40:18,392.83333333333337,00:06:32.833,11785,raw/thermal/20260227_024018.tiff,processed/aligned/000326_20260227_024018/thermal.tiff,processed/aligned/000326_20260227_024018/thermal.png,processed/aligned/000326_20260227_024018/video.png,processed/aligned/000326_20260227_024018/overlay.png,0.46419189870357513,0.241851806640625,0.74010009765625,processed/aligned/000326_20260227_024018/mask_80c.png,7791,0.0237762451171875
000327_20260227_024019,exported,20260227_024019.tiff,2026-02-27 02:40:19,393.83333333333337,00:06:33.833,11815,raw/thermal/20260227_024019.tiff,processed/aligned/000327_20260227_024019/thermal.tiff,processed/aligned/000327_20260227_024019/thermal.png,processed/aligned/000327_20260227_024019/video.png,processed/aligned/000327_20260227_024019/overlay.png,0.41402488946914673,0.209674072265625,0.719256591796875,processed/aligned/000327_20260227_024019/mask_80c.png,11819,0.0360687255859375
000328_20260227_024020,exported,20260227_024020.tiff,2026-02-27 02:40:20,394.83333333333337,00:06:34.833,11845,raw/thermal/20260227_024020.tiff,processed/aligned/000328_20260227_024020/thermal.tiff,processed/aligned/000328_20260227_024020/thermal.png,processed/aligned/000328_20260227_024020/video.png,processed/aligned/000328_20260227_024020/overlay.png,0.3211279585957527,0.2248779296875,0.579034423828125,processed/aligned/000328_20260227_024020/mask_80c.png,26813,0.0818267822265625
000329_20260227_024021,exported,20260227_024021.tiff,2026-02-27 02:40:21,395.83333333333337,00:06:35.833,11875,raw/thermal/20260227_024021.tiff,processed/aligned/000329_20260227_024021/thermal.tiff,processed/aligned/000329_20260227_024021/thermal.png,processed/aligned/000329_20260227_024021/video.png,processed/aligned/000329_20260227_024021/overlay.png,0.2340911664068699,0.302825927734375,0.341925048828125,processed/aligned/000329_20260227_024021/mask_80c.png,53224,0.1624267578125
000330_20260227_024022,exported,20260227_024022.tiff,2026-02-27 02:40:22,396.83333333333337,00:06:36.833,11905,raw/thermal/20260227_024022.tiff,processed/aligned/000330_20260227_024022/thermal.tiff,processed/aligned/000330_20260227_024022/thermal.png,processed/aligned/000330_20260227_024022/video.png,processed/aligned/000330_20260227_024022/overlay.png,0.08333261776715517,0.2796234130859375,0.03282470703125,processed/aligned/000330_20260227_024022/mask_80c.png,69636,0.21251220703125
000331_20260227_024023,exported,20260227_024023.tiff,2026-02-27 02:40:23,397.83333333333337,00:06:37.833,11935,raw/thermal/20260227_024023.tiff,processed/aligned/000331_20260227_024023/thermal.tiff,processed/aligned/000331_20260227_024023/thermal.png,processed/aligned/000331_20260227_024023/video.png,processed/aligned/000331_20260227_024023/overlay.png,0.09198613883927464,0.26107177734375,0.0036224365234375,processed/aligned/000331_20260227_024023/mask_80c.png,54623,0.1666961669921875
000332_20260227_024024,exported,20260227_024024.tiff,2026-02-27 02:40:24,398.83333333333337,00:06:38.833,11965,raw/thermal/20260227_024024.tiff,processed/aligned/000332_20260227_024024/thermal.tiff,processed/aligned/000332_20260227_024024/thermal.png,processed/aligned/000332_20260227_024024/video.png,processed/aligned/000332_20260227_024024/overlay.png,0.08351519622374326,0.2814117431640625,0.001043701171875,processed/aligned/000332_20260227_024024/mask_80c.png,83729,0.2555206298828125
000333_20260227_024025,exported,20260227_024025.tiff,2026-02-27 02:40:25,399.83333333333337,00:06:39.833,11995,raw/thermal/20260227_024025.tiff,processed/aligned/000333_20260227_024025/thermal.tiff,processed/aligned/000333_20260227_024025/thermal.png,processed/aligned/000333_20260227_024025/video.png,processed/aligned/000333_20260227_024025/overlay.png,0.08706199377775192,0.2745819091796875,0.0,processed/aligned/000333_20260227_024025/mask_80c.png,84385,0.2575225830078125
000334_20260227_024026,exported,20260227_024026.tiff,2026-02-27 02:40:26,400.83333333333337,00:06:40.833,12025,raw/thermal/20260227_024026.tiff,processed/aligned/000334_20260227_024026/thermal.tiff,processed/aligned/000334_20260227_024026/thermal.png,processed/aligned/000334_20260227_024026/video.png,processed/aligned/000334_20260227_024026/overlay.png,0.09705803543329239,0.2745361328125,0.0001556396484375,processed/aligned/000334_20260227_024026/mask_80c.png,106963,0.3264251708984375
000335_20260227_024027,exported,20260227_024027.tiff,2026-02-27 02:40:27,401.83333333333337,00:06:41.833,12055,raw/thermal/20260227_024027.tiff,processed/aligned/000335_20260227_024027/thermal.tiff,processed/aligned/000335_20260227_024027/thermal.png,processed/aligned/000335_20260227_024027/video.png,processed/aligned/000335_20260227_024027/overlay.png,0.10257891827495769,0.288348388671875,0.00142822265625,processed/aligned/000335_20260227_024027/mask_80c.png,111700,0.34088134765625
000336_20260227_024028,exported,20260227_024028.tiff,2026-02-27 02:40:28,402.83333333333337,00:06:42.833,12085,raw/thermal/20260227_024028.tiff,processed/aligned/000336_20260227_024028/thermal.tiff,processed/aligned/000336_20260227_024028/thermal.png,processed/aligned/000336_20260227_024028/video.png,processed/aligned/000336_20260227_024028/overlay.png,0.12132733315229416,0.31090087890625,0.000537109375,processed/aligned/000336_20260227_024028/mask_80c.png,126010,0.384552001953125
000337_20260227_024029,exported,20260227_024029.tiff,2026-02-27 02:40:29,403.83333333333337,00:06:43.833,12115,raw/thermal/20260227_024029.tiff,processed/aligned/000337_20260227_024029/thermal.tiff,processed/aligned/000337_20260227_024029/thermal.png,processed/aligned/000337_20260227_024029/video.png,processed/aligned/000337_20260227_024029/overlay.png,0.09971743822097778,0.317236328125,0.0,processed/aligned/000337_20260227_024029/mask_80c.png,114937,0.3507598876953125
000338_20260227_024030,exported,20260227_024030.tiff,2026-02-27 02:40:30,404.83333333333337,00:06:44.833,12145,raw/thermal/20260227_024030.tiff,processed/aligned/000338_20260227_024030/thermal.tiff,processed/aligned/000338_20260227_024030/thermal.png,processed/aligned/000338_20260227_024030/video.png,processed/aligned/000338_20260227_024030/overlay.png,0.07204234600067139,0.3581146240234375,0.0,processed/aligned/000338_20260227_024030/mask_80c.png,113306,0.345782470703125
000339_20260227_024031,exported,20260227_024031.tiff,2026-02-27 02:40:31,405.83333333333337,00:06:45.833,12175,raw/thermal/20260227_024031.tiff,processed/aligned/000339_20260227_024031/thermal.tiff,processed/aligned/000339_20260227_024031/thermal.png,processed/aligned/000339_20260227_024031/video.png,processed/aligned/000339_20260227_024031/overlay.png,0.0968584194779396,0.3139404296875,0.0,processed/aligned/000339_20260227_024031/mask_80c.png,46962,0.143316650390625
000340_20260227_024032,exported,20260227_024032.tiff,2026-02-27 02:40:32,406.83333333333337,00:06:46.833,12205,raw/thermal/20260227_024032.tiff,processed/aligned/000340_20260227_024032/thermal.tiff,processed/aligned/000340_20260227_024032/thermal.png,processed/aligned/000340_20260227_024032/video.png,processed/aligned/000340_20260227_024032/overlay.png,0.0896734967827797,0.3573394775390625,0.0,processed/aligned/000340_20260227_024032/mask_80c.png,11428,0.03487548828125
000341_20260227_024033,exported,20260227_024033.tiff,2026-02-27 02:40:33,407.83333333333337,00:06:47.833,12235,raw/thermal/20260227_024033.tiff,processed/aligned/000341_20260227_024033/thermal.tiff,processed/aligned/000341_20260227_024033/thermal.png,processed/aligned/000341_20260227_024033/video.png,processed/aligned/000341_20260227_024033/overlay.png,0.11244715005159378,0.3482269287109375,0.0,processed/aligned/000341_20260227_024033/mask_80c.png,8380,0.02557373046875
000342_20260227_024034,exported,20260227_024034.tiff,2026-02-27 02:40:34,408.83333333333337,00:06:48.833,12265,raw/thermal/20260227_024034.tiff,processed/aligned/000342_20260227_024034/thermal.tiff,processed/aligned/000342_20260227_024034/thermal.png,processed/aligned/000342_20260227_024034/video.png,processed/aligned/000342_20260227_024034/overlay.png,0.12492679804563522,0.3656768798828125,0.0,processed/aligned/000342_20260227_024034/mask_80c.png,8555,0.0261077880859375
000343_20260227_024035,exported,20260227_024035.tiff,2026-02-27 02:40:35,409.83333333333337,00:06:49.833,12295,raw/thermal/20260227_024035.tiff,processed/aligned/000343_20260227_024035/thermal.tiff,processed/aligned/000343_20260227_024035/thermal.png,processed/aligned/000343_20260227_024035/video.png,processed/aligned/000343_20260227_024035/overlay.png,0.10783590376377106,0.3636932373046875,0.0,processed/aligned/000343_20260227_024035/mask_80c.png,9707,0.0296234130859375
000344_20260227_024036,exported,20260227_024036.tiff,2026-02-27 02:40:36,410.83333333333337,00:06:50.833,12325,raw/thermal/20260227_024036.tiff,processed/aligned/000344_20260227_024036/thermal.tiff,processed/aligned/000344_20260227_024036/thermal.png,processed/aligned/000344_20260227_024036/video.png,processed/aligned/000344_20260227_024036/overlay.png,0.13292238116264343,0.3771636962890625,0.0,processed/aligned/000344_20260227_024036/mask_80c.png,10293,0.0314117431640625
000345_20260227_024037,exported,20260227_024037.tiff,2026-02-27 02:40:37,411.83333333333337,00:06:51.833,12355,raw/thermal/20260227_024037.tiff,processed/aligned/000345_20260227_024037/thermal.tiff,processed/aligned/000345_20260227_024037/thermal.png,processed/aligned/000345_20260227_024037/video.png,processed/aligned/000345_20260227_024037/overlay.png,0.14807604253292084,0.357293701171875,0.0,processed/aligned/000345_20260227_024037/mask_80c.png,6673,0.0203643798828125
000346_20260227_024038,exported,20260227_024038.tiff,2026-02-27 02:40:38,412.83333333333337,00:06:52.833,12385,raw/thermal/20260227_024038.tiff,processed/aligned/000346_20260227_024038/thermal.tiff,processed/aligned/000346_20260227_024038/thermal.png,processed/aligned/000346_20260227_024038/video.png,processed/aligned/000346_20260227_024038/overlay.png,0.14219947159290314,0.3404693603515625,0.0,processed/aligned/000346_20260227_024038/mask_80c.png,9675,0.0295257568359375
000347_20260227_024039,exported,20260227_024039.tiff,2026-02-27 02:40:39,413.83333333333337,00:06:53.833,12415,raw/thermal/20260227_024039.tiff,processed/aligned/000347_20260227_024039/thermal.tiff,processed/aligned/000347_20260227_024039/thermal.png,processed/aligned/000347_20260227_024039/video.png,processed/aligned/000347_20260227_024039/overlay.png,0.1480764641892165,0.344830322265625,0.0002716064453125,processed/aligned/000347_20260227_024039/mask_80c.png,9475,0.0289154052734375
000348_20260227_024040,exported,20260227_024040.tiff,2026-02-27 02:40:40,414.83333333333337,00:06:54.833,12445,raw/thermal/20260227_024040.tiff,processed/aligned/000348_20260227_024040/thermal.tiff,processed/aligned/000348_20260227_024040/thermal.png,processed/aligned/000348_20260227_024040/video.png,processed/aligned/000348_20260227_024040/overlay.png,0.13453160069184378,0.3528656005859375,0.000213623046875,processed/aligned/000348_20260227_024040/mask_80c.png,14867,0.0453704833984375
000349_20260227_024041,exported,20260227_024041.tiff,2026-02-27 02:40:41,415.83333333333337,00:06:55.833,12475,raw/thermal/20260227_024041.tiff,processed/aligned/000349_20260227_024041/thermal.tiff,processed/aligned/000349_20260227_024041/thermal.png,processed/aligned/000349_20260227_024041/video.png,processed/aligned/000349_20260227_024041/overlay.png,0.14554564282298088,0.36641845703125,9.765625e-05,processed/aligned/000349_20260227_024041/mask_80c.png,7077,0.0215972900390625
000350_20260227_024042,exported,20260227_024042.tiff,2026-02-27 02:40:42,416.83333333333337,00:06:56.833,12505,raw/thermal/20260227_024042.tiff,processed/aligned/000350_20260227_024042/thermal.tiff,processed/aligned/000350_20260227_024042/thermal.png,processed/aligned/000350_20260227_024042/video.png,processed/aligned/000350_20260227_024042/overlay.png,0.150074765086174,0.3412445068359375,0.0,processed/aligned/000350_20260227_024042/mask_80c.png,5089,0.0155303955078125
000351_20260227_024043,exported,20260227_024043.tiff,2026-02-27 02:40:43,417.83333333333337,00:06:57.833,12535,raw/thermal/20260227_024043.tiff,processed/aligned/000351_20260227_024043/thermal.tiff,processed/aligned/000351_20260227_024043/thermal.png,processed/aligned/000351_20260227_024043/video.png,processed/aligned/000351_20260227_024043/overlay.png,0.14859020709991455,0.2997039794921875,0.0,processed/aligned/000351_20260227_024043/mask_80c.png,10520,0.0321044921875
000352_20260227_024044,exported,20260227_024044.tiff,2026-02-27 02:40:44,418.83333333333337,00:06:58.833,12565,raw/thermal/20260227_024044.tiff,processed/aligned/000352_20260227_024044/thermal.tiff,processed/aligned/000352_20260227_024044/thermal.png,processed/aligned/000352_20260227_024044/video.png,processed/aligned/000352_20260227_024044/overlay.png,0.14435023069381714,0.2775665283203125,0.0,processed/aligned/000352_20260227_024044/mask_80c.png,9514,0.029034423828125
000353_20260227_024045,exported,20260227_024045.tiff,2026-02-27 02:40:45,419.83333333333337,00:06:59.833,12595,raw/thermal/20260227_024045.tiff,processed/aligned/000353_20260227_024045/thermal.tiff,processed/aligned/000353_20260227_024045/thermal.png,processed/aligned/000353_20260227_024045/video.png,processed/aligned/000353_20260227_024045/overlay.png,0.1406639665365219,0.354498291015625,0.0,processed/aligned/000353_20260227_024045/mask_80c.png,6838,0.020867919921875
000354_20260227_024046,exported,20260227_024046.tiff,2026-02-27 02:40:46,420.83333333333337,00:07:00.833,12625,raw/thermal/20260227_024046.tiff,processed/aligned/000354_20260227_024046/thermal.tiff,processed/aligned/000354_20260227_024046/thermal.png,processed/aligned/000354_20260227_024046/video.png,processed/aligned/000354_20260227_024046/overlay.png,0.15417660027742386,0.3147796630859375,0.0001312255859375,processed/aligned/000354_20260227_024046/mask_80c.png,4540,0.01385498046875
000355_20260227_024047,exported,20260227_024047.tiff,2026-02-27 02:40:47,421.83333333333337,00:07:01.833,12655,raw/thermal/20260227_024047.tiff,processed/aligned/000355_20260227_024047/thermal.tiff,processed/aligned/000355_20260227_024047/thermal.png,processed/aligned/000355_20260227_024047/video.png,processed/aligned/000355_20260227_024047/overlay.png,0.15897673042491078,0.2831634521484375,0.0004486083984375,processed/aligned/000355_20260227_024047/mask_80c.png,2951,0.0090057373046875
000356_20260227_024048,exported,20260227_024048.tiff,2026-02-27 02:40:48,422.83333333333337,00:07:02.833,12685,raw/thermal/20260227_024048.tiff,processed/aligned/000356_20260227_024048/thermal.tiff,processed/aligned/000356_20260227_024048/thermal.png,processed/aligned/000356_20260227_024048/video.png,processed/aligned/000356_20260227_024048/overlay.png,0.1513022892177105,0.2963531494140625,0.0019134521484375,processed/aligned/000356_20260227_024048/mask_80c.png,6166,0.018817138671875
000357_20260227_024049,exported,20260227_024049.tiff,2026-02-27 02:40:49,423.83333333333337,00:07:03.833,12715,raw/thermal/20260227_024049.tiff,processed/aligned/000357_20260227_024049/thermal.tiff,processed/aligned/000357_20260227_024049/thermal.png,processed/aligned/000357_20260227_024049/video.png,processed/aligned/000357_20260227_024049/overlay.png,0.1559485704638064,0.3065093994140625,0.002178955078125,processed/aligned/000357_20260227_024049/mask_80c.png,6875,0.0209808349609375
000358_20260227_024050,exported,20260227_024050.tiff,2026-02-27 02:40:50,424.83333333333337,00:07:04.833,12745,raw/thermal/20260227_024050.tiff,processed/aligned/000358_20260227_024050/thermal.tiff,processed/aligned/000358_20260227_024050/thermal.png,processed/aligned/000358_20260227_024050/video.png,processed/aligned/000358_20260227_024050/overlay.png,0.1774565326049924,0.2963348388671875,0.009197998046875,processed/aligned/000358_20260227_024050/mask_80c.png,4810,0.014678955078125
000359_20260227_024051,exported,20260227_024051.tiff,2026-02-27 02:40:51,425.83333333333337,00:07:05.833,12775,raw/thermal/20260227_024051.tiff,processed/aligned/000359_20260227_024051/thermal.tiff,processed/aligned/000359_20260227_024051/thermal.png,processed/aligned/000359_20260227_024051/video.png,processed/aligned/000359_20260227_024051/overlay.png,0.22432538121938705,0.300421142578125,0.0288543701171875,processed/aligned/000359_20260227_024051/mask_80c.png,2211,0.0067474365234375
000360_20260227_024052,exported,20260227_024052.tiff,2026-02-27 02:40:52,426.83333333333337,00:07:06.833,12805,raw/thermal/20260227_024052.tiff,processed/aligned/000360_20260227_024052/thermal.tiff,processed/aligned/000360_20260227_024052/thermal.png,processed/aligned/000360_20260227_024052/video.png,processed/aligned/000360_20260227_024052/overlay.png,0.24107616022229195,0.2858795166015625,0.049591064453125,processed/aligned/000360_20260227_024052/mask_80c.png,3183,0.0097137451171875
000361_20260227_024053,exported,20260227_024053.tiff,2026-02-27 02:40:53,427.83333333333337,00:07:07.833,12835,raw/thermal/20260227_024053.tiff,processed/aligned/000361_20260227_024053/thermal.tiff,processed/aligned/000361_20260227_024053/thermal.png,processed/aligned/000361_20260227_024053/video.png,processed/aligned/000361_20260227_024053/overlay.png,0.3352300226688385,0.344989013671875,0.177880859375,processed/aligned/000361_20260227_024053/mask_80c.png,3446,0.010516357421875
000362_20260227_024054,exported,20260227_024054.tiff,2026-02-27 02:40:54,428.83333333333337,00:07:08.833,12865,raw/thermal/20260227_024054.tiff,processed/aligned/000362_20260227_024054/thermal.tiff,processed/aligned/000362_20260227_024054/thermal.png,processed/aligned/000362_20260227_024054/video.png,processed/aligned/000362_20260227_024054/overlay.png,0.34501273185014725,0.2712738037109375,0.2736907958984375,processed/aligned/000362_20260227_024054/mask_80c.png,5459,0.0166595458984375
000363_20260227_024055,exported,20260227_024055.tiff,2026-02-27 02:40:55,429.83333333333337,00:07:09.833,12895,raw/thermal/20260227_024055.tiff,processed/aligned/000363_20260227_024055/thermal.tiff,processed/aligned/000363_20260227_024055/thermal.png,processed/aligned/000363_20260227_024055/video.png,processed/aligned/000363_20260227_024055/overlay.png,0.39668915420770645,0.2754150390625,0.4120819091796875,processed/aligned/000363_20260227_024055/mask_80c.png,8442,0.025762939453125
000364_20260227_024056,exported,20260227_024056.tiff,2026-02-27 02:40:56,430.83333333333337,00:07:10.833,12925,raw/thermal/20260227_024056.tiff,processed/aligned/000364_20260227_024056/thermal.tiff,processed/aligned/000364_20260227_024056/thermal.png,processed/aligned/000364_20260227_024056/video.png,processed/aligned/000364_20260227_024056/overlay.png,0.28703777864575386,0.2839019775390625,0.1759429931640625,processed/aligned/000364_20260227_024056/mask_80c.png,6243,0.0190521240234375
000365_20260227_024057,exported,20260227_024057.tiff,2026-02-27 02:40:57,431.83333333333337,00:07:11.833,12955,raw/thermal/20260227_024057.tiff,processed/aligned/000365_20260227_024057/thermal.tiff,processed/aligned/000365_20260227_024057/thermal.png,processed/aligned/000365_20260227_024057/video.png,processed/aligned/000365_20260227_024057/overlay.png,0.18193283304572105,0.2691741943359375,0.03553466796875,processed/aligned/000365_20260227_024057/mask_80c.png,7340,0.02239990234375
000366_20260227_024058,exported,20260227_024058.tiff,2026-02-27 02:40:58,432.83333333333337,00:07:12.833,12985,raw/thermal/20260227_024058.tiff,processed/aligned/000366_20260227_024058/thermal.tiff,processed/aligned/000366_20260227_024058/thermal.png,processed/aligned/000366_20260227_024058/video.png,processed/aligned/000366_20260227_024058/overlay.png,0.2137208804488182,0.270550537109375,0.1057952880859375,processed/aligned/000366_20260227_024058/mask_80c.png,9240,0.0281982421875
000367_20260227_024059,exported,20260227_024059.tiff,2026-02-27 02:40:59,433.83333333333337,00:07:13.833,13015,raw/thermal/20260227_024059.tiff,processed/aligned/000367_20260227_024059/thermal.tiff,processed/aligned/000367_20260227_024059/thermal.png,processed/aligned/000367_20260227_024059/video.png,processed/aligned/000367_20260227_024059/overlay.png,0.33516549319028854,0.274468994140625,0.3397796630859375,processed/aligned/000367_20260227_024059/mask_80c.png,6864,0.020947265625
000368_20260227_024100,exported,20260227_024100.tiff,2026-02-27 02:41:00,434.83333333333337,00:07:14.833,13045,raw/thermal/20260227_024100.tiff,processed/aligned/000368_20260227_024100/thermal.tiff,processed/aligned/000368_20260227_024100/thermal.png,processed/aligned/000368_20260227_024100/video.png,processed/aligned/000368_20260227_024100/overlay.png,0.33350494503974915,0.287091064453125,0.2522857666015625,processed/aligned/000368_20260227_024100/mask_80c.png,3672,0.0112060546875
000369_20260227_024101,exported,20260227_024101.tiff,2026-02-27 02:41:01,435.83333333333337,00:07:15.833,13075,raw/thermal/20260227_024101.tiff,processed/aligned/000369_20260227_024101/thermal.tiff,processed/aligned/000369_20260227_024101/thermal.png,processed/aligned/000369_20260227_024101/video.png,processed/aligned/000369_20260227_024101/overlay.png,0.338895246386528,0.2298614501953125,0.25322265625,processed/aligned/000369_20260227_024101/mask_80c.png,1920,0.005859375
000370_20260227_024102,exported,20260227_024102.tiff,2026-02-27 02:41:02,436.83333333333337,00:07:16.833,13105,raw/thermal/20260227_024102.tiff,processed/aligned/000370_20260227_024102/thermal.tiff,processed/aligned/000370_20260227_024102/thermal.png,processed/aligned/000370_20260227_024102/video.png,processed/aligned/000370_20260227_024102/overlay.png,0.2226802408695221,0.3176849365234375,0.0263336181640625,processed/aligned/000370_20260227_024102/mask_80c.png,588,0.00179443359375
000371_20260227_024103,exported,20260227_024103.tiff,2026-02-27 02:41:03,437.83333333333337,00:07:17.833,13135,raw/thermal/20260227_024103.tiff,processed/aligned/000371_20260227_024103/thermal.tiff,processed/aligned/000371_20260227_024103/thermal.png,processed/aligned/000371_20260227_024103/video.png,processed/aligned/000371_20260227_024103/overlay.png,0.20198887400329113,0.247845458984375,0.0188446044921875,processed/aligned/000371_20260227_024103/mask_80c.png,738,0.002252197265625
000372_20260227_024104,exported,20260227_024104.tiff,2026-02-27 02:41:04,438.83333333333337,00:07:18.833,13165,raw/thermal/20260227_024104.tiff,processed/aligned/000372_20260227_024104/thermal.tiff,processed/aligned/000372_20260227_024104/thermal.png,processed/aligned/000372_20260227_024104/video.png,processed/aligned/000372_20260227_024104/overlay.png,0.21952204033732414,0.3430328369140625,0.048358154296875,processed/aligned/000372_20260227_024104/mask_80c.png,324,0.00098876953125
000373_20260227_024105,exported,20260227_024105.tiff,2026-02-27 02:41:05,439.83333333333337,00:07:19.833,13195,raw/thermal/20260227_024105.tiff,processed/aligned/000373_20260227_024105/thermal.tiff,processed/aligned/000373_20260227_024105/thermal.png,processed/aligned/000373_20260227_024105/video.png,processed/aligned/000373_20260227_024105/overlay.png,0.22722426988184452,0.322540283203125,0.0565521240234375,processed/aligned/000373_20260227_024105/mask_80c.png,1728,0.0052734375
000374_20260227_024106,exported,20260227_024106.tiff,2026-02-27 02:41:06,440.83333333333337,00:07:20.833,13225,raw/thermal/20260227_024106.tiff,processed/aligned/000374_20260227_024106/thermal.tiff,processed/aligned/000374_20260227_024106/thermal.png,processed/aligned/000374_20260227_024106/video.png,processed/aligned/000374_20260227_024106/overlay.png,0.23226834274828434,0.3292572021484375,0.04888916015625,processed/aligned/000374_20260227_024106/mask_80c.png,1022,0.003118896484375
000375_20260227_024107,exported,20260227_024107.tiff,2026-02-27 02:41:07,441.83333333333337,00:07:21.833,13255,raw/thermal/20260227_024107.tiff,processed/aligned/000375_20260227_024107/thermal.tiff,processed/aligned/000375_20260227_024107/thermal.png,processed/aligned/000375_20260227_024107/video.png,processed/aligned/000375_20260227_024107/overlay.png,0.2802699878811836,0.3395111083984375,0.0973114013671875,processed/aligned/000375_20260227_024107/mask_80c.png,1226,0.003741455078125
000376_20260227_024108,exported,20260227_024108.tiff,2026-02-27 02:41:08,442.83333333333337,00:07:22.833,13285,raw/thermal/20260227_024108.tiff,processed/aligned/000376_20260227_024108/thermal.tiff,processed/aligned/000376_20260227_024108/thermal.png,processed/aligned/000376_20260227_024108/video.png,processed/aligned/000376_20260227_024108/overlay.png,0.253553606569767,0.3279693603515625,0.075372314453125,processed/aligned/000376_20260227_024108/mask_80c.png,864,0.00263671875
000377_20260227_024109,exported,20260227_024109.tiff,2026-02-27 02:41:09,443.83333333333337,00:07:23.833,13315,raw/thermal/20260227_024109.tiff,processed/aligned/000377_20260227_024109/thermal.tiff,processed/aligned/000377_20260227_024109/thermal.png,processed/aligned/000377_20260227_024109/video.png,processed/aligned/000377_20260227_024109/overlay.png,0.31994449347257614,0.3088409423828125,0.1998291015625,processed/aligned/000377_20260227_024109/mask_80c.png,887,0.0027069091796875
000378_20260227_024110,exported,20260227_024110.tiff,2026-02-27 02:41:10,444.83333333333337,00:07:24.833,13345,raw/thermal/20260227_024110.tiff,processed/aligned/000378_20260227_024110/thermal.tiff,processed/aligned/000378_20260227_024110/thermal.png,processed/aligned/000378_20260227_024110/video.png,processed/aligned/000378_20260227_024110/overlay.png,0.3195229209959507,0.305657958984375,0.2712982177734375,processed/aligned/000378_20260227_024110/mask_80c.png,588,0.00179443359375
000379_20260227_024111,exported,20260227_024111.tiff,2026-02-27 02:41:11,445.83333333333337,00:07:25.833,13375,raw/thermal/20260227_024111.tiff,processed/aligned/000379_20260227_024111/thermal.tiff,processed/aligned/000379_20260227_024111/thermal.png,processed/aligned/000379_20260227_024111/video.png,processed/aligned/000379_20260227_024111/overlay.png,0.360288642346859,0.28585205078125,0.3491912841796875,processed/aligned/000379_20260227_024111/mask_80c.png,1210,0.003692626953125
000380_20260227_024112,exported,20260227_024112.tiff,2026-02-27 02:41:12,446.83333333333337,00:07:26.833,13405,raw/thermal/20260227_024112.tiff,processed/aligned/000380_20260227_024112/thermal.tiff,processed/aligned/000380_20260227_024112/thermal.png,processed/aligned/000380_20260227_024112/video.png,processed/aligned/000380_20260227_024112/overlay.png,0.3786245733499527,0.314019775390625,0.31416015625,processed/aligned/000380_20260227_024112/mask_80c.png,1138,0.003472900390625
000381_20260227_024113,exported,20260227_024113.tiff,2026-02-27 02:41:13,447.83333333333337,00:07:27.833,13435,raw/thermal/20260227_024113.tiff,processed/aligned/000381_20260227_024113/thermal.tiff,processed/aligned/000381_20260227_024113/thermal.png,processed/aligned/000381_20260227_024113/video.png,processed/aligned/000381_20260227_024113/overlay.png,0.330380879342556,0.219061279296875,0.2968658447265625,processed/aligned/000381_20260227_024113/mask_80c.png,2038,0.006219482421875
000382_20260227_024114,exported,20260227_024114.tiff,2026-02-27 02:41:14,448.83333333333337,00:07:28.833,13465,raw/thermal/20260227_024114.tiff,processed/aligned/000382_20260227_024114/thermal.tiff,processed/aligned/000382_20260227_024114/thermal.png,processed/aligned/000382_20260227_024114/video.png,processed/aligned/000382_20260227_024114/overlay.png,0.3466985449194908,0.257049560546875,0.2733306884765625,processed/aligned/000382_20260227_024114/mask_80c.png,328,0.0010009765625
000383_20260227_024115,exported,20260227_024115.tiff,2026-02-27 02:41:15,449.83333333333337,00:07:29.833,13495,raw/thermal/20260227_024115.tiff,processed/aligned/000383_20260227_024115/thermal.tiff,processed/aligned/000383_20260227_024115/thermal.png,processed/aligned/000383_20260227_024115/video.png,processed/aligned/000383_20260227_024115/overlay.png,0.3497541919350624,0.3094451904296875,0.214398193359375,processed/aligned/000383_20260227_024115/mask_80c.png,360,0.0010986328125
000384_20260227_024116,exported,20260227_024116.tiff,2026-02-27 02:41:16,450.83333333333337,00:07:30.833,13525,raw/thermal/20260227_024116.tiff,processed/aligned/000384_20260227_024116/thermal.tiff,processed/aligned/000384_20260227_024116/thermal.png,processed/aligned/000384_20260227_024116/video.png,processed/aligned/000384_20260227_024116/overlay.png,0.18426666408777237,0.34744873046875,0.0216156005859375,processed/aligned/000384_20260227_024116/mask_80c.png,1080,0.0032958984375
000385_20260227_024117,exported,20260227_024117.tiff,2026-02-27 02:41:17,451.83333333333337,00:07:31.833,13555,raw/thermal/20260227_024117.tiff,processed/aligned/000385_20260227_024117/thermal.tiff,processed/aligned/000385_20260227_024117/thermal.png,processed/aligned/000385_20260227_024117/video.png,processed/aligned/000385_20260227_024117/overlay.png,0.1477857083082199,0.2982879638671875,0.00018310546875,processed/aligned/000385_20260227_024117/mask_80c.png,1310,0.003997802734375
000386_20260227_024118,exported,20260227_024118.tiff,2026-02-27 02:41:18,452.83333333333337,00:07:32.833,13585,raw/thermal/20260227_024118.tiff,processed/aligned/000386_20260227_024118/thermal.tiff,processed/aligned/000386_20260227_024118/thermal.png,processed/aligned/000386_20260227_024118/video.png,processed/aligned/000386_20260227_024118/overlay.png,0.16091735661029816,0.32420654296875,0.0,processed/aligned/000386_20260227_024118/mask_80c.png,1001,0.0030548095703125
000387_20260227_024119,exported,20260227_024119.tiff,2026-02-27 02:41:19,453.83333333333337,00:07:33.833,13615,raw/thermal/20260227_024119.tiff,processed/aligned/000387_20260227_024119/thermal.tiff,processed/aligned/000387_20260227_024119/thermal.png,processed/aligned/000387_20260227_024119/video.png,processed/aligned/000387_20260227_024119/overlay.png,0.15782983601093292,0.30572509765625,0.0,processed/aligned/000387_20260227_024119/mask_80c.png,871,0.0026580810546875
000388_20260227_024120,exported,20260227_024120.tiff,2026-02-27 02:41:20,454.83333333333337,00:07:34.833,13645,raw/thermal/20260227_024120.tiff,processed/aligned/000388_20260227_024120/thermal.tiff,processed/aligned/000388_20260227_024120/thermal.png,processed/aligned/000388_20260227_024120/video.png,processed/aligned/000388_20260227_024120/overlay.png,0.16135329101234674,0.28292236328125,0.0017333984375,processed/aligned/000388_20260227_024120/mask_80c.png,755,0.0023040771484375
000389_20260227_024121,exported,20260227_024121.tiff,2026-02-27 02:41:21,455.83333333333337,00:07:35.833,13675,raw/thermal/20260227_024121.tiff,processed/aligned/000389_20260227_024121/thermal.tiff,processed/aligned/000389_20260227_024121/thermal.png,processed/aligned/000389_20260227_024121/video.png,processed/aligned/000389_20260227_024121/overlay.png,0.20781086198985577,0.2922576904296875,0.03001708984375,processed/aligned/000389_20260227_024121/mask_80c.png,831,0.0025360107421875
000390_20260227_024122,exported,20260227_024122.tiff,2026-02-27 02:41:22,456.83333333333337,00:07:36.833,13705,raw/thermal/20260227_024122.tiff,processed/aligned/000390_20260227_024122/thermal.tiff,processed/aligned/000390_20260227_024122/thermal.png,processed/aligned/000390_20260227_024122/video.png,processed/aligned/000390_20260227_024122/overlay.png,0.2613882012665272,0.288018798828125,0.11466064453125,processed/aligned/000390_20260227_024122/mask_80c.png,599,0.0018280029296875
000391_20260227_024123,exported,20260227_024123.tiff,2026-02-27 02:41:23,457.83333333333337,00:07:37.833,13735,raw/thermal/20260227_024123.tiff,processed/aligned/000391_20260227_024123/thermal.tiff,processed/aligned/000391_20260227_024123/thermal.png,processed/aligned/000391_20260227_024123/video.png,processed/aligned/000391_20260227_024123/overlay.png,0.29099902138113976,0.2721160888671875,0.1365509033203125,processed/aligned/000391_20260227_024123/mask_80c.png,653,0.0019927978515625
000392_20260227_024124,exported,20260227_024124.tiff,2026-02-27 02:41:24,458.83333333333337,00:07:38.833,13765,raw/thermal/20260227_024124.tiff,processed/aligned/000392_20260227_024124/thermal.tiff,processed/aligned/000392_20260227_024124/thermal.png,processed/aligned/000392_20260227_024124/video.png,processed/aligned/000392_20260227_024124/overlay.png,0.2353902105242014,0.2960357666015625,0.0429595947265625,processed/aligned/000392_20260227_024124/mask_80c.png,97,0.0002960205078125
000393_20260227_024125,exported,20260227_024125.tiff,2026-02-27 02:41:25,459.83333333333337,00:07:39.833,13795,raw/thermal/20260227_024125.tiff,processed/aligned/000393_20260227_024125/thermal.tiff,processed/aligned/000393_20260227_024125/thermal.png,processed/aligned/000393_20260227_024125/video.png,processed/aligned/000393_20260227_024125/overlay.png,0.17003954108804464,0.3084075927734375,0.0053070068359375,processed/aligned/000393_20260227_024125/mask_80c.png,249,0.0007598876953125
000394_20260227_024126,exported,20260227_024126.tiff,2026-02-27 02:41:26,460.83333333333337,00:07:40.833,13825,raw/thermal/20260227_024126.tiff,processed/aligned/000394_20260227_024126/thermal.tiff,processed/aligned/000394_20260227_024126/thermal.png,processed/aligned/000394_20260227_024126/video.png,processed/aligned/000394_20260227_024126/overlay.png,0.1575539403129369,0.301409912109375,0.0009429931640625,processed/aligned/000394_20260227_024126/mask_80c.png,866,0.002642822265625
000395_20260227_024127,exported,20260227_024127.tiff,2026-02-27 02:41:27,461.83333333333337,00:07:41.833,13855,raw/thermal/20260227_024127.tiff,processed/aligned/000395_20260227_024127/thermal.tiff,processed/aligned/000395_20260227_024127/thermal.png,processed/aligned/000395_20260227_024127/video.png,processed/aligned/000395_20260227_024127/overlay.png,0.14907020330429077,0.2692718505859375,0.0,processed/aligned/000395_20260227_024127/mask_80c.png,668,0.00203857421875
000396_20260227_024128,exported,20260227_024128.tiff,2026-02-27 02:41:28,462.83333333333337,00:07:42.833,13885,raw/thermal/20260227_024128.tiff,processed/aligned/000396_20260227_024128/thermal.tiff,processed/aligned/000396_20260227_024128/thermal.png,processed/aligned/000396_20260227_024128/video.png,processed/aligned/000396_20260227_024128/overlay.png,0.14768196642398834,0.33565673828125,0.0,processed/aligned/000396_20260227_024128/mask_80c.png,1043,0.0031829833984375
000397_20260227_024129,exported,20260227_024129.tiff,2026-02-27 02:41:29,463.83333333333337,00:07:43.833,13915,raw/thermal/20260227_024129.tiff,processed/aligned/000397_20260227_024129/thermal.tiff,processed/aligned/000397_20260227_024129/thermal.png,processed/aligned/000397_20260227_024129/video.png,processed/aligned/000397_20260227_024129/overlay.png,0.15159498155117035,0.3528045654296875,0.0,processed/aligned/000397_20260227_024129/mask_80c.png,1144,0.0034912109375
000398_20260227_024130,exported,20260227_024130.tiff,2026-02-27 02:41:30,464.83333333333337,00:07:44.833,13945,raw/thermal/20260227_024130.tiff,processed/aligned/000398_20260227_024130/thermal.tiff,processed/aligned/000398_20260227_024130/thermal.png,processed/aligned/000398_20260227_024130/video.png,processed/aligned/000398_20260227_024130/overlay.png,0.1557399183511734,0.342694091796875,0.0,processed/aligned/000398_20260227_024130/mask_80c.png,2258,0.006890869140625
000399_20260227_024131,exported,20260227_024131.tiff,2026-02-27 02:41:31,465.83333333333337,00:07:45.833,13975,raw/thermal/20260227_024131.tiff,processed/aligned/000399_20260227_024131/thermal.tiff,processed/aligned/000399_20260227_024131/thermal.png,processed/aligned/000399_20260227_024131/video.png,processed/aligned/000399_20260227_024131/overlay.png,0.1553390771150589,0.335345458984375,0.0,processed/aligned/000399_20260227_024131/mask_80c.png,1167,0.0035614013671875
000400_20260227_024132,exported,20260227_024132.tiff,2026-02-27 02:41:32,466.83333333333337,00:07:46.833,14005,raw/thermal/20260227_024132.tiff,processed/aligned/000400_20260227_024132/thermal.tiff,processed/aligned/000400_20260227_024132/thermal.png,processed/aligned/000400_20260227_024132/video.png,processed/aligned/000400_20260227_024132/overlay.png,0.15734530985355377,0.3495025634765625,0.0,processed/aligned/000400_20260227_024132/mask_80c.png,1103,0.0033660888671875
000401_20260227_024133,exported,20260227_024133.tiff,2026-02-27 02:41:33,467.83333333333337,00:07:47.833,14035,raw/thermal/20260227_024133.tiff,processed/aligned/000401_20260227_024133/thermal.tiff,processed/aligned/000401_20260227_024133/thermal.png,processed/aligned/000401_20260227_024133/video.png,processed/aligned/000401_20260227_024133/overlay.png,0.15865318477153778,0.33770751953125,0.0,processed/aligned/000401_20260227_024133/mask_80c.png,1171,0.0035736083984375
000402_20260227_024134,exported,20260227_024134.tiff,2026-02-27 02:41:34,468.83333333333337,00:07:48.833,14065,raw/thermal/20260227_024134.tiff,processed/aligned/000402_20260227_024134/thermal.tiff,processed/aligned/000402_20260227_024134/thermal.png,processed/aligned/000402_20260227_024134/video.png,processed/aligned/000402_20260227_024134/overlay.png,0.15605157613754272,0.3614227294921875,0.0,processed/aligned/000402_20260227_024134/mask_80c.png,2423,0.0073944091796875
000403_20260227_024135,exported,20260227_024135.tiff,2026-02-27 02:41:35,469.83333333333337,00:07:49.833,14095,raw/thermal/20260227_024135.tiff,processed/aligned/000403_20260227_024135/thermal.tiff,processed/aligned/000403_20260227_024135/thermal.png,processed/aligned/000403_20260227_024135/video.png,processed/aligned/000403_20260227_024135/overlay.png,0.15837135910987854,0.337567138671875,0.0,processed/aligned/000403_20260227_024135/mask_80c.png,2166,0.006610107421875
000404_20260227_024136,exported,20260227_024136.tiff,2026-02-27 02:41:36,470.83333333333337,00:07:50.833,14125,raw/thermal/20260227_024136.tiff,processed/aligned/000404_20260227_024136/thermal.tiff,processed/aligned/000404_20260227_024136/thermal.png,processed/aligned/000404_20260227_024136/video.png,processed/aligned/000404_20260227_024136/overlay.png,0.15931472182273865,0.34896240234375,6.103515625e-05,processed/aligned/000404_20260227_024136/mask_80c.png,2035,0.0062103271484375
000405_20260227_024137,exported,20260227_024137.tiff,2026-02-27 02:41:37,471.83333333333337,00:07:51.833,14155,raw/thermal/20260227_024137.tiff,processed/aligned/000405_20260227_024137/thermal.tiff,processed/aligned/000405_20260227_024137/thermal.png,processed/aligned/000405_20260227_024137/video.png,processed/aligned/000405_20260227_024137/overlay.png,0.16064453125,0.354632568359375,0.0,processed/aligned/000405_20260227_024137/mask_80c.png,1703,0.0051971435546875
000406_20260227_024138,exported,20260227_024138.tiff,2026-02-27 02:41:38,472.83333333333337,00:07:52.833,14185,raw/thermal/20260227_024138.tiff,processed/aligned/000406_20260227_024138/thermal.tiff,processed/aligned/000406_20260227_024138/thermal.png,processed/aligned/000406_20260227_024138/video.png,processed/aligned/000406_20260227_024138/overlay.png,0.15672925114631653,0.332049560546875,0.0,processed/aligned/000406_20260227_024138/mask_80c.png,1837,0.0056060791015625
000407_20260227_024139,exported,20260227_024139.tiff,2026-02-27 02:41:39,473.83333333333337,00:07:53.833,14215,raw/thermal/20260227_024139.tiff,processed/aligned/000407_20260227_024139/thermal.tiff,processed/aligned/000407_20260227_024139/thermal.png,processed/aligned/000407_20260227_024139/video.png,processed/aligned/000407_20260227_024139/overlay.png,0.15857180953025818,0.347088623046875,0.0,processed/aligned/000407_20260227_024139/mask_80c.png,1898,0.005792236328125
000408_20260227_024140,exported,20260227_024140.tiff,2026-02-27 02:41:40,474.83333333333337,00:07:54.833,14245,raw/thermal/20260227_024140.tiff,processed/aligned/000408_20260227_024140/thermal.tiff,processed/aligned/000408_20260227_024140/thermal.png,processed/aligned/000408_20260227_024140/video.png,processed/aligned/000408_20260227_024140/overlay.png,0.1547420620918274,0.3155670166015625,0.0,processed/aligned/000408_20260227_024140/mask_80c.png,2066,0.006304931640625
000409_20260227_024141,exported,20260227_024141.tiff,2026-02-27 02:41:41,475.83333333333337,00:07:55.833,14275,raw/thermal/20260227_024141.tiff,processed/aligned/000409_20260227_024141/thermal.tiff,processed/aligned/000409_20260227_024141/thermal.png,processed/aligned/000409_20260227_024141/video.png,processed/aligned/000409_20260227_024141/overlay.png,0.1549670547246933,0.3193023681640625,0.0,processed/aligned/000409_20260227_024141/mask_80c.png,2276,0.00694580078125
000410_20260227_024142,exported,20260227_024142.tiff,2026-02-27 02:41:42,476.83333333333337,00:07:56.833,14305,raw/thermal/20260227_024142.tiff,processed/aligned/000410_20260227_024142/thermal.tiff,processed/aligned/000410_20260227_024142/thermal.png,processed/aligned/000410_20260227_024142/video.png,processed/aligned/000410_20260227_024142/overlay.png,0.15231722337193787,0.311004638671875,0.00030517578125,processed/aligned/000410_20260227_024142/mask_80c.png,2513,0.0076690673828125
000411_20260227_024143,exported,20260227_024143.tiff,2026-02-27 02:41:43,477.83333333333337,00:07:57.833,14335,raw/thermal/20260227_024143.tiff,processed/aligned/000411_20260227_024143/thermal.tiff,processed/aligned/000411_20260227_024143/thermal.png,processed/aligned/000411_20260227_024143/video.png,processed/aligned/000411_20260227_024143/overlay.png,0.1549428254365921,0.2930419921875,0.0,processed/aligned/000411_20260227_024143/mask_80c.png,1970,0.006011962890625
000412_20260227_024144,exported,20260227_024144.tiff,2026-02-27 02:41:44,478.83333333333337,00:07:58.833,14365,raw/thermal/20260227_024144.tiff,processed/aligned/000412_20260227_024144/thermal.tiff,processed/aligned/000412_20260227_024144/thermal.png,processed/aligned/000412_20260227_024144/video.png,processed/aligned/000412_20260227_024144/overlay.png,0.15179769811220467,0.29964599609375,0.000390625,processed/aligned/000412_20260227_024144/mask_80c.png,1557,0.0047515869140625
000413_20260227_024145,exported,20260227_024145.tiff,2026-02-27 02:41:45,479.83333333333337,00:07:59.833,14395,raw/thermal/20260227_024145.tiff,processed/aligned/000413_20260227_024145/thermal.tiff,processed/aligned/000413_20260227_024145/thermal.png,processed/aligned/000413_20260227_024145/video.png,processed/aligned/000413_20260227_024145/overlay.png,0.16018321923911572,0.254205322265625,0.0231842041015625,processed/aligned/000413_20260227_024145/mask_80c.png,2260,0.00689697265625
000414_20260227_024146,exported,20260227_024146.tiff,2026-02-27 02:41:46,480.83333333333337,00:08:00.833,14425,raw/thermal/20260227_024146.tiff,processed/aligned/000414_20260227_024146/thermal.tiff,processed/aligned/000414_20260227_024146/thermal.png,processed/aligned/000414_20260227_024146/video.png,processed/aligned/000414_20260227_024146/overlay.png,0.158752438146621,0.27894287109375,0.0007080078125,processed/aligned/000414_20260227_024146/mask_80c.png,701,0.0021392822265625
000415_20260227_024147,exported,20260227_024147.tiff,2026-02-27 02:41:47,481.83333333333337,00:08:01.833,14455,raw/thermal/20260227_024147.tiff,processed/aligned/000415_20260227_024147/thermal.tiff,processed/aligned/000415_20260227_024147/thermal.png,processed/aligned/000415_20260227_024147/video.png,processed/aligned/000415_20260227_024147/overlay.png,0.14557513454928994,0.232293701171875,0.0025909423828125,processed/aligned/000415_20260227_024147/mask_80c.png,1584,0.004833984375
000416_20260227_024148,exported,20260227_024148.tiff,2026-02-27 02:41:48,482.83333333333337,00:08:02.833,14485,raw/thermal/20260227_024148.tiff,processed/aligned/000416_20260227_024148/thermal.tiff,processed/aligned/000416_20260227_024148/thermal.png,processed/aligned/000416_20260227_024148/video.png,processed/aligned/000416_20260227_024148/overlay.png,0.15704788640141487,0.2090728759765625,0.002783203125,processed/aligned/000416_20260227_024148/mask_80c.png,141,0.0004302978515625
000417_20260227_024149,exported,20260227_024149.tiff,2026-02-27 02:41:49,483.83333333333337,00:08:03.833,14515,raw/thermal/20260227_024149.tiff,processed/aligned/000417_20260227_024149/thermal.tiff,processed/aligned/000417_20260227_024149/thermal.png,processed/aligned/000417_20260227_024149/video.png,processed/aligned/000417_20260227_024149/overlay.png,0.14209106471389532,0.2007781982421875,0.0308074951171875,processed/aligned/000417_20260227_024149/mask_80c.png,905,0.0027618408203125
000418_20260227_024150,exported,20260227_024150.tiff,2026-02-27 02:41:50,484.83333333333337,00:08:04.833,14545,raw/thermal/20260227_024150.tiff,processed/aligned/000418_20260227_024150/thermal.tiff,processed/aligned/000418_20260227_024150/thermal.png,processed/aligned/000418_20260227_024150/video.png,processed/aligned/000418_20260227_024150/overlay.png,0.19636976718902588,0.2350799560546875,0.1568634033203125,processed/aligned/000418_20260227_024150/mask_80c.png,4145,0.0126495361328125
000419_20260227_024151,exported,20260227_024151.tiff,2026-02-27 02:41:51,485.83333333333337,00:08:05.833,14575,raw/thermal/20260227_024151.tiff,processed/aligned/000419_20260227_024151/thermal.tiff,processed/aligned/000419_20260227_024151/thermal.png,processed/aligned/000419_20260227_024151/video.png,processed/aligned/000419_20260227_024151/overlay.png,0.2314591221511364,0.2429229736328125,0.1688720703125,processed/aligned/000419_20260227_024151/mask_80c.png,1840,0.005615234375
000420_20260227_024152,exported,20260227_024152.tiff,2026-02-27 02:41:52,486.83333333333337,00:08:06.833,14605,raw/thermal/20260227_024152.tiff,processed/aligned/000420_20260227_024152/thermal.tiff,processed/aligned/000420_20260227_024152/thermal.png,processed/aligned/000420_20260227_024152/video.png,processed/aligned/000420_20260227_024152/overlay.png,0.2649383991956711,0.2355987548828125,0.3156402587890625,processed/aligned/000420_20260227_024152/mask_80c.png,2785,0.0084991455078125
000421_20260227_024153,exported,20260227_024153.tiff,2026-02-27 02:41:53,487.83333333333337,00:08:07.833,14635,raw/thermal/20260227_024153.tiff,processed/aligned/000421_20260227_024153/thermal.tiff,processed/aligned/000421_20260227_024153/thermal.png,processed/aligned/000421_20260227_024153/video.png,processed/aligned/000421_20260227_024153/overlay.png,0.2949914075434208,0.237603759765625,0.3567108154296875,processed/aligned/000421_20260227_024153/mask_80c.png,1828,0.00557861328125
000422_20260227_024154,exported,20260227_024154.tiff,2026-02-27 02:41:54,488.83333333333337,00:08:08.833,14665,raw/thermal/20260227_024154.tiff,processed/aligned/000422_20260227_024154/thermal.tiff,processed/aligned/000422_20260227_024154/thermal.png,processed/aligned/000422_20260227_024154/video.png,processed/aligned/000422_20260227_024154/overlay.png,0.26798735931515694,0.2382781982421875,0.264715576171875,processed/aligned/000422_20260227_024154/mask_80c.png,2201,0.0067169189453125
000423_20260227_024155,exported,20260227_024155.tiff,2026-02-27 02:41:55,489.83333333333337,00:08:09.833,14695,raw/thermal/20260227_024155.tiff,processed/aligned/000423_20260227_024155/thermal.tiff,processed/aligned/000423_20260227_024155/thermal.png,processed/aligned/000423_20260227_024155/video.png,processed/aligned/000423_20260227_024155/overlay.png,0.24677376449108124,0.218157958984375,0.3948486328125,processed/aligned/000423_20260227_024155/mask_80c.png,11287,0.0344451904296875
000424_20260227_024156,exported,20260227_024156.tiff,2026-02-27 02:41:56,490.83333333333337,00:08:10.833,14725,raw/thermal/20260227_024156.tiff,processed/aligned/000424_20260227_024156/thermal.tiff,processed/aligned/000424_20260227_024156/thermal.png,processed/aligned/000424_20260227_024156/video.png,processed/aligned/000424_20260227_024156/overlay.png,0.4151225909590721,0.2247100830078125,0.638421630859375,processed/aligned/000424_20260227_024156/mask_80c.png,12439,0.0379608154296875
000425_20260227_024157,exported,20260227_024157.tiff,2026-02-27 02:41:57,491.83333333333337,00:08:11.833,14755,raw/thermal/20260227_024157.tiff,processed/aligned/000425_20260227_024157/thermal.tiff,processed/aligned/000425_20260227_024157/thermal.png,processed/aligned/000425_20260227_024157/video.png,processed/aligned/000425_20260227_024157/overlay.png,0.37100571393966675,0.2000946044921875,0.6226470947265625,processed/aligned/000425_20260227_024157/mask_80c.png,16052,0.04898681640625
000426_20260227_024158,exported,20260227_024158.tiff,2026-02-27 02:41:58,492.83333333333337,00:08:12.833,14785,raw/thermal/20260227_024158.tiff,processed/aligned/000426_20260227_024158/thermal.tiff,processed/aligned/000426_20260227_024158/thermal.png,processed/aligned/000426_20260227_024158/video.png,processed/aligned/000426_20260227_024158/overlay.png,0.3774893581867218,0.229278564453125,0.5888885498046875,processed/aligned/000426_20260227_024158/mask_80c.png,14740,0.04498291015625
000427_20260227_024159,exported,20260227_024159.tiff,2026-02-27 02:41:59,493.83333333333337,00:08:13.833,14815,raw/thermal/20260227_024159.tiff,processed/aligned/000427_20260227_024159/thermal.tiff,processed/aligned/000427_20260227_024159/thermal.png,processed/aligned/000427_20260227_024159/video.png,processed/aligned/000427_20260227_024159/overlay.png,0.3716031387448311,0.222747802734375,0.585675048828125,processed/aligned/000427_20260227_024159/mask_80c.png,12918,0.039422607421875
000428_20260227_024200,exported,20260227_024200.tiff,2026-02-27 02:42:00,494.83333333333337,00:08:14.833,14845,raw/thermal/20260227_024200.tiff,processed/aligned/000428_20260227_024200/thermal.tiff,processed/aligned/000428_20260227_024200/thermal.png,processed/aligned/000428_20260227_024200/video.png,processed/aligned/000428_20260227_024200/overlay.png,0.3943312019109726,0.251025390625,0.59739990234375,processed/aligned/000428_20260227_024200/mask_80c.png,10202,0.031134033203125
000429_20260227_024201,exported,20260227_024201.tiff,2026-02-27 02:42:01,495.83333333333337,00:08:15.833,14875,raw/thermal/20260227_024201.tiff,processed/aligned/000429_20260227_024201/thermal.tiff,processed/aligned/000429_20260227_024201/thermal.png,processed/aligned/000429_20260227_024201/video.png,processed/aligned/000429_20260227_024201/overlay.png,0.41274798661470413,0.3139373779296875,0.556744384765625,processed/aligned/000429_20260227_024201/mask_80c.png,7253,0.0221343994140625
000430_20260227_024202,exported,20260227_024202.tiff,2026-02-27 02:42:02,496.83333333333337,00:08:16.833,14905,raw/thermal/20260227_024202.tiff,processed/aligned/000430_20260227_024202/thermal.tiff,processed/aligned/000430_20260227_024202/thermal.png,processed/aligned/000430_20260227_024202/video.png,processed/aligned/000430_20260227_024202/overlay.png,0.4423164874315262,0.3252105712890625,0.5774566650390625,processed/aligned/000430_20260227_024202/mask_80c.png,7122,0.021734619140625
000431_20260227_024203,exported,20260227_024203.tiff,2026-02-27 02:42:03,497.83333333333337,00:08:17.833,14935,raw/thermal/20260227_024203.tiff,processed/aligned/000431_20260227_024203/thermal.tiff,processed/aligned/000431_20260227_024203/thermal.png,processed/aligned/000431_20260227_024203/video.png,processed/aligned/000431_20260227_024203/overlay.png,0.3922155499458313,0.252484130859375,0.595416259765625,processed/aligned/000431_20260227_024203/mask_80c.png,12481,0.0380889892578125
000432_20260227_024204,exported,20260227_024204.tiff,2026-02-27 02:42:04,498.83333333333337,00:08:18.833,14965,raw/thermal/20260227_024204.tiff,processed/aligned/000432_20260227_024204/thermal.tiff,processed/aligned/000432_20260227_024204/thermal.png,processed/aligned/000432_20260227_024204/video.png,processed/aligned/000432_20260227_024204/overlay.png,0.43662896752357483,0.27425537109375,0.6340728759765625,processed/aligned/000432_20260227_024204/mask_80c.png,14648,0.0447021484375
000433_20260227_024205,exported,20260227_024205.tiff,2026-02-27 02:42:05,499.83333333333337,00:08:19.833,14995,raw/thermal/20260227_024205.tiff,processed/aligned/000433_20260227_024205/thermal.tiff,processed/aligned/000433_20260227_024205/thermal.png,processed/aligned/000433_20260227_024205/video.png,processed/aligned/000433_20260227_024205/overlay.png,0.4174267053604126,0.26241455078125,0.622735595703125,processed/aligned/000433_20260227_024205/mask_80c.png,18764,0.05726318359375
000434_20260227_024206,exported,20260227_024206.tiff,2026-02-27 02:42:06,500.83333333333337,00:08:20.833,15025,raw/thermal/20260227_024206.tiff,processed/aligned/000434_20260227_024206/thermal.tiff,processed/aligned/000434_20260227_024206/thermal.png,processed/aligned/000434_20260227_024206/video.png,processed/aligned/000434_20260227_024206/overlay.png,0.39638517051935196,0.28992919921875,0.6132049560546875,processed/aligned/000434_20260227_024206/mask_80c.png,31273,0.0954376220703125
000435_20260227_024207,exported,20260227_024207.tiff,2026-02-27 02:42:07,501.83333333333337,00:08:21.833,15055,raw/thermal/20260227_024207.tiff,processed/aligned/000435_20260227_024207/thermal.tiff,processed/aligned/000435_20260227_024207/thermal.png,processed/aligned/000435_20260227_024207/video.png,processed/aligned/000435_20260227_024207/overlay.png,0.33212505280971527,0.1952850341796875,0.6000244140625,processed/aligned/000435_20260227_024207/mask_80c.png,23247,0.0709442138671875
000436_20260227_024208,exported,20260227_024208.tiff,2026-02-27 02:42:08,502.83333333333337,00:08:22.833,15085,raw/thermal/20260227_024208.tiff,processed/aligned/000436_20260227_024208/thermal.tiff,processed/aligned/000436_20260227_024208/thermal.png,processed/aligned/000436_20260227_024208/video.png,processed/aligned/000436_20260227_024208/overlay.png,0.38137372583150864,0.2344085693359375,0.607421875,processed/aligned/000436_20260227_024208/mask_80c.png,9537,0.0291046142578125
000437_20260227_024209,exported,20260227_024209.tiff,2026-02-27 02:42:09,503.83333333333337,00:08:23.833,15115,raw/thermal/20260227_024209.tiff,processed/aligned/000437_20260227_024209/thermal.tiff,processed/aligned/000437_20260227_024209/thermal.png,processed/aligned/000437_20260227_024209/video.png,processed/aligned/000437_20260227_024209/overlay.png,0.3979436680674553,0.268133544921875,0.627459716796875,processed/aligned/000437_20260227_024209/mask_80c.png,14503,0.0442596435546875
000438_20260227_024210,exported,20260227_024210.tiff,2026-02-27 02:42:10,504.83333333333337,00:08:24.833,15145,raw/thermal/20260227_024210.tiff,processed/aligned/000438_20260227_024210/thermal.tiff,processed/aligned/000438_20260227_024210/thermal.png,processed/aligned/000438_20260227_024210/video.png,processed/aligned/000438_20260227_024210/overlay.png,0.42135047167539597,0.2532379150390625,0.6834930419921875,processed/aligned/000438_20260227_024210/mask_80c.png,18934,0.057781982421875
000439_20260227_024211,exported,20260227_024211.tiff,2026-02-27 02:42:11,505.83333333333337,00:08:25.833,15175,raw/thermal/20260227_024211.tiff,processed/aligned/000439_20260227_024211/thermal.tiff,processed/aligned/000439_20260227_024211/thermal.png,processed/aligned/000439_20260227_024211/video.png,processed/aligned/000439_20260227_024211/overlay.png,0.3879914656281471,0.192291259765625,0.678900146484375,processed/aligned/000439_20260227_024211/mask_80c.png,18621,0.0568267822265625
000440_20260227_024212,exported,20260227_024212.tiff,2026-02-27 02:42:12,506.83333333333337,00:08:26.833,15205,raw/thermal/20260227_024212.tiff,processed/aligned/000440_20260227_024212/thermal.tiff,processed/aligned/000440_20260227_024212/thermal.png,processed/aligned/000440_20260227_024212/video.png,processed/aligned/000440_20260227_024212/overlay.png,0.42473358660936356,0.28658447265625,0.6327056884765625,processed/aligned/000440_20260227_024212/mask_80c.png,19399,0.0592010498046875
000441_20260227_024213,exported,20260227_024213.tiff,2026-02-27 02:42:13,507.83333333333337,00:08:27.833,15235,raw/thermal/20260227_024213.tiff,processed/aligned/000441_20260227_024213/thermal.tiff,processed/aligned/000441_20260227_024213/thermal.png,processed/aligned/000441_20260227_024213/video.png,processed/aligned/000441_20260227_024213/overlay.png,0.4273775517940521,0.2649322509765625,0.6560516357421875,processed/aligned/000441_20260227_024213/mask_80c.png,25021,0.0763580322265625
000442_20260227_024214,exported,20260227_024214.tiff,2026-02-27 02:42:14,508.83333333333337,00:08:28.833,15265,raw/thermal/20260227_024214.tiff,processed/aligned/000442_20260227_024214/thermal.tiff,processed/aligned/000442_20260227_024214/thermal.png,processed/aligned/000442_20260227_024214/video.png,processed/aligned/000442_20260227_024214/overlay.png,0.49019987881183624,0.3295013427734375,0.655072021484375,processed/aligned/000442_20260227_024214/mask_80c.png,11249,0.0343292236328125
000443_20260227_024215,exported,20260227_024215.tiff,2026-02-27 02:42:15,509.83333333333337,00:08:29.833,15295,raw/thermal/20260227_024215.tiff,processed/aligned/000443_20260227_024215/thermal.tiff,processed/aligned/000443_20260227_024215/thermal.png,processed/aligned/000443_20260227_024215/video.png,processed/aligned/000443_20260227_024215/overlay.png,0.47529134899377823,0.3013763427734375,0.6465576171875,processed/aligned/000443_20260227_024215/mask_80c.png,11069,0.0337799072265625
000444_20260227_024216,exported,20260227_024216.tiff,2026-02-27 02:42:16,510.83333333333337,00:08:30.833,15325,raw/thermal/20260227_024216.tiff,processed/aligned/000444_20260227_024216/thermal.tiff,processed/aligned/000444_20260227_024216/thermal.png,processed/aligned/000444_20260227_024216/video.png,processed/aligned/000444_20260227_024216/overlay.png,0.48760323226451874,0.3210235595703125,0.638262939453125,processed/aligned/000444_20260227_024216/mask_80c.png,11073,0.0337921142578125
000445_20260227_024217,exported,20260227_024217.tiff,2026-02-27 02:42:17,511.83333333333337,00:08:31.833,15355,raw/thermal/20260227_024217.tiff,processed/aligned/000445_20260227_024217/thermal.tiff,processed/aligned/000445_20260227_024217/thermal.png,processed/aligned/000445_20260227_024217/video.png,processed/aligned/000445_20260227_024217/overlay.png,0.3821210041642189,0.1995697021484375,0.5843048095703125,processed/aligned/000445_20260227_024217/mask_80c.png,18223,0.0556121826171875
000446_20260227_024218,exported,20260227_024218.tiff,2026-02-27 02:42:18,512.8333333333334,00:08:32.833,15385,raw/thermal/20260227_024218.tiff,processed/aligned/000446_20260227_024218/thermal.tiff,processed/aligned/000446_20260227_024218/thermal.png,processed/aligned/000446_20260227_024218/video.png,processed/aligned/000446_20260227_024218/overlay.png,0.3434051126241684,0.2229949951171875,0.4601531982421875,processed/aligned/000446_20260227_024218/mask_80c.png,17364,0.05299072265625
000447_20260227_024219,exported,20260227_024219.tiff,2026-02-27 02:42:19,513.8333333333334,00:08:33.833,15415,raw/thermal/20260227_024219.tiff,processed/aligned/000447_20260227_024219/thermal.tiff,processed/aligned/000447_20260227_024219/thermal.png,processed/aligned/000447_20260227_024219/video.png,processed/aligned/000447_20260227_024219/overlay.png,0.31625843793153763,0.2324188232421875,0.419677734375,processed/aligned/000447_20260227_024219/mask_80c.png,21036,0.06419677734375
000448_20260227_024220,exported,20260227_024220.tiff,2026-02-27 02:42:20,514.8333333333334,00:08:34.833,15445,raw/thermal/20260227_024220.tiff,processed/aligned/000448_20260227_024220/thermal.tiff,processed/aligned/000448_20260227_024220/thermal.png,processed/aligned/000448_20260227_024220/video.png,processed/aligned/000448_20260227_024220/overlay.png,0.3373565077781677,0.2215362548828125,0.4495880126953125,processed/aligned/000448_20260227_024220/mask_80c.png,24742,0.075506591796875
000449_20260227_024221,exported,20260227_024221.tiff,2026-02-27 02:42:21,515.8333333333334,00:08:35.833,15475,raw/thermal/20260227_024221.tiff,processed/aligned/000449_20260227_024221/thermal.tiff,processed/aligned/000449_20260227_024221/thermal.png,processed/aligned/000449_20260227_024221/video.png,processed/aligned/000449_20260227_024221/overlay.png,0.37445489317178726,0.2208953857421875,0.476055908203125,processed/aligned/000449_20260227_024221/mask_80c.png,24776,0.0756103515625
000450_20260227_024222,exported,20260227_024222.tiff,2026-02-27 02:42:22,516.8333333333334,00:08:36.833,15505,raw/thermal/20260227_024222.tiff,processed/aligned/000450_20260227_024222/thermal.tiff,processed/aligned/000450_20260227_024222/thermal.png,processed/aligned/000450_20260227_024222/video.png,processed/aligned/000450_20260227_024222/overlay.png,0.39199644327163696,0.218023681640625,0.4823699951171875,processed/aligned/000450_20260227_024222/mask_80c.png,29954,0.091412353515625
000451_20260227_024223,exported,20260227_024223.tiff,2026-02-27 02:42:23,517.8333333333334,00:08:37.833,15535,raw/thermal/20260227_024223.tiff,processed/aligned/000451_20260227_024223/thermal.tiff,processed/aligned/000451_20260227_024223/thermal.png,processed/aligned/000451_20260227_024223/video.png,processed/aligned/000451_20260227_024223/overlay.png,0.376851923763752,0.18226318359375,0.4783843994140625,processed/aligned/000451_20260227_024223/mask_80c.png,26815,0.0818328857421875
000452_20260227_024224,exported,20260227_024224.tiff,2026-02-27 02:42:24,518.8333333333334,00:08:38.833,15565,raw/thermal/20260227_024224.tiff,processed/aligned/000452_20260227_024224/thermal.tiff,processed/aligned/000452_20260227_024224/thermal.png,processed/aligned/000452_20260227_024224/video.png,processed/aligned/000452_20260227_024224/overlay.png,0.41158926486968994,0.227459716796875,0.4971435546875,processed/aligned/000452_20260227_024224/mask_80c.png,29209,0.0891387939453125
000453_20260227_024225,exported,20260227_024225.tiff,2026-02-27 02:42:25,519.8333333333334,00:08:39.833,15595,raw/thermal/20260227_024225.tiff,processed/aligned/000453_20260227_024225/thermal.tiff,processed/aligned/000453_20260227_024225/thermal.png,processed/aligned/000453_20260227_024225/video.png,processed/aligned/000453_20260227_024225/overlay.png,0.38637039065361023,0.188726806640625,0.4594207763671875,processed/aligned/000453_20260227_024225/mask_80c.png,35754,0.109112548828125
000454_20260227_024226,exported,20260227_024226.tiff,2026-02-27 02:42:26,520.8333333333334,00:08:40.833,15625,raw/thermal/20260227_024226.tiff,processed/aligned/000454_20260227_024226/thermal.tiff,processed/aligned/000454_20260227_024226/thermal.png,processed/aligned/000454_20260227_024226/video.png,processed/aligned/000454_20260227_024226/overlay.png,0.36966169625520706,0.23724365234375,0.3976287841796875,processed/aligned/000454_20260227_024226/mask_80c.png,26848,0.08193359375
000455_20260227_024227,exported,20260227_024227.tiff,2026-02-27 02:42:27,521.8333333333334,00:08:41.833,15655,raw/thermal/20260227_024227.tiff,processed/aligned/000455_20260227_024227/thermal.tiff,processed/aligned/000455_20260227_024227/thermal.png,processed/aligned/000455_20260227_024227/video.png,processed/aligned/000455_20260227_024227/overlay.png,0.36942534148693085,0.232318115234375,0.4713226318359375,processed/aligned/000455_20260227_024227/mask_80c.png,34666,0.105792236328125
000456_20260227_024228,exported,20260227_024228.tiff,2026-02-27 02:42:28,522.8333333333334,00:08:42.833,15685,raw/thermal/20260227_024228.tiff,processed/aligned/000456_20260227_024228/thermal.tiff,processed/aligned/000456_20260227_024228/thermal.png,processed/aligned/000456_20260227_024228/video.png,processed/aligned/000456_20260227_024228/overlay.png,0.3816201686859131,0.1958953857421875,0.4988616943359375,processed/aligned/000456_20260227_024228/mask_80c.png,24860,0.07586669921875
000457_20260227_024229,exported,20260227_024229.tiff,2026-02-27 02:42:29,523.8333333333334,00:08:43.833,15715,raw/thermal/20260227_024229.tiff,processed/aligned/000457_20260227_024229/thermal.tiff,processed/aligned/000457_20260227_024229/thermal.png,processed/aligned/000457_20260227_024229/video.png,processed/aligned/000457_20260227_024229/overlay.png,0.40678462386131287,0.20272216796875,0.57127685546875,processed/aligned/000457_20260227_024229/mask_80c.png,21061,0.0642730712890625
000458_20260227_024230,exported,20260227_024230.tiff,2026-02-27 02:42:30,524.8333333333334,00:08:44.833,15745,raw/thermal/20260227_024230.tiff,processed/aligned/000458_20260227_024230/thermal.tiff,processed/aligned/000458_20260227_024230/thermal.png,processed/aligned/000458_20260227_024230/video.png,processed/aligned/000458_20260227_024230/overlay.png,0.41460469365119934,0.18704833984375,0.645709228515625,processed/aligned/000458_20260227_024230/mask_80c.png,19735,0.0602264404296875
000459_20260227_024231,exported,20260227_024231.tiff,2026-02-27 02:42:31,525.8333333333334,00:08:45.833,15775,raw/thermal/20260227_024231.tiff,processed/aligned/000459_20260227_024231/thermal.tiff,processed/aligned/000459_20260227_024231/thermal.png,processed/aligned/000459_20260227_024231/video.png,processed/aligned/000459_20260227_024231/overlay.png,0.43329618871212006,0.2335357666015625,0.6240997314453125,processed/aligned/000459_20260227_024231/mask_80c.png,15845,0.0483551025390625
000460_20260227_024232,exported,20260227_024232.tiff,2026-02-27 02:42:32,526.8333333333334,00:08:46.833,15805,raw/thermal/20260227_024232.tiff,processed/aligned/000460_20260227_024232/thermal.tiff,processed/aligned/000460_20260227_024232/thermal.png,processed/aligned/000460_20260227_024232/video.png,processed/aligned/000460_20260227_024232/overlay.png,0.43720391392707825,0.2335296630859375,0.6399078369140625,processed/aligned/000460_20260227_024232/mask_80c.png,12306,0.037554931640625
000461_20260227_024233,exported,20260227_024233.tiff,2026-02-27 02:42:33,527.8333333333334,00:08:47.833,15835,raw/thermal/20260227_024233.tiff,processed/aligned/000461_20260227_024233/thermal.tiff,processed/aligned/000461_20260227_024233/thermal.png,processed/aligned/000461_20260227_024233/video.png,processed/aligned/000461_20260227_024233/overlay.png,0.41337481141090393,0.2177581787109375,0.639569091796875,processed/aligned/000461_20260227_024233/mask_80c.png,10298,0.031427001953125
000462_20260227_024234,exported,20260227_024234.tiff,2026-02-27 02:42:34,528.8333333333334,00:08:48.833,15865,raw/thermal/20260227_024234.tiff,processed/aligned/000462_20260227_024234/thermal.tiff,processed/aligned/000462_20260227_024234/thermal.png,processed/aligned/000462_20260227_024234/video.png,processed/aligned/000462_20260227_024234/overlay.png,0.43447044491767883,0.261114501953125,0.615234375,processed/aligned/000462_20260227_024234/mask_80c.png,7007,0.0213836669921875
000463_20260227_024235,exported,20260227_024235.tiff,2026-02-27 02:42:35,529.8333333333334,00:08:49.833,15895,raw/thermal/20260227_024235.tiff,processed/aligned/000463_20260227_024235/thermal.tiff,processed/aligned/000463_20260227_024235/thermal.png,processed/aligned/000463_20260227_024235/video.png,processed/aligned/000463_20260227_024235/overlay.png,0.4655143842101097,0.2736480712890625,0.6272430419921875,processed/aligned/000463_20260227_024235/mask_80c.png,1361,0.0041534423828125
000464_20260227_024236,exported,20260227_024236.tiff,2026-02-27 02:42:36,530.8333333333334,00:08:50.833,15925,raw/thermal/20260227_024236.tiff,processed/aligned/000464_20260227_024236/thermal.tiff,processed/aligned/000464_20260227_024236/thermal.png,processed/aligned/000464_20260227_024236/video.png,processed/aligned/000464_20260227_024236/overlay.png,0.4738449156284332,0.2862518310546875,0.615167236328125,processed/aligned/000464_20260227_024236/mask_80c.png,0,0.0
000465_20260227_024237,exported,20260227_024237.tiff,2026-02-27 02:42:37,531.8333333333334,00:08:51.833,15955,raw/thermal/20260227_024237.tiff,processed/aligned/000465_20260227_024237/thermal.tiff,processed/aligned/000465_20260227_024237/thermal.png,processed/aligned/000465_20260227_024237/video.png,processed/aligned/000465_20260227_024237/overlay.png,0.5189604982733727,0.3392425537109375,0.6368743896484375,processed/aligned/000465_20260227_024237/mask_80c.png,0,0.0
000466_20260227_024238,exported,20260227_024238.tiff,2026-02-27 02:42:38,532.8333333333334,00:08:52.833,15985,raw/thermal/20260227_024238.tiff,processed/aligned/000466_20260227_024238/thermal.tiff,processed/aligned/000466_20260227_024238/thermal.png,processed/aligned/000466_20260227_024238/video.png,processed/aligned/000466_20260227_024238/overlay.png,0.5020941719412804,0.3033355712890625,0.675323486328125,processed/aligned/000466_20260227_024238/mask_80c.png,0,0.0
000467_20260227_024239,exported,20260227_024239.tiff,2026-02-27 02:42:39,533.8333333333334,00:08:53.833,16015,raw/thermal/20260227_024239.tiff,processed/aligned/000467_20260227_024239/thermal.tiff,processed/aligned/000467_20260227_024239/thermal.png,processed/aligned/000467_20260227_024239/video.png,processed/aligned/000467_20260227_024239/overlay.png,0.49813617765903473,0.2818359375,0.718505859375,processed/aligned/000467_20260227_024239/mask_80c.png,0,0.0
000468_20260227_024240,exported,20260227_024240.tiff,2026-02-27 02:42:40,534.8333333333334,00:08:54.833,16045,raw/thermal/20260227_024240.tiff,processed/aligned/000468_20260227_024240/thermal.tiff,processed/aligned/000468_20260227_024240/thermal.png,processed/aligned/000468_20260227_024240/video.png,processed/aligned/000468_20260227_024240/overlay.png,0.5137111693620682,0.3199920654296875,0.7014801025390625,processed/aligned/000468_20260227_024240/mask_80c.png,0,0.0
000469_20260227_024241,exported,20260227_024241.tiff,2026-02-27 02:42:41,535.8333333333334,00:08:55.833,16075,raw/thermal/20260227_024241.tiff,processed/aligned/000469_20260227_024241/thermal.tiff,processed/aligned/000469_20260227_024241/thermal.png,processed/aligned/000469_20260227_024241/video.png,processed/aligned/000469_20260227_024241/overlay.png,0.5049061104655266,0.325250244140625,0.679931640625,processed/aligned/000469_20260227_024241/mask_80c.png,0,0.0
000470_20260227_024242,exported,20260227_024242.tiff,2026-02-27 02:42:42,536.8333333333334,00:08:56.833,16105,raw/thermal/20260227_024242.tiff,processed/aligned/000470_20260227_024242/thermal.tiff,processed/aligned/000470_20260227_024242/thermal.png,processed/aligned/000470_20260227_024242/video.png,processed/aligned/000470_20260227_024242/overlay.png,0.49119582772254944,0.3034454345703125,0.67144775390625,processed/aligned/000470_20260227_024242/mask_80c.png,0,0.0
000471_20260227_024243,exported,20260227_024243.tiff,2026-02-27 02:42:43,537.8333333333334,00:08:57.833,16135,raw/thermal/20260227_024243.tiff,processed/aligned/000471_20260227_024243/thermal.tiff,processed/aligned/000471_20260227_024243/thermal.png,processed/aligned/000471_20260227_024243/video.png,processed/aligned/000471_20260227_024243/overlay.png,0.5190254896879196,0.3535064697265625,0.670062255859375,processed/aligned/000471_20260227_024243/mask_80c.png,0,0.0
000472_20260227_024244,exported,20260227_024244.tiff,2026-02-27 02:42:44,538.8333333333334,00:08:58.833,16165,raw/thermal/20260227_024244.tiff,processed/aligned/000472_20260227_024244/thermal.tiff,processed/aligned/000472_20260227_024244/thermal.png,processed/aligned/000472_20260227_024244/video.png,processed/aligned/000472_20260227_024244/overlay.png,0.5060820281505585,0.3277618408203125,0.6718017578125,processed/aligned/000472_20260227_024244/mask_80c.png,0,0.0
000473_20260227_024245,exported,20260227_024245.tiff,2026-02-27 02:42:45,539.8333333333334,00:08:59.833,16195,raw/thermal/20260227_024245.tiff,processed/aligned/000473_20260227_024245/thermal.tiff,processed/aligned/000473_20260227_024245/thermal.png,processed/aligned/000473_20260227_024245/video.png,processed/aligned/000473_20260227_024245/overlay.png,0.5074867829680443,0.334454345703125,0.667974853515625,processed/aligned/000473_20260227_024245/mask_80c.png,0,0.0
000474_20260227_024246,exported,20260227_024246.tiff,2026-02-27 02:42:46,540.8333333333334,00:09:00.833,16225,raw/thermal/20260227_024246.tiff,processed/aligned/000474_20260227_024246/thermal.tiff,processed/aligned/000474_20260227_024246/thermal.png,processed/aligned/000474_20260227_024246/video.png,processed/aligned/000474_20260227_024246/overlay.png,0.4950946792960167,0.3124481201171875,0.6693695068359375,processed/aligned/000474_20260227_024246/mask_80c.png,0,0.0
000475_20260227_024247,exported,20260227_024247.tiff,2026-02-27 02:42:47,541.8333333333334,00:09:01.833,16255,raw/thermal/20260227_024247.tiff,processed/aligned/000475_20260227_024247/thermal.tiff,processed/aligned/000475_20260227_024247/thermal.png,processed/aligned/000475_20260227_024247/video.png,processed/aligned/000475_20260227_024247/overlay.png,0.5126305669546127,0.3557220458984375,0.6686004638671875,processed/aligned/000475_20260227_024247/mask_80c.png,0,0.0
000476_20260227_024248,exported,20260227_024248.tiff,2026-02-27 02:42:48,542.8333333333334,00:09:02.833,16285,raw/thermal/20260227_024248.tiff,processed/aligned/000476_20260227_024248/thermal.tiff,processed/aligned/000476_20260227_024248/thermal.png,processed/aligned/000476_20260227_024248/video.png,processed/aligned/000476_20260227_024248/overlay.png,0.49340032041072845,0.3211944580078125,0.6689910888671875,processed/aligned/000476_20260227_024248/mask_80c.png,0,0.0
000477_20260227_024249,exported,20260227_024249.tiff,2026-02-27 02:42:49,543.8333333333334,00:09:03.833,16315,raw/thermal/20260227_024249.tiff,processed/aligned/000477_20260227_024249/thermal.tiff,processed/aligned/000477_20260227_024249/thermal.png,processed/aligned/000477_20260227_024249/video.png,processed/aligned/000477_20260227_024249/overlay.png,0.4866423085331917,0.2954345703125,0.6666168212890625,processed/aligned/000477_20260227_024249/mask_80c.png,0,0.0
000478_20260227_024250,exported,20260227_024250.tiff,2026-02-27 02:42:50,544.8333333333334,00:09:04.833,16345,raw/thermal/20260227_024250.tiff,processed/aligned/000478_20260227_024250/thermal.tiff,processed/aligned/000478_20260227_024250/thermal.png,processed/aligned/000478_20260227_024250/video.png,processed/aligned/000478_20260227_024250/overlay.png,0.47844452410936356,0.295391845703125,0.663238525390625,processed/aligned/000478_20260227_024250/mask_80c.png,0,0.0
000479_20260227_024251,exported,20260227_024251.tiff,2026-02-27 02:42:51,545.8333333333334,00:09:05.833,16375,raw/thermal/20260227_024251.tiff,processed/aligned/000479_20260227_024251/thermal.tiff,processed/aligned/000479_20260227_024251/thermal.png,processed/aligned/000479_20260227_024251/video.png,processed/aligned/000479_20260227_024251/overlay.png,0.4658254012465477,0.26650390625,0.6578155517578125,processed/aligned/000479_20260227_024251/mask_80c.png,0,0.0
000480_20260227_024252,exported,20260227_024252.tiff,2026-02-27 02:42:52,546.8333333333334,00:09:06.833,16405,raw/thermal/20260227_024252.tiff,processed/aligned/000480_20260227_024252/thermal.tiff,processed/aligned/000480_20260227_024252/thermal.png,processed/aligned/000480_20260227_024252/video.png,processed/aligned/000480_20260227_024252/overlay.png,0.4962814152240753,0.3285552978515625,0.65546875,processed/aligned/000480_20260227_024252/mask_80c.png,0,0.0
000481_20260227_024253,exported,20260227_024253.tiff,2026-02-27 02:42:53,547.8333333333334,00:09:07.833,16435,raw/thermal/20260227_024253.tiff,processed/aligned/000481_20260227_024253/thermal.tiff,processed/aligned/000481_20260227_024253/thermal.png,processed/aligned/000481_20260227_024253/video.png,processed/aligned/000481_20260227_024253/overlay.png,0.46261705458164215,0.26702880859375,0.6527923583984375,processed/aligned/000481_20260227_024253/mask_80c.png,0,0.0
000482_20260227_024254,exported,20260227_024254.tiff,2026-02-27 02:42:54,548.8333333333334,00:09:08.833,16465,raw/thermal/20260227_024254.tiff,processed/aligned/000482_20260227_024254/thermal.tiff,processed/aligned/000482_20260227_024254/thermal.png,processed/aligned/000482_20260227_024254/video.png,processed/aligned/000482_20260227_024254/overlay.png,0.46589407324790955,0.2759979248046875,0.6493682861328125,processed/aligned/000482_20260227_024254/mask_80c.png,0,0.0
000483_20260227_024255,exported,20260227_024255.tiff,2026-02-27 02:42:55,549.8333333333334,00:09:09.833,16495,raw/thermal/20260227_024255.tiff,processed/aligned/000483_20260227_024255/thermal.tiff,processed/aligned/000483_20260227_024255/thermal.png,processed/aligned/000483_20260227_024255/video.png,processed/aligned/000483_20260227_024255/overlay.png,0.4483937621116638,0.24569091796875,0.648870849609375,processed/aligned/000483_20260227_024255/mask_80c.png,0,0.0
000484_20260227_024256,exported,20260227_024256.tiff,2026-02-27 02:42:56,550.8333333333334,00:09:10.833,16525,raw/thermal/20260227_024256.tiff,processed/aligned/000484_20260227_024256/thermal.tiff,processed/aligned/000484_20260227_024256/thermal.png,processed/aligned/000484_20260227_024256/video.png,processed/aligned/000484_20260227_024256/overlay.png,0.4796890839934349,0.3042449951171875,0.6451019287109375,processed/aligned/000484_20260227_024256/mask_80c.png,0,0.0
000485_20260227_024257,exported,20260227_024257.tiff,2026-02-27 02:42:57,551.8333333333334,00:09:11.833,16555,raw/thermal/20260227_024257.tiff,processed/aligned/000485_20260227_024257/thermal.tiff,processed/aligned/000485_20260227_024257/thermal.png,processed/aligned/000485_20260227_024257/video.png,processed/aligned/000485_20260227_024257/overlay.png,0.4677170068025589,0.29510498046875,0.6414276123046875,processed/aligned/000485_20260227_024257/mask_80c.png,0,0.0
000486_20260227_024258,exported,20260227_024258.tiff,2026-02-27 02:42:58,552.8333333333334,00:09:12.833,16585,raw/thermal/20260227_024258.tiff,processed/aligned/000486_20260227_024258/thermal.tiff,processed/aligned/000486_20260227_024258/thermal.png,processed/aligned/000486_20260227_024258/video.png,processed/aligned/000486_20260227_024258/overlay.png,0.4709768518805504,0.308953857421875,0.634161376953125,processed/aligned/000486_20260227_024258/mask_80c.png,0,0.0
000487_20260227_024259,exported,20260227_024259.tiff,2026-02-27 02:42:59,553.8333333333334,00:09:13.833,16615,raw/thermal/20260227_024259.tiff,processed/aligned/000487_20260227_024259/thermal.tiff,processed/aligned/000487_20260227_024259/thermal.png,processed/aligned/000487_20260227_024259/video.png,processed/aligned/000487_20260227_024259/overlay.png,0.47252240031957626,0.32650146484375,0.62862548828125,processed/aligned/000487_20260227_024259/mask_80c.png,0,0.0
000488_20260227_024300,exported,20260227_024300.tiff,2026-02-27 02:43:00,554.8333333333334,00:09:14.833,16645,raw/thermal/20260227_024300.tiff,processed/aligned/000488_20260227_024300/thermal.tiff,processed/aligned/000488_20260227_024300/thermal.png,processed/aligned/000488_20260227_024300/video.png,processed/aligned/000488_20260227_024300/overlay.png,0.46592018753290176,0.3194549560546875,0.6188018798828125,processed/aligned/000488_20260227_024300/mask_80c.png,0,0.0
000489_20260227_024301,exported,20260227_024301.tiff,2026-02-27 02:43:01,555.8333333333334,00:09:15.833,16675,raw/thermal/20260227_024301.tiff,processed/aligned/000489_20260227_024301/thermal.tiff,processed/aligned/000489_20260227_024301/thermal.png,processed/aligned/000489_20260227_024301/video.png,processed/aligned/000489_20260227_024301/overlay.png,0.4499831646680832,0.2840179443359375,0.6101165771484375,processed/aligned/000489_20260227_024301/mask_80c.png,0,0.0
000490_20260227_024302,exported,20260227_024302.tiff,2026-02-27 02:43:02,556.8333333333334,00:09:16.833,16705,raw/thermal/20260227_024302.tiff,processed/aligned/000490_20260227_024302/thermal.tiff,processed/aligned/000490_20260227_024302/thermal.png,processed/aligned/000490_20260227_024302/video.png,processed/aligned/000490_20260227_024302/overlay.png,0.4515129029750824,0.3004486083984375,0.6023468017578125,processed/aligned/000490_20260227_024302/mask_80c.png,0,0.0
000491_20260227_024303,exported,20260227_024303.tiff,2026-02-27 02:43:03,557.8333333333334,00:09:17.833,16735,raw/thermal/20260227_024303.tiff,processed/aligned/000491_20260227_024303/thermal.tiff,processed/aligned/000491_20260227_024303/thermal.png,processed/aligned/000491_20260227_024303/video.png,processed/aligned/000491_20260227_024303/overlay.png,0.419076070189476,0.2423309326171875,0.5932830810546875,processed/aligned/000491_20260227_024303/mask_80c.png,0,0.0
000492_20260227_024304,exported,20260227_024304.tiff,2026-02-27 02:43:04,558.8333333333334,00:09:18.833,16765,raw/thermal/20260227_024304.tiff,processed/aligned/000492_20260227_024304/thermal.tiff,processed/aligned/000492_20260227_024304/thermal.png,processed/aligned/000492_20260227_024304/video.png,processed/aligned/000492_20260227_024304/overlay.png,0.45532603561878204,0.3277099609375,0.581707763671875,processed/aligned/000492_20260227_024304/mask_80c.png,0,0.0
000493_20260227_024305,exported,20260227_024305.tiff,2026-02-27 02:43:05,559.8333333333334,00:09:19.833,16795,raw/thermal/20260227_024305.tiff,processed/aligned/000493_20260227_024305/thermal.tiff,processed/aligned/000493_20260227_024305/thermal.png,processed/aligned/000493_20260227_024305/video.png,processed/aligned/000493_20260227_024305/overlay.png,0.46224019676446915,0.32196044921875,0.5731201171875,processed/aligned/000493_20260227_024305/mask_80c.png,0,0.0
000494_20260227_024306,exported,20260227_024306.tiff,2026-02-27 02:43:06,560.8333333333334,00:09:20.833,16825,raw/thermal/20260227_024306.tiff,processed/aligned/000494_20260227_024306/thermal.tiff,processed/aligned/000494_20260227_024306/thermal.png,processed/aligned/000494_20260227_024306/video.png,processed/aligned/000494_20260227_024306/overlay.png,0.43992889672517776,0.284246826171875,0.563848876953125,processed/aligned/000494_20260227_024306/mask_80c.png,0,0.0
000495_20260227_024307,exported,20260227_024307.tiff,2026-02-27 02:43:07,561.8333333333334,00:09:21.833,16855,raw/thermal/20260227_024307.tiff,processed/aligned/000495_20260227_024307/thermal.tiff,processed/aligned/000495_20260227_024307/thermal.png,processed/aligned/000495_20260227_024307/video.png,processed/aligned/000495_20260227_024307/overlay.png,0.43579278886318207,0.2878875732421875,0.551458740234375,processed/aligned/000495_20260227_024307/mask_80c.png,0,0.0
000496_20260227_024308,exported,20260227_024308.tiff,2026-02-27 02:43:08,562.8333333333334,00:09:22.833,16885,raw/thermal/20260227_024308.tiff,processed/aligned/000496_20260227_024308/thermal.tiff,processed/aligned/000496_20260227_024308/thermal.png,processed/aligned/000496_20260227_024308/video.png,processed/aligned/000496_20260227_024308/overlay.png,0.4063626080751419,0.227099609375,0.53297119140625,processed/aligned/000496_20260227_024308/mask_80c.png,0,0.0
000497_20260227_024309,exported,20260227_024309.tiff,2026-02-27 02:43:09,563.8333333333334,00:09:23.833,16915,raw/thermal/20260227_024309.tiff,processed/aligned/000497_20260227_024309/thermal.tiff,processed/aligned/000497_20260227_024309/thermal.png,processed/aligned/000497_20260227_024309/video.png,processed/aligned/000497_20260227_024309/overlay.png,0.4032018184661865,0.220318603515625,0.5261444091796875,processed/aligned/000497_20260227_024309/mask_80c.png,0,0.0
000498_20260227_024310,exported,20260227_024310.tiff,2026-02-27 02:43:10,564.8333333333334,00:09:24.833,16945,raw/thermal/20260227_024310.tiff,processed/aligned/000498_20260227_024310/thermal.tiff,processed/aligned/000498_20260227_024310/thermal.png,processed/aligned/000498_20260227_024310/video.png,processed/aligned/000498_20260227_024310/overlay.png,0.4320473298430443,0.283880615234375,0.5068206787109375,processed/aligned/000498_20260227_024310/mask_80c.png,0,0.0
000499_20260227_024311,exported,20260227_024311.tiff,2026-02-27 02:43:11,565.8333333333334,00:09:25.833,16975,raw/thermal/20260227_024311.tiff,processed/aligned/000499_20260227_024311/thermal.tiff,processed/aligned/000499_20260227_024311/thermal.png,processed/aligned/000499_20260227_024311/video.png,processed/aligned/000499_20260227_024311/overlay.png,0.38118066638708115,0.1907379150390625,0.489404296875,processed/aligned/000499_20260227_024311/mask_80c.png,0,0.0
000500_20260227_024312,exported,20260227_024312.tiff,2026-02-27 02:43:12,566.8333333333334,00:09:26.833,17005,raw/thermal/20260227_024312.tiff,processed/aligned/000500_20260227_024312/thermal.tiff,processed/aligned/000500_20260227_024312/thermal.png,processed/aligned/000500_20260227_024312/video.png,processed/aligned/000500_20260227_024312/overlay.png,0.3928748220205307,0.21138916015625,0.4806243896484375,processed/aligned/000500_20260227_024312/mask_80c.png,0,0.0
000501_20260227_024313,exported,20260227_024313.tiff,2026-02-27 02:43:13,567.8333333333334,00:09:27.833,17035,raw/thermal/20260227_024313.tiff,processed/aligned/000501_20260227_024313/thermal.tiff,processed/aligned/000501_20260227_024313/thermal.png,processed/aligned/000501_20260227_024313/video.png,processed/aligned/000501_20260227_024313/overlay.png,0.40568409115076065,0.2470733642578125,0.469873046875,processed/aligned/000501_20260227_024313/mask_80c.png,0,0.0
000502_20260227_024314,exported,20260227_024314.tiff,2026-02-27 02:43:14,568.8333333333334,00:09:28.833,17065,raw/thermal/20260227_024314.tiff,processed/aligned/000502_20260227_024314/thermal.tiff,processed/aligned/000502_20260227_024314/thermal.png,processed/aligned/000502_20260227_024314/video.png,processed/aligned/000502_20260227_024314/overlay.png,0.38117414712905884,0.19615478515625,0.45533447265625,processed/aligned/000502_20260227_024314/mask_80c.png,0,0.0
000503_20260227_024315,exported,20260227_024315.tiff,2026-02-27 02:43:15,569.8333333333334,00:09:29.833,17095,raw/thermal/20260227_024315.tiff,processed/aligned/000503_20260227_024315/thermal.tiff,processed/aligned/000503_20260227_024315/thermal.png,processed/aligned/000503_20260227_024315/video.png,processed/aligned/000503_20260227_024315/overlay.png,0.3568582460284233,0.171795654296875,0.4492279052734375,processed/aligned/000503_20260227_024315/mask_80c.png,0,0.0
000504_20260227_024316,exported,20260227_024316.tiff,2026-02-27 02:43:16,570.8333333333334,00:09:30.833,17125,raw/thermal/20260227_024316.tiff,processed/aligned/000504_20260227_024316/thermal.tiff,processed/aligned/000504_20260227_024316/thermal.png,processed/aligned/000504_20260227_024316/video.png,processed/aligned/000504_20260227_024316/overlay.png,0.35408127307891846,0.1577362060546875,0.44552001953125,processed/aligned/000504_20260227_024316/mask_80c.png,0,0.0
000505_20260227_024317,exported,20260227_024317.tiff,2026-02-27 02:43:17,571.8333333333334,00:09:31.833,17155,raw/thermal/20260227_024317.tiff,processed/aligned/000505_20260227_024317/thermal.tiff,processed/aligned/000505_20260227_024317/thermal.png,processed/aligned/000505_20260227_024317/video.png,processed/aligned/000505_20260227_024317/overlay.png,0.3590765967965126,0.1715484619140625,0.4251373291015625,processed/aligned/000505_20260227_024317/mask_80c.png,0,0.0
000506_20260227_024318,exported,20260227_024318.tiff,2026-02-27 02:43:18,572.8333333333334,00:09:32.833,17185,raw/thermal/20260227_024318.tiff,processed/aligned/000506_20260227_024318/thermal.tiff,processed/aligned/000506_20260227_024318/thermal.png,processed/aligned/000506_20260227_024318/video.png,processed/aligned/000506_20260227_024318/overlay.png,0.37419016659259796,0.212353515625,0.40421142578125,processed/aligned/000506_20260227_024318/mask_80c.png,0,0.0
000507_20260227_024319,exported,20260227_024319.tiff,2026-02-27 02:43:19,573.8333333333334,00:09:33.833,17215,raw/thermal/20260227_024319.tiff,processed/aligned/000507_20260227_024319/thermal.tiff,processed/aligned/000507_20260227_024319/thermal.png,processed/aligned/000507_20260227_024319/video.png,processed/aligned/000507_20260227_024319/overlay.png,0.41677044332027435,0.2418853759765625,0.441961669921875,processed/aligned/000507_20260227_024319/mask_80c.png,0,0.0
000508_20260227_024320,exported,20260227_024320.tiff,2026-02-27 02:43:20,574.8333333333334,00:09:34.833,17245,raw/thermal/20260227_024320.tiff,processed/aligned/000508_20260227_024320/thermal.tiff,processed/aligned/000508_20260227_024320/thermal.png,processed/aligned/000508_20260227_024320/video.png,processed/aligned/000508_20260227_024320/overlay.png,0.3869491070508957,0.131878662109375,0.4522979736328125,processed/aligned/000508_20260227_024320/mask_80c.png,0,0.0
000509_20260227_024321,exported,20260227_024321.tiff,2026-02-27 02:43:21,575.8333333333334,00:09:35.833,17275,raw/thermal/20260227_024321.tiff,processed/aligned/000509_20260227_024321/thermal.tiff,processed/aligned/000509_20260227_024321/thermal.png,processed/aligned/000509_20260227_024321/video.png,processed/aligned/000509_20260227_024321/overlay.png,0.4178987592458725,0.138134765625,0.5157440185546875,processed/aligned/000509_20260227_024321/mask_80c.png,0,0.0
000510_20260227_024322,exported,20260227_024322.tiff,2026-02-27 02:43:22,576.8333333333334,00:09:36.833,17305,raw/thermal/20260227_024322.tiff,processed/aligned/000510_20260227_024322/thermal.tiff,processed/aligned/000510_20260227_024322/thermal.png,processed/aligned/000510_20260227_024322/video.png,processed/aligned/000510_20260227_024322/overlay.png,0.4988919645547867,0.28841552734375,0.5144805908203125,processed/aligned/000510_20260227_024322/mask_80c.png,0,0.0
000511_20260227_024323,exported,20260227_024323.tiff,2026-02-27 02:43:23,577.8333333333334,00:09:37.833,17335,raw/thermal/20260227_024323.tiff,processed/aligned/000511_20260227_024323/thermal.tiff,processed/aligned/000511_20260227_024323/thermal.png,processed/aligned/000511_20260227_024323/video.png,processed/aligned/000511_20260227_024323/overlay.png,0.2633332647383213,0.041522216796875,0.521197509765625,processed/aligned/000511_20260227_024323/mask_80c.png,0,0.0
000512_20260227_024324,exported,20260227_024324.tiff,2026-02-27 02:43:24,578.8333333333334,00:09:38.833,17365,raw/thermal/20260227_024324.tiff,processed/aligned/000512_20260227_024324/thermal.tiff,processed/aligned/000512_20260227_024324/thermal.png,processed/aligned/000512_20260227_024324/video.png,processed/aligned/000512_20260227_024324/overlay.png,0.13895859732292593,0.0011077880859375,0.3274169921875,processed/aligned/000512_20260227_024324/mask_80c.png,84,0.00025634765625
000513_20260227_024325,exported,20260227_024325.tiff,2026-02-27 02:43:25,579.8333333333334,00:09:39.833,17395,raw/thermal/20260227_024325.tiff,processed/aligned/000513_20260227_024325/thermal.tiff,processed/aligned/000513_20260227_024325/thermal.png,processed/aligned/000513_20260227_024325/video.png,processed/aligned/000513_20260227_024325/overlay.png,0.13500357372686267,0.0009552001953125,0.144073486328125,processed/aligned/000513_20260227_024325/mask_80c.png,0,0.0
000514_20260227_024326,exported,20260227_024326.tiff,2026-02-27 02:43:26,580.8333333333334,00:09:40.833,17425,raw/thermal/20260227_024326.tiff,processed/aligned/000514_20260227_024326/thermal.tiff,processed/aligned/000514_20260227_024326/thermal.png,processed/aligned/000514_20260227_024326/video.png,processed/aligned/000514_20260227_024326/overlay.png,0.2009375561028719,0.0218170166015625,0.411004638671875,processed/aligned/000514_20260227_024326/mask_80c.png,0,0.0
000515_20260227_024327,exported,20260227_024327.tiff,2026-02-27 02:43:27,581.8333333333334,00:09:41.833,17455,raw/thermal/20260227_024327.tiff,processed/aligned/000515_20260227_024327/thermal.tiff,processed/aligned/000515_20260227_024327/thermal.png,processed/aligned/000515_20260227_024327/video.png,processed/aligned/000515_20260227_024327/overlay.png,0.4153992310166359,0.2093658447265625,0.6048004150390625,processed/aligned/000515_20260227_024327/mask_80c.png,3,9.1552734375e-06
000516_20260227_024328,exported,20260227_024328.tiff,2026-02-27 02:43:28,582.8333333333334,00:09:42.833,17485,raw/thermal/20260227_024328.tiff,processed/aligned/000516_20260227_024328/thermal.tiff,processed/aligned/000516_20260227_024328/thermal.png,processed/aligned/000516_20260227_024328/video.png,processed/aligned/000516_20260227_024328/overlay.png,0.38508041203022003,0.20977783203125,0.5822967529296875,processed/aligned/000516_20260227_024328/mask_80c.png,3,9.1552734375e-06
000517_20260227_024329,exported,20260227_024329.tiff,2026-02-27 02:43:29,583.8333333333334,00:09:43.833,17515,raw/thermal/20260227_024329.tiff,processed/aligned/000517_20260227_024329/thermal.tiff,processed/aligned/000517_20260227_024329/thermal.png,processed/aligned/000517_20260227_024329/video.png,processed/aligned/000517_20260227_024329/overlay.png,0.29678139090538025,0.20855712890625,0.4898834228515625,processed/aligned/000517_20260227_024329/mask_80c.png,0,0.0
