aligned_id,status,tiff_name,tiff_time_iso,video_time_s,video_time,video_frame_index,thermal_source_path,thermal_tiff_path,thermal_png_path,video_png_path,overlay_png_path,visual_score,thermal_edge_density,video_edge_density,anchor_segment,anchor_requested_video_time_s,anchor_requested_video_time,anchor_selected_video_time_s,anchor_selected_video_time,anchor_center_tiff,mask_80c_path,mask_positive_pixels,mask_positive_fraction
000001_20260226_022627,exported,20260226_022627.tiff,2026-02-26 02:26:27,78.22191780821917,00:01:18.222,2347,raw/thermal/20260226_022627.tiff,processed/aligned/000001_20260226_022627/thermal.tiff,processed/aligned/000001_20260226_022627/thermal.png,processed/aligned/000001_20260226_022627/video.png,processed/aligned/000001_20260226_022627/overlay.png,0.1473860740661621,0.0,0.1803466796875,primary,83.0,00:01:23,83.23333333333333,00:01:23.233,20260226_022632.tiff,processed/aligned/000001_20260226_022627/mask_80c.png,0,0.0
000002_20260226_022628,exported,20260226_022628.tiff,2026-02-26 02:26:28,79.224200913242,00:01:19.224,2377,raw/thermal/20260226_022628.tiff,processed/aligned/000002_20260226_022628/thermal.tiff,processed/aligned/000002_20260226_022628/thermal.png,processed/aligned/000002_20260226_022628/video.png,processed/aligned/000002_20260226_022628/overlay.png,0.1258864551782608,0.000262451171875,0.0274993896484375,primary,83.0,00:01:23,83.23333333333333,00:01:23.233,20260226_022632.tiff,processed/aligned/000002_20260226_022628/mask_80c.png,0,0.0
000003_20260226_022629,exported,20260226_022629.tiff,2026-02-26 02:26:29,80.22648401826484,00:01:20.226,2407,raw/thermal/20260226_022629.tiff,processed/aligned/000003_20260226_022629/thermal.tiff,processed/aligned/000003_20260226_022629/thermal.png,processed/aligned/000003_20260226_022629/video.png,processed/aligned/000003_20260226_022629/overlay.png,0.21190156787633896,0.05938720703125,0.1777008056640625,primary,83.0,00:01:23,83.23333333333333,00:01:23.233,20260226_022632.tiff,processed/aligned/000003_20260226_022629/mask_80c.png,0,0.0
000004_20260226_022630,exported,20260226_022630.tiff,2026-02-26 02:26:30,81.22876712328767,00:01:21.229,2437,raw/thermal/20260226_022630.tiff,processed/aligned/000004_20260226_022630/thermal.tiff,processed/aligned/000004_20260226_022630/thermal.png,processed/aligned/000004_20260226_022630/video.png,processed/aligned/000004_20260226_022630/overlay.png,0.3802676722407341,0.1068145751953125,0.4850250244140625,primary,83.0,00:01:23,83.23333333333333,00:01:23.233,20260226_022632.tiff,processed/aligned/000004_20260226_022630/mask_80c.png,0,0.0
000005_20260226_022631,exported,20260226_022631.tiff,2026-02-26 02:26:31,82.2310502283105,00:01:22.231,2467,raw/thermal/20260226_022631.tiff,processed/aligned/000005_20260226_022631/thermal.tiff,processed/aligned/000005_20260226_022631/thermal.png,processed/aligned/000005_20260226_022631/video.png,processed/aligned/000005_20260226_022631/overlay.png,0.5223304703831673,0.279132080078125,0.6090728759765625,primary,83.0,00:01:23,83.23333333333333,00:01:23.233,20260226_022632.tiff,processed/aligned/000005_20260226_022631/mask_80c.png,0,0.0
000006_20260226_022632,exported,20260226_022632.tiff,2026-02-26 02:26:32,83.23333333333333,00:01:23.233,2497,raw/thermal/20260226_022632.tiff,processed/aligned/000006_20260226_022632/thermal.tiff,processed/aligned/000006_20260226_022632/thermal.png,processed/aligned/000006_20260226_022632/video.png,processed/aligned/000006_20260226_022632/overlay.png,0.46189992874860764,0.207220458984375,0.5414337158203125,primary,83.0,00:01:23,83.23333333333333,00:01:23.233,20260226_022632.tiff,processed/aligned/000006_20260226_022632/mask_80c.png,0,0.0
000007_20260226_022633,exported,20260226_022633.tiff,2026-02-26 02:26:33,84.23561643835616,00:01:24.236,2527,raw/thermal/20260226_022633.tiff,processed/aligned/000007_20260226_022633/thermal.tiff,processed/aligned/000007_20260226_022633/thermal.png,processed/aligned/000007_20260226_022633/video.png,processed/aligned/000007_20260226_022633/overlay.png,0.4980865567922592,0.2950592041015625,0.555572509765625,primary,83.0,00:01:23,83.23333333333333,00:01:23.233,20260226_022632.tiff,processed/aligned/000007_20260226_022633/mask_80c.png,0,0.0
000008_20260226_022634,exported,20260226_022634.tiff,2026-02-26 02:26:34,85.23789954337899,00:01:25.238,2557,raw/thermal/20260226_022634.tiff,processed/aligned/000008_20260226_022634/thermal.tiff,processed/aligned/000008_20260226_022634/thermal.png,processed/aligned/000008_20260226_022634/video.png,processed/aligned/000008_20260226_022634/overlay.png,0.5420022010803223,0.35985107421875,0.6112060546875,primary,83.0,00:01:23,83.23333333333333,00:01:23.233,20260226_022632.tiff,processed/aligned/000008_20260226_022634/mask_80c.png,0,0.0
000009_20260226_022635,exported,20260226_022635.tiff,2026-02-26 02:26:35,86.24018264840183,00:01:26.240,2587,raw/thermal/20260226_022635.tiff,processed/aligned/000009_20260226_022635/thermal.tiff,processed/aligned/000009_20260226_022635/thermal.png,processed/aligned/000009_20260226_022635/video.png,processed/aligned/000009_20260226_022635/overlay.png,0.5351805165410042,0.31939697265625,0.6369781494140625,primary,83.0,00:01:23,83.23333333333333,00:01:23.233,20260226_022632.tiff,processed/aligned/000009_20260226_022635/mask_80c.png,0,0.0
000010_20260226_022636,exported,20260226_022636.tiff,2026-02-26 02:26:36,87.24246575342465,00:01:27.242,2617,raw/thermal/20260226_022636.tiff,processed/aligned/000010_20260226_022636/thermal.tiff,processed/aligned/000010_20260226_022636/thermal.png,processed/aligned/000010_20260226_022636/video.png,processed/aligned/000010_20260226_022636/overlay.png,0.5464745908975601,0.33929443359375,0.6286712646484375,primary,83.0,00:01:23,83.23333333333333,00:01:23.233,20260226_022632.tiff,processed/aligned/000010_20260226_022636/mask_80c.png,0,0.0
000011_20260226_022637,exported,20260226_022637.tiff,2026-02-26 02:26:37,88.2447488584475,00:01:28.245,2647,raw/thermal/20260226_022637.tiff,processed/aligned/000011_20260226_022637/thermal.tiff,processed/aligned/000011_20260226_022637/thermal.png,processed/aligned/000011_20260226_022637/video.png,processed/aligned/000011_20260226_022637/overlay.png,0.4929535686969757,0.2792327880859375,0.5828094482421875,primary,83.0,00:01:23,83.23333333333333,00:01:23.233,20260226_022632.tiff,processed/aligned/000011_20260226_022637/mask_80c.png,0,0.0
000012_20260226_022638,exported,20260226_022638.tiff,2026-02-26 02:26:38,89.24703196347032,00:01:29.247,2677,raw/thermal/20260226_022638.tiff,processed/aligned/000012_20260226_022638/thermal.tiff,processed/aligned/000012_20260226_022638/thermal.png,processed/aligned/000012_20260226_022638/video.png,processed/aligned/000012_20260226_022638/overlay.png,0.42509377002716064,0.1744720458984375,0.53841552734375,primary,83.0,00:01:23,83.23333333333333,00:01:23.233,20260226_022632.tiff,processed/aligned/000012_20260226_022638/mask_80c.png,0,0.0
000013_20260226_022639,exported,20260226_022639.tiff,2026-02-26 02:26:39,90.24931506849315,00:01:30.249,2707,raw/thermal/20260226_022639.tiff,processed/aligned/000013_20260226_022639/thermal.tiff,processed/aligned/000013_20260226_022639/thermal.png,processed/aligned/000013_20260226_022639/video.png,processed/aligned/000013_20260226_022639/overlay.png,0.4937097653746605,0.2517974853515625,0.626318359375,primary,83.0,00:01:23,83.23333333333333,00:01:23.233,20260226_022632.tiff,processed/aligned/000013_20260226_022639/mask_80c.png,0,0.0
000014_20260226_022640,exported,20260226_022640.tiff,2026-02-26 02:26:40,91.25159817351597,00:01:31.252,2738,raw/thermal/20260226_022640.tiff,processed/aligned/000014_20260226_022640/thermal.tiff,processed/aligned/000014_20260226_022640/thermal.png,processed/aligned/000014_20260226_022640/video.png,processed/aligned/000014_20260226_022640/overlay.png,0.39990510791540146,0.1561798095703125,0.5432373046875,primary,83.0,00:01:23,83.23333333333333,00:01:23.233,20260226_022632.tiff,processed/aligned/000014_20260226_022640/mask_80c.png,0,0.0
000015_20260226_022641,exported,20260226_022641.tiff,2026-02-26 02:26:41,92.25388127853881,00:01:32.254,2768,raw/thermal/20260226_022641.tiff,processed/aligned/000015_20260226_022641/thermal.tiff,processed/aligned/000015_20260226_022641/thermal.png,processed/aligned/000015_20260226_022641/video.png,processed/aligned/000015_20260226_022641/overlay.png,0.45132477581501007,0.2353668212890625,0.591741943359375,primary,83.0,00:01:23,83.23333333333333,00:01:23.233,20260226_022632.tiff,processed/aligned/000015_20260226_022641/mask_80c.png,0,0.0
000016_20260226_022642,exported,20260226_022642.tiff,2026-02-26 02:26:42,93.25616438356164,00:01:33.256,2798,raw/thermal/20260226_022642.tiff,processed/aligned/000016_20260226_022642/thermal.tiff,processed/aligned/000016_20260226_022642/thermal.png,processed/aligned/000016_20260226_022642/video.png,processed/aligned/000016_20260226_022642/overlay.png,0.4030674919486046,0.160870361328125,0.5815643310546875,primary,83.0,00:01:23,83.23333333333333,00:01:23.233,20260226_022632.tiff,processed/aligned/000016_20260226_022642/mask_80c.png,0,0.0
000017_20260226_022643,exported,20260226_022643.tiff,2026-02-26 02:26:43,94.25844748858448,00:01:34.258,2828,raw/thermal/20260226_022643.tiff,processed/aligned/000017_20260226_022643/thermal.tiff,processed/aligned/000017_20260226_022643/thermal.png,processed/aligned/000017_20260226_022643/video.png,processed/aligned/000017_20260226_022643/overlay.png,0.43935663998126984,0.1926910400390625,0.6016326904296875,primary,83.0,00:01:23,83.23333333333333,00:01:23.233,20260226_022632.tiff,processed/aligned/000017_20260226_022643/mask_80c.png,0,0.0
000018_20260226_022644,exported,20260226_022644.tiff,2026-02-26 02:26:44,95.2607305936073,00:01:35.261,2858,raw/thermal/20260226_022644.tiff,processed/aligned/000018_20260226_022644/thermal.tiff,processed/aligned/000018_20260226_022644/thermal.png,processed/aligned/000018_20260226_022644/video.png,processed/aligned/000018_20260226_022644/overlay.png,0.49553968757390976,0.2850616455078125,0.6069488525390625,primary,83.0,00:01:23,83.23333333333333,00:01:23.233,20260226_022632.tiff,processed/aligned/000018_20260226_022644/mask_80c.png,0,0.0
000019_20260226_022645,exported,20260226_022645.tiff,2026-02-26 02:26:45,96.26301369863013,00:01:36.263,2888,raw/thermal/20260226_022645.tiff,processed/aligned/000019_20260226_022645/thermal.tiff,processed/aligned/000019_20260226_022645/thermal.png,processed/aligned/000019_20260226_022645/video.png,processed/aligned/000019_20260226_022645/overlay.png,0.39597614109516144,0.1484893798828125,0.5841644287109375,primary,83.0,00:01:23,83.23333333333333,00:01:23.233,20260226_022632.tiff,processed/aligned/000019_20260226_022645/mask_80c.png,0,0.0
000020_20260226_022646,exported,20260226_022646.tiff,2026-02-26 02:26:46,97.26529680365296,00:01:37.265,2918,raw/thermal/20260226_022646.tiff,processed/aligned/000020_20260226_022646/thermal.tiff,processed/aligned/000020_20260226_022646/thermal.png,processed/aligned/000020_20260226_022646/video.png,processed/aligned/000020_20260226_022646/overlay.png,0.3970542252063751,0.1819427490234375,0.52064208984375,primary,83.0,00:01:23,83.23333333333333,00:01:23.233,20260226_022632.tiff,processed/aligned/000020_20260226_022646/mask_80c.png,0,0.0
000021_20260226_022647,exported,20260226_022647.tiff,2026-02-26 02:26:47,98.2675799086758,00:01:38.268,2948,raw/thermal/20260226_022647.tiff,processed/aligned/000021_20260226_022647/thermal.tiff,processed/aligned/000021_20260226_022647/thermal.png,processed/aligned/000021_20260226_022647/video.png,processed/aligned/000021_20260226_022647/overlay.png,0.38867033272981644,0.1421539306640625,0.5838043212890625,primary,83.0,00:01:23,83.23333333333333,00:01:23.233,20260226_022632.tiff,processed/aligned/000021_20260226_022647/mask_80c.png,0,0.0
000022_20260226_022648,exported,20260226_022648.tiff,2026-02-26 02:26:48,99.26986301369863,00:01:39.270,2978,raw/thermal/20260226_022648.tiff,processed/aligned/000022_20260226_022648/thermal.tiff,processed/aligned/000022_20260226_022648/thermal.png,processed/aligned/000022_20260226_022648/video.png,processed/aligned/000022_20260226_022648/overlay.png,0.42302001267671585,0.1914825439453125,0.5731475830078125,primary,83.0,00:01:23,83.23333333333333,00:01:23.233,20260226_022632.tiff,processed/aligned/000022_20260226_022648/mask_80c.png,0,0.0
000023_20260226_022649,exported,20260226_022649.tiff,2026-02-26 02:26:49,100.27214611872147,00:01:40.272,3008,raw/thermal/20260226_022649.tiff,processed/aligned/000023_20260226_022649/thermal.tiff,processed/aligned/000023_20260226_022649/thermal.png,processed/aligned/000023_20260226_022649/video.png,processed/aligned/000023_20260226_022649/overlay.png,0.3889135718345642,0.1521240234375,0.547515869140625,primary,83.0,00:01:23,83.23333333333333,00:01:23.233,20260226_022632.tiff,processed/aligned/000023_20260226_022649/mask_80c.png,0,0.0
000024_20260226_022650,exported,20260226_022650.tiff,2026-02-26 02:26:50,101.27442922374429,00:01:41.274,3038,raw/thermal/20260226_022650.tiff,processed/aligned/000024_20260226_022650/thermal.tiff,processed/aligned/000024_20260226_022650/thermal.png,processed/aligned/000024_20260226_022650/video.png,processed/aligned/000024_20260226_022650/overlay.png,0.42736250907182693,0.2087432861328125,0.5366912841796875,primary,83.0,00:01:23,83.23333333333333,00:01:23.233,20260226_022632.tiff,processed/aligned/000024_20260226_022650/mask_80c.png,0,0.0
000025_20260226_022651,exported,20260226_022651.tiff,2026-02-26 02:26:51,102.27671232876712,00:01:42.277,3068,raw/thermal/20260226_022651.tiff,processed/aligned/000025_20260226_022651/thermal.tiff,processed/aligned/000025_20260226_022651/thermal.png,processed/aligned/000025_20260226_022651/video.png,processed/aligned/000025_20260226_022651/overlay.png,0.3629729226231575,0.1487335205078125,0.5361328125,primary,83.0,00:01:23,83.23333333333333,00:01:23.233,20260226_022632.tiff,processed/aligned/000025_20260226_022651/mask_80c.png,0,0.0
000026_20260226_022652,exported,20260226_022652.tiff,2026-02-26 02:26:52,103.27899543378994,00:01:43.279,3098,raw/thermal/20260226_022652.tiff,processed/aligned/000026_20260226_022652/thermal.tiff,processed/aligned/000026_20260226_022652/thermal.png,processed/aligned/000026_20260226_022652/video.png,processed/aligned/000026_20260226_022652/overlay.png,0.4111955761909485,0.2260833740234375,0.5053985595703125,primary,83.0,00:01:23,83.23333333333333,00:01:23.233,20260226_022632.tiff,processed/aligned/000026_20260226_022652/mask_80c.png,0,0.0
000027_20260226_022653,exported,20260226_022653.tiff,2026-02-26 02:26:53,104.28127853881278,00:01:44.281,3128,raw/thermal/20260226_022653.tiff,processed/aligned/000027_20260226_022653/thermal.tiff,processed/aligned/000027_20260226_022653/thermal.png,processed/aligned/000027_20260226_022653/video.png,processed/aligned/000027_20260226_022653/overlay.png,0.45027417689561844,0.288055419921875,0.5041839599609375,primary,83.0,00:01:23,83.23333333333333,00:01:23.233,20260226_022632.tiff,processed/aligned/000027_20260226_022653/mask_80c.png,0,0.0
000028_20260226_022654,exported,20260226_022654.tiff,2026-02-26 02:26:54,105.28356164383561,00:01:45.284,3159,raw/thermal/20260226_022654.tiff,processed/aligned/000028_20260226_022654/thermal.tiff,processed/aligned/000028_20260226_022654/thermal.png,processed/aligned/000028_20260226_022654/video.png,processed/aligned/000028_20260226_022654/overlay.png,0.3914809674024582,0.1685028076171875,0.520684814453125,primary,83.0,00:01:23,83.23333333333333,00:01:23.233,20260226_022632.tiff,processed/aligned/000028_20260226_022654/mask_80c.png,0,0.0
000029_20260226_022655,exported,20260226_022655.tiff,2026-02-26 02:26:55,106.28584474885845,00:01:46.286,3189,raw/thermal/20260226_022655.tiff,processed/aligned/000029_20260226_022655/thermal.tiff,processed/aligned/000029_20260226_022655/thermal.png,processed/aligned/000029_20260226_022655/video.png,processed/aligned/000029_20260226_022655/overlay.png,0.27157217264175415,0.06488037109375,0.316156005859375,primary,83.0,00:01:23,83.23333333333333,00:01:23.233,20260226_022632.tiff,processed/aligned/000029_20260226_022655/mask_80c.png,0,0.0
000030_20260226_022656,exported,20260226_022656.tiff,2026-02-26 02:26:56,107.28812785388128,00:01:47.288,3219,raw/thermal/20260226_022656.tiff,processed/aligned/000030_20260226_022656/thermal.tiff,processed/aligned/000030_20260226_022656/thermal.png,processed/aligned/000030_20260226_022656/video.png,processed/aligned/000030_20260226_022656/overlay.png,0.41670991480350494,0.206268310546875,0.57791748046875,primary,83.0,00:01:23,83.23333333333333,00:01:23.233,20260226_022632.tiff,processed/aligned/000030_20260226_022656/mask_80c.png,0,0.0
000031_20260226_022657,exported,20260226_022657.tiff,2026-02-26 02:26:57,108.2904109589041,00:01:48.290,3249,raw/thermal/20260226_022657.tiff,processed/aligned/000031_20260226_022657/thermal.tiff,processed/aligned/000031_20260226_022657/thermal.png,processed/aligned/000031_20260226_022657/video.png,processed/aligned/000031_20260226_022657/overlay.png,0.2658437453210354,0.0902099609375,0.3701751708984375,primary,83.0,00:01:23,83.23333333333333,00:01:23.233,20260226_022632.tiff,processed/aligned/000031_20260226_022657/mask_80c.png,0,0.0
000032_20260226_022658,exported,20260226_022658.tiff,2026-02-26 02:26:58,109.29269406392694,00:01:49.293,3279,raw/thermal/20260226_022658.tiff,processed/aligned/000032_20260226_022658/thermal.tiff,processed/aligned/000032_20260226_022658/thermal.png,processed/aligned/000032_20260226_022658/video.png,processed/aligned/000032_20260226_022658/overlay.png,0.31576574966311455,0.0847991943359375,0.5286224365234375,primary,83.0,00:01:23,83.23333333333333,00:01:23.233,20260226_022632.tiff,processed/aligned/000032_20260226_022658/mask_80c.png,0,0.0
000033_20260226_022659,exported,20260226_022659.tiff,2026-02-26 02:26:59,110.29497716894977,00:01:50.295,3309,raw/thermal/20260226_022659.tiff,processed/aligned/000033_20260226_022659/thermal.tiff,processed/aligned/000033_20260226_022659/thermal.png,processed/aligned/000033_20260226_022659/video.png,processed/aligned/000033_20260226_022659/overlay.png,0.369196392595768,0.1708038330078125,0.5127471923828125,primary,83.0,00:01:23,83.23333333333333,00:01:23.233,20260226_022632.tiff,processed/aligned/000033_20260226_022659/mask_80c.png,0,0.0
000034_20260226_022700,exported,20260226_022700.tiff,2026-02-26 02:27:00,111.29726027397261,00:01:51.297,3339,raw/thermal/20260226_022700.tiff,processed/aligned/000034_20260226_022700/thermal.tiff,processed/aligned/000034_20260226_022700/thermal.png,processed/aligned/000034_20260226_022700/video.png,processed/aligned/000034_20260226_022700/overlay.png,0.3349955603480339,0.1396728515625,0.4517486572265625,primary,83.0,00:01:23,83.23333333333333,00:01:23.233,20260226_022632.tiff,processed/aligned/000034_20260226_022700/mask_80c.png,0,0.0
000035_20260226_022701,exported,20260226_022701.tiff,2026-02-26 02:27:01,112.29954337899544,00:01:52.300,3369,raw/thermal/20260226_022701.tiff,processed/aligned/000035_20260226_022701/thermal.tiff,processed/aligned/000035_20260226_022701/thermal.png,processed/aligned/000035_20260226_022701/video.png,processed/aligned/000035_20260226_022701/overlay.png,0.32193875312805176,0.1097137451171875,0.45941162109375,primary,83.0,00:01:23,83.23333333333333,00:01:23.233,20260226_022632.tiff,processed/aligned/000035_20260226_022701/mask_80c.png,0,0.0
000036_20260226_022702,exported,20260226_022702.tiff,2026-02-26 02:27:02,113.30182648401826,00:01:53.302,3399,raw/thermal/20260226_022702.tiff,processed/aligned/000036_20260226_022702/thermal.tiff,processed/aligned/000036_20260226_022702/thermal.png,processed/aligned/000036_20260226_022702/video.png,processed/aligned/000036_20260226_022702/overlay.png,0.30027756839990616,0.0985504150390625,0.4520965576171875,primary,83.0,00:01:23,83.23333333333333,00:01:23.233,20260226_022632.tiff,processed/aligned/000036_20260226_022702/mask_80c.png,0,0.0
000037_20260226_022703,exported,20260226_022703.tiff,2026-02-26 02:27:03,114.30410958904109,00:01:54.304,3429,raw/thermal/20260226_022703.tiff,processed/aligned/000037_20260226_022703/thermal.tiff,processed/aligned/000037_20260226_022703/thermal.png,processed/aligned/000037_20260226_022703/video.png,processed/aligned/000037_20260226_022703/overlay.png,0.2624484971165657,0.06607666015625,0.379449462890625,primary,83.0,00:01:23,83.23333333333333,00:01:23.233,20260226_022632.tiff,processed/aligned/000037_20260226_022703/mask_80c.png,0,0.0
000038_20260226_022704,exported,20260226_022704.tiff,2026-02-26 02:27:04,115.30639269406392,00:01:55.306,3459,raw/thermal/20260226_022704.tiff,processed/aligned/000038_20260226_022704/thermal.tiff,processed/aligned/000038_20260226_022704/thermal.png,processed/aligned/000038_20260226_022704/video.png,processed/aligned/000038_20260226_022704/overlay.png,0.25988639146089554,0.0451171875,0.43494873046875,primary,83.0,00:01:23,83.23333333333333,00:01:23.233,20260226_022632.tiff,processed/aligned/000038_20260226_022704/mask_80c.png,0,0.0
000039_20260226_022705,exported,20260226_022705.tiff,2026-02-26 02:27:05,116.30867579908676,00:01:56.309,3489,raw/thermal/20260226_022705.tiff,processed/aligned/000039_20260226_022705/thermal.tiff,processed/aligned/000039_20260226_022705/thermal.png,processed/aligned/000039_20260226_022705/video.png,processed/aligned/000039_20260226_022705/overlay.png,0.25602927803993225,0.0772979736328125,0.336248779296875,primary,83.0,00:01:23,83.23333333333333,00:01:23.233,20260226_022632.tiff,processed/aligned/000039_20260226_022705/mask_80c.png,0,0.0
000040_20260226_022706,exported,20260226_022706.tiff,2026-02-26 02:27:06,117.3109589041096,00:01:57.311,3519,raw/thermal/20260226_022706.tiff,processed/aligned/000040_20260226_022706/thermal.tiff,processed/aligned/000040_20260226_022706/thermal.png,processed/aligned/000040_20260226_022706/video.png,processed/aligned/000040_20260226_022706/overlay.png,0.27029232308268547,0.0713348388671875,0.5056549072265625,primary,83.0,00:01:23,83.23333333333333,00:01:23.233,20260226_022632.tiff,processed/aligned/000040_20260226_022706/mask_80c.png,8187,0.0249847412109375
000041_20260226_022707,exported,20260226_022707.tiff,2026-02-26 02:27:07,118.31324200913242,00:01:58.313,3549,raw/thermal/20260226_022707.tiff,processed/aligned/000041_20260226_022707/thermal.tiff,processed/aligned/000041_20260226_022707/thermal.png,processed/aligned/000041_20260226_022707/video.png,processed/aligned/000041_20260226_022707/overlay.png,0.27175864577293396,0.06661376953125,0.5129425048828125,primary,83.0,00:01:23,83.23333333333333,00:01:23.233,20260226_022632.tiff,processed/aligned/000041_20260226_022707/mask_80c.png,10298,0.031427001953125
000042_20260226_022708,exported,20260226_022708.tiff,2026-02-26 02:27:08,119.31552511415525,00:01:59.316,3579,raw/thermal/20260226_022708.tiff,processed/aligned/000042_20260226_022708/thermal.tiff,processed/aligned/000042_20260226_022708/thermal.png,processed/aligned/000042_20260226_022708/video.png,processed/aligned/000042_20260226_022708/overlay.png,0.27779094502329826,0.0599853515625,0.4648406982421875,primary,83.0,00:01:23,83.23333333333333,00:01:23.233,20260226_022632.tiff,processed/aligned/000042_20260226_022708/mask_80c.png,1155,0.0035247802734375
000043_20260226_022709,exported,20260226_022709.tiff,2026-02-26 02:27:09,120.31780821917808,00:02:00.318,3610,raw/thermal/20260226_022709.tiff,processed/aligned/000043_20260226_022709/thermal.tiff,processed/aligned/000043_20260226_022709/thermal.png,processed/aligned/000043_20260226_022709/video.png,processed/aligned/000043_20260226_022709/overlay.png,0.35157544910907745,0.1254638671875,0.4974395751953125,primary,83.0,00:01:23,83.23333333333333,00:01:23.233,20260226_022632.tiff,processed/aligned/000043_20260226_022709/mask_80c.png,0,0.0
000044_20260226_022710,exported,20260226_022710.tiff,2026-02-26 02:27:10,121.32009132420092,00:02:01.320,3640,raw/thermal/20260226_022710.tiff,processed/aligned/000044_20260226_022710/thermal.tiff,processed/aligned/000044_20260226_022710/thermal.png,processed/aligned/000044_20260226_022710/video.png,processed/aligned/000044_20260226_022710/overlay.png,0.43497615307569504,0.278814697265625,0.5032501220703125,primary,83.0,00:01:23,83.23333333333333,00:01:23.233,20260226_022632.tiff,processed/aligned/000044_20260226_022710/mask_80c.png,0,0.0
000045_20260226_022711,exported,20260226_022711.tiff,2026-02-26 02:27:11,122.32237442922374,00:02:02.322,3670,raw/thermal/20260226_022711.tiff,processed/aligned/000045_20260226_022711/thermal.tiff,processed/aligned/000045_20260226_022711/thermal.png,processed/aligned/000045_20260226_022711/video.png,processed/aligned/000045_20260226_022711/overlay.png,0.3479457423090935,0.187628173828125,0.3357574462890625,primary,83.0,00:01:23,83.23333333333333,00:01:23.233,20260226_022632.tiff,processed/aligned/000045_20260226_022711/mask_80c.png,0,0.0
000046_20260226_022712,exported,20260226_022712.tiff,2026-02-26 02:27:12,123.32465753424658,00:02:03.325,3700,raw/thermal/20260226_022712.tiff,processed/aligned/000046_20260226_022712/thermal.tiff,processed/aligned/000046_20260226_022712/thermal.png,processed/aligned/000046_20260226_022712/video.png,processed/aligned/000046_20260226_022712/overlay.png,0.40516503900289536,0.205157470703125,0.5079254150390625,primary,83.0,00:01:23,83.23333333333333,00:01:23.233,20260226_022632.tiff,processed/aligned/000046_20260226_022712/mask_80c.png,0,0.0
000047_20260226_022713,exported,20260226_022713.tiff,2026-02-26 02:27:13,124.32694063926941,00:02:04.327,3730,raw/thermal/20260226_022713.tiff,processed/aligned/000047_20260226_022713/thermal.tiff,processed/aligned/000047_20260226_022713/thermal.png,processed/aligned/000047_20260226_022713/video.png,processed/aligned/000047_20260226_022713/overlay.png,0.45921793580055237,0.2946014404296875,0.5785003662109375,primary,83.0,00:01:23,83.23333333333333,00:01:23.233,20260226_022632.tiff,processed/aligned/000047_20260226_022713/mask_80c.png,0,0.0
000048_20260226_022714,exported,20260226_022714.tiff,2026-02-26 02:27:14,125.32922374429224,00:02:05.329,3760,raw/thermal/20260226_022714.tiff,processed/aligned/000048_20260226_022714/thermal.tiff,processed/aligned/000048_20260226_022714/thermal.png,processed/aligned/000048_20260226_022714/video.png,processed/aligned/000048_20260226_022714/overlay.png,0.443576917052269,0.2648345947265625,0.485601806640625,primary,83.0,00:01:23,83.23333333333333,00:01:23.233,20260226_022632.tiff,processed/aligned/000048_20260226_022714/mask_80c.png,0,0.0
000049_20260226_022715,exported,20260226_022715.tiff,2026-02-26 02:27:15,126.33150684931506,00:02:06.332,3790,raw/thermal/20260226_022715.tiff,processed/aligned/000049_20260226_022715/thermal.tiff,processed/aligned/000049_20260226_022715/thermal.png,processed/aligned/000049_20260226_022715/video.png,processed/aligned/000049_20260226_022715/overlay.png,0.4150586947798729,0.24638671875,0.4583892822265625,primary,83.0,00:01:23,83.23333333333333,00:01:23.233,20260226_022632.tiff,processed/aligned/000049_20260226_022715/mask_80c.png,0,0.0
000050_20260226_022716,exported,20260226_022716.tiff,2026-02-26 02:27:16,127.3337899543379,00:02:07.334,3820,raw/thermal/20260226_022716.tiff,processed/aligned/000050_20260226_022716/thermal.tiff,processed/aligned/000050_20260226_022716/thermal.png,processed/aligned/000050_20260226_022716/video.png,processed/aligned/000050_20260226_022716/overlay.png,0.4329797551035881,0.2537109375,0.531195068359375,primary,83.0,00:01:23,83.23333333333333,00:01:23.233,20260226_022632.tiff,processed/aligned/000050_20260226_022716/mask_80c.png,0,0.0
000051_20260226_022717,exported,20260226_022717.tiff,2026-02-26 02:27:17,128.33607305936073,00:02:08.336,3850,raw/thermal/20260226_022717.tiff,processed/aligned/000051_20260226_022717/thermal.tiff,processed/aligned/000051_20260226_022717/thermal.png,processed/aligned/000051_20260226_022717/video.png,processed/aligned/000051_20260226_022717/overlay.png,0.46693005412817,0.29964599609375,0.5563873291015625,primary,83.0,00:01:23,83.23333333333333,00:01:23.233,20260226_022632.tiff,processed/aligned/000051_20260226_022717/mask_80c.png,0,0.0
000052_20260226_022718,exported,20260226_022718.tiff,2026-02-26 02:27:18,129.33835616438358,00:02:09.338,3880,raw/thermal/20260226_022718.tiff,processed/aligned/000052_20260226_022718/thermal.tiff,processed/aligned/000052_20260226_022718/thermal.png,processed/aligned/000052_20260226_022718/video.png,processed/aligned/000052_20260226_022718/overlay.png,0.38663244247436523,0.1893646240234375,0.501226806640625,primary,83.0,00:01:23,83.23333333333333,00:01:23.233,20260226_022632.tiff,processed/aligned/000052_20260226_022718/mask_80c.png,0,0.0
000053_20260226_022719,exported,20260226_022719.tiff,2026-02-26 02:27:19,130.34063926940638,00:02:10.341,3910,raw/thermal/20260226_022719.tiff,processed/aligned/000053_20260226_022719/thermal.tiff,processed/aligned/000053_20260226_022719/thermal.png,processed/aligned/000053_20260226_022719/video.png,processed/aligned/000053_20260226_022719/overlay.png,0.3840256780385971,0.19495849609375,0.49241943359375,primary,83.0,00:01:23,83.23333333333333,00:01:23.233,20260226_022632.tiff,processed/aligned/000053_20260226_022719/mask_80c.png,0,0.0
000054_20260226_022720,exported,20260226_022720.tiff,2026-02-26 02:27:20,131.34292237442924,00:02:11.343,3940,raw/thermal/20260226_022720.tiff,processed/aligned/000054_20260226_022720/thermal.tiff,processed/aligned/000054_20260226_022720/thermal.png,processed/aligned/000054_20260226_022720/video.png,processed/aligned/000054_20260226_022720/overlay.png,0.39491990953683853,0.217645263671875,0.4945953369140625,primary,83.0,00:01:23,83.23333333333333,00:01:23.233,20260226_022632.tiff,processed/aligned/000054_20260226_022720/mask_80c.png,0,0.0
000055_20260226_022721,exported,20260226_022721.tiff,2026-02-26 02:27:21,132.34520547945203,00:02:12.345,3970,raw/thermal/20260226_022721.tiff,processed/aligned/000055_20260226_022721/thermal.tiff,processed/aligned/000055_20260226_022721/thermal.png,processed/aligned/000055_20260226_022721/video.png,processed/aligned/000055_20260226_022721/overlay.png,0.3863171264529228,0.2041229248046875,0.4752166748046875,primary,83.0,00:01:23,83.23333333333333,00:01:23.233,20260226_022632.tiff,processed/aligned/000055_20260226_022721/mask_80c.png,0,0.0
000056_20260226_022722,exported,20260226_022722.tiff,2026-02-26 02:27:22,133.3474885844749,00:02:13.347,4000,raw/thermal/20260226_022722.tiff,processed/aligned/000056_20260226_022722/thermal.tiff,processed/aligned/000056_20260226_022722/thermal.png,processed/aligned/000056_20260226_022722/video.png,processed/aligned/000056_20260226_022722/overlay.png,0.40602292120456696,0.238824462890625,0.4904937744140625,primary,83.0,00:01:23,83.23333333333333,00:01:23.233,20260226_022632.tiff,processed/aligned/000056_20260226_022722/mask_80c.png,0,0.0
000057_20260226_022723,exported,20260226_022723.tiff,2026-02-26 02:27:23,134.34977168949774,00:02:14.350,4030,raw/thermal/20260226_022723.tiff,processed/aligned/000057_20260226_022723/thermal.tiff,processed/aligned/000057_20260226_022723/thermal.png,processed/aligned/000057_20260226_022723/video.png,processed/aligned/000057_20260226_022723/overlay.png,0.4003351479768753,0.22310791015625,0.4688720703125,primary,83.0,00:01:23,83.23333333333333,00:01:23.233,20260226_022632.tiff,processed/aligned/000057_20260226_022723/mask_80c.png,0,0.0
000058_20260226_022724,exported,20260226_022724.tiff,2026-02-26 02:27:24,135.35205479452054,00:02:15.352,4061,raw/thermal/20260226_022724.tiff,processed/aligned/000058_20260226_022724/thermal.tiff,processed/aligned/000058_20260226_022724/thermal.png,processed/aligned/000058_20260226_022724/video.png,processed/aligned/000058_20260226_022724/overlay.png,0.3472156226634979,0.13919677734375,0.4663909912109375,primary,83.0,00:01:23,83.23333333333333,00:01:23.233,20260226_022632.tiff,processed/aligned/000058_20260226_022724/mask_80c.png,0,0.0
000059_20260226_022725,exported,20260226_022725.tiff,2026-02-26 02:27:25,136.3543378995434,00:02:16.354,4091,raw/thermal/20260226_022725.tiff,processed/aligned/000059_20260226_022725/thermal.tiff,processed/aligned/000059_20260226_022725/thermal.png,processed/aligned/000059_20260226_022725/video.png,processed/aligned/000059_20260226_022725/overlay.png,0.4068554788827896,0.2232086181640625,0.5206298828125,primary,83.0,00:01:23,83.23333333333333,00:01:23.233,20260226_022632.tiff,processed/aligned/000059_20260226_022725/mask_80c.png,0,0.0
000060_20260226_022726,exported,20260226_022726.tiff,2026-02-26 02:27:26,137.3566210045662,00:02:17.357,4121,raw/thermal/20260226_022726.tiff,processed/aligned/000060_20260226_022726/thermal.tiff,processed/aligned/000060_20260226_022726/thermal.png,processed/aligned/000060_20260226_022726/video.png,processed/aligned/000060_20260226_022726/overlay.png,0.3820911794900894,0.2078704833984375,0.4477264404296875,primary,83.0,00:01:23,83.23333333333333,00:01:23.233,20260226_022632.tiff,processed/aligned/000060_20260226_022726/mask_80c.png,0,0.0
000061_20260226_022727,exported,20260226_022727.tiff,2026-02-26 02:27:27,138.35890410958905,00:02:18.359,4151,raw/thermal/20260226_022727.tiff,processed/aligned/000061_20260226_022727/thermal.tiff,processed/aligned/000061_20260226_022727/thermal.png,processed/aligned/000061_20260226_022727/video.png,processed/aligned/000061_20260226_022727/overlay.png,0.4356755390763283,0.2647979736328125,0.5146148681640625,primary,83.0,00:01:23,83.23333333333333,00:01:23.233,20260226_022632.tiff,processed/aligned/000061_20260226_022727/mask_80c.png,0,0.0
000062_20260226_022728,exported,20260226_022728.tiff,2026-02-26 02:27:28,139.3611872146119,00:02:19.361,4181,raw/thermal/20260226_022728.tiff,processed/aligned/000062_20260226_022728/thermal.tiff,processed/aligned/000062_20260226_022728/thermal.png,processed/aligned/000062_20260226_022728/video.png,processed/aligned/000062_20260226_022728/overlay.png,0.4036661982536316,0.2049224853515625,0.5141998291015625,primary,83.0,00:01:23,83.23333333333333,00:01:23.233,20260226_022632.tiff,processed/aligned/000062_20260226_022728/mask_80c.png,0,0.0
000063_20260226_022729,exported,20260226_022729.tiff,2026-02-26 02:27:29,140.3634703196347,00:02:20.363,4211,raw/thermal/20260226_022729.tiff,processed/aligned/000063_20260226_022729/thermal.tiff,processed/aligned/000063_20260226_022729/thermal.png,processed/aligned/000063_20260226_022729/video.png,processed/aligned/000063_20260226_022729/overlay.png,0.4050223082304001,0.20880126953125,0.5136688232421875,primary,83.0,00:01:23,83.23333333333333,00:01:23.233,20260226_022632.tiff,processed/aligned/000063_20260226_022729/mask_80c.png,0,0.0
000064_20260226_022730,exported,20260226_022730.tiff,2026-02-26 02:27:30,141.36575342465756,00:02:21.366,4241,raw/thermal/20260226_022730.tiff,processed/aligned/000064_20260226_022730/thermal.tiff,processed/aligned/000064_20260226_022730/thermal.png,processed/aligned/000064_20260226_022730/video.png,processed/aligned/000064_20260226_022730/overlay.png,0.4346778467297554,0.252471923828125,0.5096343994140625,primary,83.0,00:01:23,83.23333333333333,00:01:23.233,20260226_022632.tiff,processed/aligned/000064_20260226_022730/mask_80c.png,0,0.0
000065_20260226_022731,exported,20260226_022731.tiff,2026-02-26 02:27:31,142.36803652968035,00:02:22.368,4271,raw/thermal/20260226_022731.tiff,processed/aligned/000065_20260226_022731/thermal.tiff,processed/aligned/000065_20260226_022731/thermal.png,processed/aligned/000065_20260226_022731/video.png,processed/aligned/000065_20260226_022731/overlay.png,0.45373155921697617,0.28951416015625,0.526641845703125,primary,83.0,00:01:23,83.23333333333333,00:01:23.233,20260226_022632.tiff,processed/aligned/000065_20260226_022731/mask_80c.png,0,0.0
000066_20260226_022732,exported,20260226_022732.tiff,2026-02-26 02:27:32,143.3703196347032,00:02:23.370,4301,raw/thermal/20260226_022732.tiff,processed/aligned/000066_20260226_022732/thermal.tiff,processed/aligned/000066_20260226_022732/thermal.png,processed/aligned/000066_20260226_022732/video.png,processed/aligned/000066_20260226_022732/overlay.png,0.4391343891620636,0.28319091796875,0.498883056640625,primary,83.0,00:01:23,83.23333333333333,00:01:23.233,20260226_022632.tiff,processed/aligned/000066_20260226_022732/mask_80c.png,0,0.0
000067_20260226_022733,exported,20260226_022733.tiff,2026-02-26 02:27:33,144.37260273972606,00:02:24.373,4331,raw/thermal/20260226_022733.tiff,processed/aligned/000067_20260226_022733/thermal.tiff,processed/aligned/000067_20260226_022733/thermal.png,processed/aligned/000067_20260226_022733/video.png,processed/aligned/000067_20260226_022733/overlay.png,0.423957459628582,0.2373321533203125,0.5257568359375,primary,83.0,00:01:23,83.23333333333333,00:01:23.233,20260226_022632.tiff,processed/aligned/000067_20260226_022733/mask_80c.png,0,0.0
000068_20260226_022734,exported,20260226_022734.tiff,2026-02-26 02:27:34,145.37488584474886,00:02:25.375,4361,raw/thermal/20260226_022734.tiff,processed/aligned/000068_20260226_022734/thermal.tiff,processed/aligned/000068_20260226_022734/thermal.png,processed/aligned/000068_20260226_022734/video.png,processed/aligned/000068_20260226_022734/overlay.png,0.4391277804970741,0.2321624755859375,0.5811920166015625,primary,83.0,00:01:23,83.23333333333333,00:01:23.233,20260226_022632.tiff,processed/aligned/000068_20260226_022734/mask_80c.png,0,0.0
000069_20260226_022735,exported,20260226_022735.tiff,2026-02-26 02:27:35,146.37716894977171,00:02:26.377,4391,raw/thermal/20260226_022735.tiff,processed/aligned/000069_20260226_022735/thermal.tiff,processed/aligned/000069_20260226_022735/thermal.png,processed/aligned/000069_20260226_022735/video.png,processed/aligned/000069_20260226_022735/overlay.png,0.45846083015203476,0.2611846923828125,0.5898590087890625,primary,83.0,00:01:23,83.23333333333333,00:01:23.233,20260226_022632.tiff,processed/aligned/000069_20260226_022735/mask_80c.png,0,0.0
000070_20260226_022736,exported,20260226_022736.tiff,2026-02-26 02:27:36,147.3794520547945,00:02:27.379,4421,raw/thermal/20260226_022736.tiff,processed/aligned/000070_20260226_022736/thermal.tiff,processed/aligned/000070_20260226_022736/thermal.png,processed/aligned/000070_20260226_022736/video.png,processed/aligned/000070_20260226_022736/overlay.png,0.4441516324877739,0.247186279296875,0.5512359619140625,primary,83.0,00:01:23,83.23333333333333,00:01:23.233,20260226_022632.tiff,processed/aligned/000070_20260226_022736/mask_80c.png,0,0.0
000071_20260226_022737,exported,20260226_022737.tiff,2026-02-26 02:27:37,148.38173515981737,00:02:28.382,4451,raw/thermal/20260226_022737.tiff,processed/aligned/000071_20260226_022737/thermal.tiff,processed/aligned/000071_20260226_022737/thermal.png,processed/aligned/000071_20260226_022737/video.png,processed/aligned/000071_20260226_022737/overlay.png,0.4342557042837143,0.2501495361328125,0.5225677490234375,primary,83.0,00:01:23,83.23333333333333,00:01:23.233,20260226_022632.tiff,processed/aligned/000071_20260226_022737/mask_80c.png,0,0.0
000072_20260226_022738,exported,20260226_022738.tiff,2026-02-26 02:27:38,149.38401826484017,00:02:29.384,4482,raw/thermal/20260226_022738.tiff,processed/aligned/000072_20260226_022738/thermal.tiff,processed/aligned/000072_20260226_022738/thermal.png,processed/aligned/000072_20260226_022738/video.png,processed/aligned/000072_20260226_022738/overlay.png,0.3847878873348236,0.1850494384765625,0.49134521484375,primary,83.0,00:01:23,83.23333333333333,00:01:23.233,20260226_022632.tiff,processed/aligned/000072_20260226_022738/mask_80c.png,0,0.0
000073_20260226_022739,exported,20260226_022739.tiff,2026-02-26 02:27:39,150.38630136986302,00:02:30.386,4512,raw/thermal/20260226_022739.tiff,processed/aligned/000073_20260226_022739/thermal.tiff,processed/aligned/000073_20260226_022739/thermal.png,processed/aligned/000073_20260226_022739/video.png,processed/aligned/000073_20260226_022739/overlay.png,0.42398784309625626,0.230242919921875,0.511541748046875,primary,83.0,00:01:23,83.23333333333333,00:01:23.233,20260226_022632.tiff,processed/aligned/000073_20260226_022739/mask_80c.png,0,0.0
000074_20260226_022740,exported,20260226_022740.tiff,2026-02-26 02:27:40,151.38858447488587,00:02:31.389,4542,raw/thermal/20260226_022740.tiff,processed/aligned/000074_20260226_022740/thermal.tiff,processed/aligned/000074_20260226_022740/thermal.png,processed/aligned/000074_20260226_022740/video.png,processed/aligned/000074_20260226_022740/overlay.png,0.4635111913084984,0.29276123046875,0.5383209228515625,primary,83.0,00:01:23,83.23333333333333,00:01:23.233,20260226_022632.tiff,processed/aligned/000074_20260226_022740/mask_80c.png,0,0.0
000075_20260226_022741,exported,20260226_022741.tiff,2026-02-26 02:27:41,152.39086757990867,00:02:32.391,4572,raw/thermal/20260226_022741.tiff,processed/aligned/000075_20260226_022741/thermal.tiff,processed/aligned/000075_20260226_022741/thermal.png,processed/aligned/000075_20260226_022741/video.png,processed/aligned/000075_20260226_022741/overlay.png,0.4185386449098587,0.194970703125,0.543572998046875,primary,83.0,00:01:23,83.23333333333333,00:01:23.233,20260226_022632.tiff,processed/aligned/000075_20260226_022741/mask_80c.png,0,0.0
000076_20260226_022742,exported,20260226_022742.tiff,2026-02-26 02:27:42,153.39315068493153,00:02:33.393,4602,raw/thermal/20260226_022742.tiff,processed/aligned/000076_20260226_022742/thermal.tiff,processed/aligned/000076_20260226_022742/thermal.png,processed/aligned/000076_20260226_022742/video.png,processed/aligned/000076_20260226_022742/overlay.png,0.4759724736213684,0.2425567626953125,0.5807830810546875,primary,83.0,00:01:23,83.23333333333333,00:01:23.233,20260226_022632.tiff,processed/aligned/000076_20260226_022742/mask_80c.png,0,0.0
000077_20260226_022743,exported,20260226_022743.tiff,2026-02-26 02:27:43,154.39543378995432,00:02:34.395,4632,raw/thermal/20260226_022743.tiff,processed/aligned/000077_20260226_022743/thermal.tiff,processed/aligned/000077_20260226_022743/thermal.png,processed/aligned/000077_20260226_022743/video.png,processed/aligned/000077_20260226_022743/overlay.png,0.5192476212978363,0.3280670166015625,0.591259765625,primary,83.0,00:01:23,83.23333333333333,00:01:23.233,20260226_022632.tiff,processed/aligned/000077_20260226_022743/mask_80c.png,0,0.0
000078_20260226_022744,exported,20260226_022744.tiff,2026-02-26 02:27:44,155.39771689497718,00:02:35.398,4662,raw/thermal/20260226_022744.tiff,processed/aligned/000078_20260226_022744/thermal.tiff,processed/aligned/000078_20260226_022744/thermal.png,processed/aligned/000078_20260226_022744/video.png,processed/aligned/000078_20260226_022744/overlay.png,0.5196993201971054,0.343359375,0.5757598876953125,primary,83.0,00:01:23,83.23333333333333,00:01:23.233,20260226_022632.tiff,processed/aligned/000078_20260226_022744/mask_80c.png,0,0.0
000079_20260226_022745,exported,20260226_022745.tiff,2026-02-26 02:27:45,156.40000000000003,00:02:36.400,4692,raw/thermal/20260226_022745.tiff,processed/aligned/000079_20260226_022745/thermal.tiff,processed/aligned/000079_20260226_022745/thermal.png,processed/aligned/000079_20260226_022745/video.png,processed/aligned/000079_20260226_022745/overlay.png,0.5512835085391998,0.3911529541015625,0.6104248046875,primary,83.0,00:01:23,83.23333333333333,00:01:23.233,20260226_022632.tiff,processed/aligned/000079_20260226_022745/mask_80c.png,0,0.0
000080_20260226_022746,exported,20260226_022746.tiff,2026-02-26 02:27:46,157.40228310502283,00:02:37.402,4722,raw/thermal/20260226_022746.tiff,processed/aligned/000080_20260226_022746/thermal.tiff,processed/aligned/000080_20260226_022746/thermal.png,processed/aligned/000080_20260226_022746/video.png,processed/aligned/000080_20260226_022746/overlay.png,0.5252221450209618,0.33433837890625,0.6145111083984375,primary,83.0,00:01:23,83.23333333333333,00:01:23.233,20260226_022632.tiff,processed/aligned/000080_20260226_022746/mask_80c.png,0,0.0
000081_20260226_022747,exported,20260226_022747.tiff,2026-02-26 02:27:47,158.4045662100457,00:02:38.405,4752,raw/thermal/20260226_022747.tiff,processed/aligned/000081_20260226_022747/thermal.tiff,processed/aligned/000081_20260226_022747/thermal.png,processed/aligned/000081_20260226_022747/video.png,processed/aligned/000081_20260226_022747/overlay.png,0.5094491019845009,0.3316680908203125,0.5848114013671875,primary,83.0,00:01:23,83.23333333333333,00:01:23.233,20260226_022632.tiff,processed/aligned/000081_20260226_022747/mask_80c.png,0,0.0
000082_20260226_022748,exported,20260226_022748.tiff,2026-02-26 02:27:48,159.40684931506848,00:02:39.407,4782,raw/thermal/20260226_022748.tiff,processed/aligned/000082_20260226_022748/thermal.tiff,processed/aligned/000082_20260226_022748/thermal.png,processed/aligned/000082_20260226_022748/video.png,processed/aligned/000082_20260226_022748/overlay.png,0.5050485953688622,0.319232177734375,0.544696044921875,primary,83.0,00:01:23,83.23333333333333,00:01:23.233,20260226_022632.tiff,processed/aligned/000082_20260226_022748/mask_80c.png,0,0.0
000083_20260226_022749,exported,20260226_022749.tiff,2026-02-26 02:27:49,160.40913242009134,00:02:40.409,4812,raw/thermal/20260226_022749.tiff,processed/aligned/000083_20260226_022749/thermal.tiff,processed/aligned/000083_20260226_022749/thermal.png,processed/aligned/000083_20260226_022749/video.png,processed/aligned/000083_20260226_022749/overlay.png,0.42689967155456543,0.2185455322265625,0.5434661865234375,primary,83.0,00:01:23,83.23333333333333,00:01:23.233,20260226_022632.tiff,processed/aligned/000083_20260226_022749/mask_80c.png,0,0.0
000084_20260226_022750,exported,20260226_022750.tiff,2026-02-26 02:27:50,161.4114155251142,00:02:41.411,4842,raw/thermal/20260226_022750.tiff,processed/aligned/000084_20260226_022750/thermal.tiff,processed/aligned/000084_20260226_022750/thermal.png,processed/aligned/000084_20260226_022750/video.png,processed/aligned/000084_20260226_022750/overlay.png,0.44734709709882736,0.266119384765625,0.5305084228515625,primary,83.0,00:01:23,83.23333333333333,00:01:23.233,20260226_022632.tiff,processed/aligned/000084_20260226_022750/mask_80c.png,0,0.0
000085_20260226_022751,exported,20260226_022751.tiff,2026-02-26 02:27:51,162.413698630137,00:02:42.414,4872,raw/thermal/20260226_022751.tiff,processed/aligned/000085_20260226_022751/thermal.tiff,processed/aligned/000085_20260226_022751/thermal.png,processed/aligned/000085_20260226_022751/video.png,processed/aligned/000085_20260226_022751/overlay.png,0.4356854632496834,0.251422119140625,0.5067962646484375,primary,83.0,00:01:23,83.23333333333333,00:01:23.233,20260226_022632.tiff,processed/aligned/000085_20260226_022751/mask_80c.png,0,0.0
000086_20260226_022752,exported,20260226_022752.tiff,2026-02-26 02:27:52,163.41598173515985,00:02:43.416,4902,raw/thermal/20260226_022752.tiff,processed/aligned/000086_20260226_022752/thermal.tiff,processed/aligned/000086_20260226_022752/thermal.png,processed/aligned/000086_20260226_022752/video.png,processed/aligned/000086_20260226_022752/overlay.png,0.4291948229074478,0.2504058837890625,0.486358642578125,primary,83.0,00:01:23,83.23333333333333,00:01:23.233,20260226_022632.tiff,processed/aligned/000086_20260226_022752/mask_80c.png,0,0.0
000087_20260226_022753,exported,20260226_022753.tiff,2026-02-26 02:27:53,164.41826484018264,00:02:44.418,4933,raw/thermal/20260226_022753.tiff,processed/aligned/000087_20260226_022753/thermal.tiff,processed/aligned/000087_20260226_022753/thermal.png,processed/aligned/000087_20260226_022753/video.png,processed/aligned/000087_20260226_022753/overlay.png,0.4358372464776039,0.285882568359375,0.4783599853515625,primary,83.0,00:01:23,83.23333333333333,00:01:23.233,20260226_022632.tiff,processed/aligned/000087_20260226_022753/mask_80c.png,0,0.0
000088_20260226_022754,exported,20260226_022754.tiff,2026-02-26 02:27:54,165.4205479452055,00:02:45.421,4963,raw/thermal/20260226_022754.tiff,processed/aligned/000088_20260226_022754/thermal.tiff,processed/aligned/000088_20260226_022754/thermal.png,processed/aligned/000088_20260226_022754/video.png,processed/aligned/000088_20260226_022754/overlay.png,0.4467143788933754,0.287811279296875,0.4880096435546875,primary,83.0,00:01:23,83.23333333333333,00:01:23.233,20260226_022632.tiff,processed/aligned/000088_20260226_022754/mask_80c.png,1209,0.0036895751953125
000089_20260226_022755,exported,20260226_022755.tiff,2026-02-26 02:27:55,166.4228310502283,00:02:46.423,4993,raw/thermal/20260226_022755.tiff,processed/aligned/000089_20260226_022755/thermal.tiff,processed/aligned/000089_20260226_022755/thermal.png,processed/aligned/000089_20260226_022755/video.png,processed/aligned/000089_20260226_022755/overlay.png,0.4065825119614601,0.2326263427734375,0.4825286865234375,primary,83.0,00:01:23,83.23333333333333,00:01:23.233,20260226_022632.tiff,processed/aligned/000089_20260226_022755/mask_80c.png,5861,0.0178863525390625
000090_20260226_022756,exported,20260226_022756.tiff,2026-02-26 02:27:56,167.42511415525115,00:02:47.425,5023,raw/thermal/20260226_022756.tiff,processed/aligned/000090_20260226_022756/thermal.tiff,processed/aligned/000090_20260226_022756/thermal.png,processed/aligned/000090_20260226_022756/video.png,processed/aligned/000090_20260226_022756/overlay.png,0.3324192687869072,0.141143798828125,0.4210906982421875,primary,83.0,00:01:23,83.23333333333333,00:01:23.233,20260226_022632.tiff,processed/aligned/000090_20260226_022756/mask_80c.png,6035,0.0184173583984375
000091_20260226_022757,exported,20260226_022757.tiff,2026-02-26 02:27:57,168.427397260274,00:02:48.427,5053,raw/thermal/20260226_022757.tiff,processed/aligned/000091_20260226_022757/thermal.tiff,processed/aligned/000091_20260226_022757/thermal.png,processed/aligned/000091_20260226_022757/video.png,processed/aligned/000091_20260226_022757/overlay.png,0.33381401747465134,0.162744140625,0.3601318359375,primary,83.0,00:01:23,83.23333333333333,00:01:23.233,20260226_022632.tiff,processed/aligned/000091_20260226_022757/mask_80c.png,5379,0.0164154052734375
000092_20260226_022758,exported,20260226_022758.tiff,2026-02-26 02:27:58,169.4296803652968,00:02:49.430,5083,raw/thermal/20260226_022758.tiff,processed/aligned/000092_20260226_022758/thermal.tiff,processed/aligned/000092_20260226_022758/thermal.png,processed/aligned/000092_20260226_022758/video.png,processed/aligned/000092_20260226_022758/overlay.png,0.3349526450037956,0.22359619140625,0.3432159423828125,primary,83.0,00:01:23,83.23333333333333,00:01:23.233,20260226_022632.tiff,processed/aligned/000092_20260226_022758/mask_80c.png,4926,0.015032958984375
000093_20260226_022759,exported,20260226_022759.tiff,2026-02-26 02:27:59,170.43196347031966,00:02:50.432,5113,raw/thermal/20260226_022759.tiff,processed/aligned/000093_20260226_022759/thermal.tiff,processed/aligned/000093_20260226_022759/thermal.png,processed/aligned/000093_20260226_022759/video.png,processed/aligned/000093_20260226_022759/overlay.png,0.3392723873257637,0.2671630859375,0.2667877197265625,primary,83.0,00:01:23,83.23333333333333,00:01:23.233,20260226_022632.tiff,processed/aligned/000093_20260226_022759/mask_80c.png,103,0.0003143310546875
000094_20260226_022800,exported,20260226_022800.tiff,2026-02-26 02:28:00,171.43424657534246,00:02:51.434,5143,raw/thermal/20260226_022800.tiff,processed/aligned/000094_20260226_022800/thermal.tiff,processed/aligned/000094_20260226_022800/thermal.png,processed/aligned/000094_20260226_022800/video.png,processed/aligned/000094_20260226_022800/overlay.png,0.29717105627059937,0.2208831787109375,0.240301513671875,primary,83.0,00:01:23,83.23333333333333,00:01:23.233,20260226_022632.tiff,processed/aligned/000094_20260226_022800/mask_80c.png,3345,0.0102081298828125
000095_20260226_022801,exported,20260226_022801.tiff,2026-02-26 02:28:01,172.4365296803653,00:02:52.437,5173,raw/thermal/20260226_022801.tiff,processed/aligned/000095_20260226_022801/thermal.tiff,processed/aligned/000095_20260226_022801/thermal.png,processed/aligned/000095_20260226_022801/video.png,processed/aligned/000095_20260226_022801/overlay.png,0.3454274386167526,0.241510009765625,0.326971435546875,primary,83.0,00:01:23,83.23333333333333,00:01:23.233,20260226_022632.tiff,processed/aligned/000095_20260226_022801/mask_80c.png,0,0.0
000096_20260226_022802,exported,20260226_022802.tiff,2026-02-26 02:28:02,173.43881278538817,00:02:53.439,5203,raw/thermal/20260226_022802.tiff,processed/aligned/000096_20260226_022802/thermal.tiff,processed/aligned/000096_20260226_022802/thermal.png,processed/aligned/000096_20260226_022802/video.png,processed/aligned/000096_20260226_022802/overlay.png,0.46360994130373,0.3667724609375,0.4519500732421875,primary,83.0,00:01:23,83.23333333333333,00:01:23.233,20260226_022632.tiff,processed/aligned/000096_20260226_022802/mask_80c.png,0,0.0
000097_20260226_022803,exported,20260226_022803.tiff,2026-02-26 02:28:03,174.44109589041096,00:02:54.441,5233,raw/thermal/20260226_022803.tiff,processed/aligned/000097_20260226_022803/thermal.tiff,processed/aligned/000097_20260226_022803/thermal.png,processed/aligned/000097_20260226_022803/video.png,processed/aligned/000097_20260226_022803/overlay.png,0.47424108535051346,0.3331329345703125,0.51016845703125,primary,83.0,00:01:23,83.23333333333333,00:01:23.233,20260226_022632.tiff,processed/aligned/000097_20260226_022803/mask_80c.png,0,0.0
000098_20260226_022804,exported,20260226_022804.tiff,2026-02-26 02:28:04,175.44337899543382,00:02:55.443,5263,raw/thermal/20260226_022804.tiff,processed/aligned/000098_20260226_022804/thermal.tiff,processed/aligned/000098_20260226_022804/thermal.png,processed/aligned/000098_20260226_022804/video.png,processed/aligned/000098_20260226_022804/overlay.png,0.5034434571862221,0.3672882080078125,0.5536590576171875,primary,83.0,00:01:23,83.23333333333333,00:01:23.233,20260226_022632.tiff,processed/aligned/000098_20260226_022804/mask_80c.png,0,0.0
000099_20260226_022805,exported,20260226_022805.tiff,2026-02-26 02:28:05,176.44566210045662,00:02:56.446,5293,raw/thermal/20260226_022805.tiff,processed/aligned/000099_20260226_022805/thermal.tiff,processed/aligned/000099_20260226_022805/thermal.png,processed/aligned/000099_20260226_022805/video.png,processed/aligned/000099_20260226_022805/overlay.png,0.5009249225258827,0.3322601318359375,0.584918212890625,primary,83.0,00:01:23,83.23333333333333,00:01:23.233,20260226_022632.tiff,processed/aligned/000099_20260226_022805/mask_80c.png,0,0.0
000100_20260226_022806,exported,20260226_022806.tiff,2026-02-26 02:28:06,177.44794520547947,00:02:57.448,5323,raw/thermal/20260226_022806.tiff,processed/aligned/000100_20260226_022806/thermal.tiff,processed/aligned/000100_20260226_022806/thermal.png,processed/aligned/000100_20260226_022806/video.png,processed/aligned/000100_20260226_022806/overlay.png,0.4618919864296913,0.2768341064453125,0.5775177001953125,primary,83.0,00:01:23,83.23333333333333,00:01:23.233,20260226_022632.tiff,processed/aligned/000100_20260226_022806/mask_80c.png,0,0.0
000101_20260226_022807,exported,20260226_022807.tiff,2026-02-26 02:28:07,178.45022831050227,00:02:58.450,5354,raw/thermal/20260226_022807.tiff,processed/aligned/000101_20260226_022807/thermal.tiff,processed/aligned/000101_20260226_022807/thermal.png,processed/aligned/000101_20260226_022807/video.png,processed/aligned/000101_20260226_022807/overlay.png,0.46270571649074554,0.2831817626953125,0.520623779296875,primary,83.0,00:01:23,83.23333333333333,00:01:23.233,20260226_022632.tiff,processed/aligned/000101_20260226_022807/mask_80c.png,0,0.0
000102_20260226_022808,exported,20260226_022808.tiff,2026-02-26 02:28:08,179.45251141552512,00:02:59.453,5384,raw/thermal/20260226_022808.tiff,processed/aligned/000102_20260226_022808/thermal.tiff,processed/aligned/000102_20260226_022808/thermal.png,processed/aligned/000102_20260226_022808/video.png,processed/aligned/000102_20260226_022808/overlay.png,0.41980572044849396,0.250555419921875,0.50379638671875,primary,83.0,00:01:23,83.23333333333333,00:01:23.233,20260226_022632.tiff,processed/aligned/000102_20260226_022808/mask_80c.png,4679,0.0142791748046875
000103_20260226_022809,exported,20260226_022809.tiff,2026-02-26 02:28:09,180.45479452054798,00:03:00.455,5414,raw/thermal/20260226_022809.tiff,processed/aligned/000103_20260226_022809/thermal.tiff,processed/aligned/000103_20260226_022809/thermal.png,processed/aligned/000103_20260226_022809/video.png,processed/aligned/000103_20260226_022809/overlay.png,0.3396942615509033,0.184661865234375,0.4906890869140625,primary,83.0,00:01:23,83.23333333333333,00:01:23.233,20260226_022632.tiff,processed/aligned/000103_20260226_022809/mask_80c.png,15337,0.0468048095703125
000104_20260226_022810,exported,20260226_022810.tiff,2026-02-26 02:28:10,181.45707762557078,00:03:01.457,5444,raw/thermal/20260226_022810.tiff,processed/aligned/000104_20260226_022810/thermal.tiff,processed/aligned/000104_20260226_022810/thermal.png,processed/aligned/000104_20260226_022810/video.png,processed/aligned/000104_20260226_022810/overlay.png,0.34292135387659073,0.2040313720703125,0.4514556884765625,primary,83.0,00:01:23,83.23333333333333,00:01:23.233,20260226_022632.tiff,processed/aligned/000104_20260226_022810/mask_80c.png,25011,0.0763275146484375
000105_20260226_022811,exported,20260226_022811.tiff,2026-02-26 02:28:11,182.45936073059363,00:03:02.459,5474,raw/thermal/20260226_022811.tiff,processed/aligned/000105_20260226_022811/thermal.tiff,processed/aligned/000105_20260226_022811/thermal.png,processed/aligned/000105_20260226_022811/video.png,processed/aligned/000105_20260226_022811/overlay.png,0.32454077154397964,0.199139404296875,0.40164794921875,primary,83.0,00:01:23,83.23333333333333,00:01:23.233,20260226_022632.tiff,processed/aligned/000105_20260226_022811/mask_80c.png,25150,0.076751708984375
000106_20260226_022812,exported,20260226_022812.tiff,2026-02-26 02:28:12,183.46164383561643,00:03:03.462,5504,raw/thermal/20260226_022812.tiff,processed/aligned/000106_20260226_022812/thermal.tiff,processed/aligned/000106_20260226_022812/thermal.png,processed/aligned/000106_20260226_022812/video.png,processed/aligned/000106_20260226_022812/overlay.png,0.32093411684036255,0.159033203125,0.3750885009765625,primary,83.0,00:01:23,83.23333333333333,00:01:23.233,20260226_022632.tiff,processed/aligned/000106_20260226_022812/mask_80c.png,24403,0.0744720458984375
000107_20260226_022813,exported,20260226_022813.tiff,2026-02-26 02:28:13,184.46392694063928,00:03:04.464,5534,raw/thermal/20260226_022813.tiff,processed/aligned/000107_20260226_022813/thermal.tiff,processed/aligned/000107_20260226_022813/thermal.png,processed/aligned/000107_20260226_022813/video.png,processed/aligned/000107_20260226_022813/overlay.png,0.31555432826280594,0.1830413818359375,0.3542327880859375,primary,83.0,00:01:23,83.23333333333333,00:01:23.233,20260226_022632.tiff,processed/aligned/000107_20260226_022813/mask_80c.png,22891,0.0698577880859375
000108_20260226_022814,exported,20260226_022814.tiff,2026-02-26 02:28:14,185.46621004566214,00:03:05.466,5564,raw/thermal/20260226_022814.tiff,processed/aligned/000108_20260226_022814/thermal.tiff,processed/aligned/000108_20260226_022814/thermal.png,processed/aligned/000108_20260226_022814/video.png,processed/aligned/000108_20260226_022814/overlay.png,0.2819826267659664,0.2590911865234375,0.219158935546875,primary,83.0,00:01:23,83.23333333333333,00:01:23.233,20260226_022632.tiff,processed/aligned/000108_20260226_022814/mask_80c.png,18874,0.057598876953125
000109_20260226_022815,exported,20260226_022815.tiff,2026-02-26 02:28:15,186.46849315068494,00:03:06.468,5594,raw/thermal/20260226_022815.tiff,processed/aligned/000109_20260226_022815/thermal.tiff,processed/aligned/000109_20260226_022815/thermal.png,processed/aligned/000109_20260226_022815/video.png,processed/aligned/000109_20260226_022815/overlay.png,0.13991857320070267,0.140869140625,0.081683349609375,primary,83.0,00:01:23,83.23333333333333,00:01:23.233,20260226_022632.tiff,processed/aligned/000109_20260226_022815/mask_80c.png,17703,0.0540252685546875
000110_20260226_022816,exported,20260226_022816.tiff,2026-02-26 02:28:16,187.4707762557078,00:03:07.471,5624,raw/thermal/20260226_022816.tiff,processed/aligned/000110_20260226_022816/thermal.tiff,processed/aligned/000110_20260226_022816/thermal.png,processed/aligned/000110_20260226_022816/video.png,processed/aligned/000110_20260226_022816/overlay.png,0.10505885165184736,0.1616058349609375,0.0150421142578125,primary,83.0,00:01:23,83.23333333333333,00:01:23.233,20260226_022632.tiff,processed/aligned/000110_20260226_022816/mask_80c.png,34584,0.1055419921875
000111_20260226_022817,exported,20260226_022817.tiff,2026-02-26 02:28:17,188.4730593607306,00:03:08.473,5654,raw/thermal/20260226_022817.tiff,processed/aligned/000111_20260226_022817/thermal.tiff,processed/aligned/000111_20260226_022817/thermal.png,processed/aligned/000111_20260226_022817/video.png,processed/aligned/000111_20260226_022817/overlay.png,0.11041551968082786,0.20361328125,0.0020172119140625,primary,83.0,00:01:23,83.23333333333333,00:01:23.233,20260226_022632.tiff,processed/aligned/000111_20260226_022817/mask_80c.png,33860,0.10333251953125
000112_20260226_022818,exported,20260226_022818.tiff,2026-02-26 02:28:18,189.47534246575344,00:03:09.475,5684,raw/thermal/20260226_022818.tiff,processed/aligned/000112_20260226_022818/thermal.tiff,processed/aligned/000112_20260226_022818/thermal.png,processed/aligned/000112_20260226_022818/video.png,processed/aligned/000112_20260226_022818/overlay.png,0.1150898514315486,0.2265625,0.001641845703125,primary,83.0,00:01:23,83.23333333333333,00:01:23.233,20260226_022632.tiff,processed/aligned/000112_20260226_022818/mask_80c.png,41092,0.12540283203125
000113_20260226_022819,exported,20260226_022819.tiff,2026-02-26 02:28:19,190.47762557077624,00:03:10.478,5714,raw/thermal/20260226_022819.tiff,processed/aligned/000113_20260226_022819/thermal.tiff,processed/aligned/000113_20260226_022819/thermal.png,processed/aligned/000113_20260226_022819/video.png,processed/aligned/000113_20260226_022819/overlay.png,0.11588756134733558,0.15574951171875,0.0082489013671875,primary,83.0,00:01:23,83.23333333333333,00:01:23.233,20260226_022632.tiff,processed/aligned/000113_20260226_022819/mask_80c.png,44611,0.1361419677734375
000114_20260226_022820,exported,20260226_022820.tiff,2026-02-26 02:28:20,191.4799086757991,00:03:11.480,5744,raw/thermal/20260226_022820.tiff,processed/aligned/000114_20260226_022820/thermal.tiff,processed/aligned/000114_20260226_022820/thermal.png,processed/aligned/000114_20260226_022820/video.png,processed/aligned/000114_20260226_022820/overlay.png,0.159650269895792,0.2141754150390625,0.0098846435546875,primary,83.0,00:01:23,83.23333333333333,00:01:23.233,20260226_022632.tiff,processed/aligned/000114_20260226_022820/mask_80c.png,48325,0.1474761962890625
000115_20260226_022821,exported,20260226_022821.tiff,2026-02-26 02:28:21,192.48219178082195,00:03:12.482,5774,raw/thermal/20260226_022821.tiff,processed/aligned/000115_20260226_022821/thermal.tiff,processed/aligned/000115_20260226_022821/thermal.png,processed/aligned/000115_20260226_022821/video.png,processed/aligned/000115_20260226_022821/overlay.png,0.15103285387158394,0.1578643798828125,0.0164825439453125,primary,83.0,00:01:23,83.23333333333333,00:01:23.233,20260226_022632.tiff,processed/aligned/000115_20260226_022821/mask_80c.png,41137,0.1255401611328125
000116_20260226_022822,exported,20260226_022822.tiff,2026-02-26 02:28:22,193.48447488584475,00:03:13.484,5805,raw/thermal/20260226_022822.tiff,processed/aligned/000116_20260226_022822/thermal.tiff,processed/aligned/000116_20260226_022822/thermal.png,processed/aligned/000116_20260226_022822/video.png,processed/aligned/000116_20260226_022822/overlay.png,0.13843698613345623,0.15025634765625,0.0131622314453125,primary,83.0,00:01:23,83.23333333333333,00:01:23.233,20260226_022632.tiff,processed/aligned/000116_20260226_022822/mask_80c.png,34864,0.106396484375
000117_20260226_022823,exported,20260226_022823.tiff,2026-02-26 02:28:23,194.4867579908676,00:03:14.487,5835,raw/thermal/20260226_022823.tiff,processed/aligned/000117_20260226_022823/thermal.tiff,processed/aligned/000117_20260226_022823/thermal.png,processed/aligned/000117_20260226_022823/video.png,processed/aligned/000117_20260226_022823/overlay.png,0.13467504549771547,0.124737548828125,0.013720703125,primary,83.0,00:01:23,83.23333333333333,00:01:23.233,20260226_022632.tiff,processed/aligned/000117_20260226_022823/mask_80c.png,47411,0.1446868896484375
000118_20260226_022824,exported,20260226_022824.tiff,2026-02-26 02:28:24,195.4890410958904,00:03:15.489,5865,raw/thermal/20260226_022824.tiff,processed/aligned/000118_20260226_022824/thermal.tiff,processed/aligned/000118_20260226_022824/thermal.png,processed/aligned/000118_20260226_022824/video.png,processed/aligned/000118_20260226_022824/overlay.png,0.11934636533260345,0.170709228515625,0.0051788330078125,primary,83.0,00:01:23,83.23333333333333,00:01:23.233,20260226_022632.tiff,processed/aligned/000118_20260226_022824/mask_80c.png,55427,0.1691497802734375
000119_20260226_022825,exported,20260226_022825.tiff,2026-02-26 02:28:25,196.49132420091325,00:03:16.491,5895,raw/thermal/20260226_022825.tiff,processed/aligned/000119_20260226_022825/thermal.tiff,processed/aligned/000119_20260226_022825/thermal.png,processed/aligned/000119_20260226_022825/video.png,processed/aligned/000119_20260226_022825/overlay.png,0.1358861280605197,0.1552703857421875,0.0053985595703125,primary,83.0,00:01:23,83.23333333333333,00:01:23.233,20260226_022632.tiff,processed/aligned/000119_20260226_022825/mask_80c.png,56056,0.1710693359375
000120_20260226_022826,exported,20260226_022826.tiff,2026-02-26 02:28:26,197.4936073059361,00:03:17.494,5925,raw/thermal/20260226_022826.tiff,processed/aligned/000120_20260226_022826/thermal.tiff,processed/aligned/000120_20260226_022826/thermal.png,processed/aligned/000120_20260226_022826/video.png,processed/aligned/000120_20260226_022826/overlay.png,0.1388614298775792,0.179052734375,0.00201416015625,primary,83.0,00:01:23,83.23333333333333,00:01:23.233,20260226_022632.tiff,processed/aligned/000120_20260226_022826/mask_80c.png,56438,0.172235107421875
000121_20260226_022827,exported,20260226_022827.tiff,2026-02-26 02:28:27,198.4958904109589,00:03:18.496,5955,raw/thermal/20260226_022827.tiff,processed/aligned/000121_20260226_022827/thermal.tiff,processed/aligned/000121_20260226_022827/thermal.png,processed/aligned/000121_20260226_022827/video.png,processed/aligned/000121_20260226_022827/overlay.png,0.1217013904824853,0.157550048828125,0.000384521484375,primary,83.0,00:01:23,83.23333333333333,00:01:23.233,20260226_022632.tiff,processed/aligned/000121_20260226_022827/mask_80c.png,49266,0.150347900390625
000122_20260226_022828,exported,20260226_022828.tiff,2026-02-26 02:28:28,199.49817351598176,00:03:19.498,5985,raw/thermal/20260226_022828.tiff,processed/aligned/000122_20260226_022828/thermal.tiff,processed/aligned/000122_20260226_022828/thermal.png,processed/aligned/000122_20260226_022828/video.png,processed/aligned/000122_20260226_022828/overlay.png,0.09324423968791962,0.12716064453125,6.40869140625e-05,primary,83.0,00:01:23,83.23333333333333,00:01:23.233,20260226_022632.tiff,processed/aligned/000122_20260226_022828/mask_80c.png,9525,0.0290679931640625
000123_20260226_022829,exported,20260226_022829.tiff,2026-02-26 02:28:29,200.50045662100456,00:03:20.500,6015,raw/thermal/20260226_022829.tiff,processed/aligned/000123_20260226_022829/thermal.tiff,processed/aligned/000123_20260226_022829/thermal.png,processed/aligned/000123_20260226_022829/video.png,processed/aligned/000123_20260226_022829/overlay.png,0.08774517476558685,0.085699462890625,3.662109375e-05,primary,83.0,00:01:23,83.23333333333333,00:01:23.233,20260226_022632.tiff,processed/aligned/000123_20260226_022829/mask_80c.png,8387,0.0255950927734375
000124_20260226_022830,exported,20260226_022830.tiff,2026-02-26 02:28:30,201.50273972602741,00:03:21.503,6045,raw/thermal/20260226_022830.tiff,processed/aligned/000124_20260226_022830/thermal.tiff,processed/aligned/000124_20260226_022830/thermal.png,processed/aligned/000124_20260226_022830/video.png,processed/aligned/000124_20260226_022830/overlay.png,0.14835382485762239,0.1751556396484375,0.0006805419921875,primary,83.0,00:01:23,83.23333333333333,00:01:23.233,20260226_022632.tiff,processed/aligned/000124_20260226_022830/mask_80c.png,4699,0.0143402099609375
000125_20260226_022831,exported,20260226_022831.tiff,2026-02-26 02:28:31,202.50502283105027,00:03:22.505,6075,raw/thermal/20260226_022831.tiff,processed/aligned/000125_20260226_022831/thermal.tiff,processed/aligned/000125_20260226_022831/thermal.png,processed/aligned/000125_20260226_022831/video.png,processed/aligned/000125_20260226_022831/overlay.png,0.16433389484882355,0.267852783203125,6.103515625e-05,primary,83.0,00:01:23,83.23333333333333,00:01:23.233,20260226_022632.tiff,processed/aligned/000125_20260226_022831/mask_80c.png,1692,0.00516357421875
000126_20260226_022832,exported,20260226_022832.tiff,2026-02-26 02:28:32,203.50730593607307,00:03:23.507,6105,raw/thermal/20260226_022832.tiff,processed/aligned/000126_20260226_022832/thermal.tiff,processed/aligned/000126_20260226_022832/thermal.png,processed/aligned/000126_20260226_022832/video.png,processed/aligned/000126_20260226_022832/overlay.png,0.10522599914111197,0.0845672607421875,0.0003814697265625,primary,83.0,00:01:23,83.23333333333333,00:01:23.233,20260226_022632.tiff,processed/aligned/000126_20260226_022832/mask_80c.png,14134,0.043133544921875
000127_20260226_022833,exported,20260226_022833.tiff,2026-02-26 02:28:33,204.50958904109592,00:03:24.510,6135,raw/thermal/20260226_022833.tiff,processed/aligned/000127_20260226_022833/thermal.tiff,processed/aligned/000127_20260226_022833/thermal.png,processed/aligned/000127_20260226_022833/video.png,processed/aligned/000127_20260226_022833/overlay.png,0.1758955749683082,0.1912689208984375,7.32421875e-05,primary,83.0,00:01:23,83.23333333333333,00:01:23.233,20260226_022632.tiff,processed/aligned/000127_20260226_022833/mask_80c.png,2067,0.0063079833984375
000128_20260226_022834,exported,20260226_022834.tiff,2026-02-26 02:28:34,205.51187214611872,00:03:25.512,6165,raw/thermal/20260226_022834.tiff,processed/aligned/000128_20260226_022834/thermal.tiff,processed/aligned/000128_20260226_022834/thermal.png,processed/aligned/000128_20260226_022834/video.png,processed/aligned/000128_20260226_022834/overlay.png,0.1985392551869154,0.097076416015625,0.0263641357421875,primary,83.0,00:01:23,83.23333333333333,00:01:23.233,20260226_022632.tiff,processed/aligned/000128_20260226_022834/mask_80c.png,2042,0.006231689453125
000129_20260226_022835,exported,20260226_022835.tiff,2026-02-26 02:28:35,206.51415525114157,00:03:26.514,6195,raw/thermal/20260226_022835.tiff,processed/aligned/000129_20260226_022835/thermal.tiff,processed/aligned/000129_20260226_022835/thermal.png,processed/aligned/000129_20260226_022835/video.png,processed/aligned/000129_20260226_022835/overlay.png,0.20739249512553215,0.0405517578125,0.1702239990234375,primary,83.0,00:01:23,83.23333333333333,00:01:23.233,20260226_022632.tiff,processed/aligned/000129_20260226_022835/mask_80c.png,9763,0.0297943115234375
000130_20260226_022836,exported,20260226_022836.tiff,2026-02-26 02:28:36,207.51643835616437,00:03:27.516,6225,raw/thermal/20260226_022836.tiff,processed/aligned/000130_20260226_022836/thermal.tiff,processed/aligned/000130_20260226_022836/thermal.png,processed/aligned/000130_20260226_022836/video.png,processed/aligned/000130_20260226_022836/overlay.png,0.1681491769850254,0.055279541015625,0.2716461181640625,primary,83.0,00:01:23,83.23333333333333,00:01:23.233,20260226_022632.tiff,processed/aligned/000130_20260226_022836/mask_80c.png,9097,0.0277618408203125
000131_20260226_022837,exported,20260226_022837.tiff,2026-02-26 02:28:37,208.51872146118723,00:03:28.519,6256,raw/thermal/20260226_022837.tiff,processed/aligned/000131_20260226_022837/thermal.tiff,processed/aligned/000131_20260226_022837/thermal.png,processed/aligned/000131_20260226_022837/video.png,processed/aligned/000131_20260226_022837/overlay.png,0.1391771286725998,0.07061767578125,0.3107940673828125,primary,83.0,00:01:23,83.23333333333333,00:01:23.233,20260226_022632.tiff,processed/aligned/000131_20260226_022837/mask_80c.png,8289,0.0252960205078125
000132_20260226_022838,exported,20260226_022838.tiff,2026-02-26 02:28:38,209.52100456621008,00:03:29.521,6286,raw/thermal/20260226_022838.tiff,processed/aligned/000132_20260226_022838/thermal.tiff,processed/aligned/000132_20260226_022838/thermal.png,processed/aligned/000132_20260226_022838/video.png,processed/aligned/000132_20260226_022838/overlay.png,0.21184514090418816,0.0906890869140625,0.351318359375,primary,83.0,00:01:23,83.23333333333333,00:01:23.233,20260226_022632.tiff,processed/aligned/000132_20260226_022838/mask_80c.png,5455,0.0166473388671875
000133_20260226_022839,exported,20260226_022839.tiff,2026-02-26 02:28:39,210.52328767123288,00:03:30.523,6316,raw/thermal/20260226_022839.tiff,processed/aligned/000133_20260226_022839/thermal.tiff,processed/aligned/000133_20260226_022839/thermal.png,processed/aligned/000133_20260226_022839/video.png,processed/aligned/000133_20260226_022839/overlay.png,0.14411979727447033,0.0441314697265625,0.40499267578125,primary,83.0,00:01:23,83.23333333333333,00:01:23.233,20260226_022632.tiff,processed/aligned/000133_20260226_022839/mask_80c.png,8035,0.0245208740234375
000134_20260226_022840,exported,20260226_022840.tiff,2026-02-26 02:28:40,211.52557077625573,00:03:31.526,6346,raw/thermal/20260226_022840.tiff,processed/aligned/000134_20260226_022840/thermal.tiff,processed/aligned/000134_20260226_022840/thermal.png,processed/aligned/000134_20260226_022840/video.png,processed/aligned/000134_20260226_022840/overlay.png,0.2292620614171028,0.101275634765625,0.4713470458984375,primary,83.0,00:01:23,83.23333333333333,00:01:23.233,20260226_022632.tiff,processed/aligned/000134_20260226_022840/mask_80c.png,8456,0.0258056640625
000135_20260226_022841,exported,20260226_022841.tiff,2026-02-26 02:28:41,212.52785388127853,00:03:32.528,6376,raw/thermal/20260226_022841.tiff,processed/aligned/000135_20260226_022841/thermal.tiff,processed/aligned/000135_20260226_022841/thermal.png,processed/aligned/000135_20260226_022841/video.png,processed/aligned/000135_20260226_022841/overlay.png,0.2051720954477787,0.052880859375,0.457928466796875,primary,83.0,00:01:23,83.23333333333333,00:01:23.233,20260226_022632.tiff,processed/aligned/000135_20260226_022841/mask_80c.png,9809,0.0299346923828125
000136_20260226_022842,exported,20260226_022842.tiff,2026-02-26 02:28:42,213.5301369863014,00:03:33.530,6406,raw/thermal/20260226_022842.tiff,processed/aligned/000136_20260226_022842/thermal.tiff,processed/aligned/000136_20260226_022842/thermal.png,processed/aligned/000136_20260226_022842/video.png,processed/aligned/000136_20260226_022842/overlay.png,0.19461533054709435,0.0639678955078125,0.4626556396484375,primary,83.0,00:01:23,83.23333333333333,00:01:23.233,20260226_022632.tiff,processed/aligned/000136_20260226_022842/mask_80c.png,11714,0.035748291015625
000137_20260226_022843,exported,20260226_022843.tiff,2026-02-26 02:28:43,214.53242009132418,00:03:34.532,6436,raw/thermal/20260226_022843.tiff,processed/aligned/000137_20260226_022843/thermal.tiff,processed/aligned/000137_20260226_022843/thermal.png,processed/aligned/000137_20260226_022843/video.png,processed/aligned/000137_20260226_022843/overlay.png,0.17228836007416248,0.050091552734375,0.3997894287109375,primary,83.0,00:01:23,83.23333333333333,00:01:23.233,20260226_022632.tiff,processed/aligned/000137_20260226_022843/mask_80c.png,11892,0.03629150390625
000138_20260226_022844,exported,20260226_022844.tiff,2026-02-26 02:28:44,215.53470319634704,00:03:35.535,6466,raw/thermal/20260226_022844.tiff,processed/aligned/000138_20260226_022844/thermal.tiff,processed/aligned/000138_20260226_022844/thermal.png,processed/aligned/000138_20260226_022844/video.png,processed/aligned/000138_20260226_022844/overlay.png,0.2195531129837036,0.0882598876953125,0.4102447509765625,primary,83.0,00:01:23,83.23333333333333,00:01:23.233,20260226_022632.tiff,processed/aligned/000138_20260226_022844/mask_80c.png,11158,0.034051513671875
000139_20260226_022845,exported,20260226_022845.tiff,2026-02-26 02:28:45,216.5369863013699,00:03:36.537,6496,raw/thermal/20260226_022845.tiff,processed/aligned/000139_20260226_022845/thermal.tiff,processed/aligned/000139_20260226_022845/thermal.png,processed/aligned/000139_20260226_022845/video.png,processed/aligned/000139_20260226_022845/overlay.png,0.18890632316470146,0.0968231201171875,0.4992950439453125,primary,83.0,00:01:23,83.23333333333333,00:01:23.233,20260226_022632.tiff,processed/aligned/000139_20260226_022845/mask_80c.png,29390,0.089691162109375
000140_20260226_022846,exported,20260226_022846.tiff,2026-02-26 02:28:46,217.5392694063927,00:03:37.539,6526,raw/thermal/20260226_022846.tiff,processed/aligned/000140_20260226_022846/thermal.tiff,processed/aligned/000140_20260226_022846/thermal.png,processed/aligned/000140_20260226_022846/video.png,processed/aligned/000140_20260226_022846/overlay.png,0.2134934812784195,0.07152099609375,0.4585418701171875,primary,83.0,00:01:23,83.23333333333333,00:01:23.233,20260226_022632.tiff,processed/aligned/000140_20260226_022846/mask_80c.png,11853,0.0361724853515625
000141_20260226_022847,exported,20260226_022847.tiff,2026-02-26 02:28:47,218.54155251141555,00:03:38.542,6556,raw/thermal/20260226_022847.tiff,processed/aligned/000141_20260226_022847/thermal.tiff,processed/aligned/000141_20260226_022847/thermal.png,processed/aligned/000141_20260226_022847/video.png,processed/aligned/000141_20260226_022847/overlay.png,0.26659437641501427,0.0971343994140625,0.6186614990234375,primary,83.0,00:01:23,83.23333333333333,00:01:23.233,20260226_022632.tiff,processed/aligned/000141_20260226_022847/mask_80c.png,6711,0.0204803466796875
000142_20260226_022848,exported,20260226_022848.tiff,2026-02-26 02:28:48,219.54383561643834,00:03:39.544,6586,raw/thermal/20260226_022848.tiff,processed/aligned/000142_20260226_022848/thermal.tiff,processed/aligned/000142_20260226_022848/thermal.png,processed/aligned/000142_20260226_022848/video.png,processed/aligned/000142_20260226_022848/overlay.png,0.2599017694592476,0.1748809814453125,0.388226318359375,primary,83.0,00:01:23,83.23333333333333,00:01:23.233,20260226_022632.tiff,processed/aligned/000142_20260226_022848/mask_80c.png,86704,0.264599609375
000143_20260226_022849,exported,20260226_022849.tiff,2026-02-26 02:28:49,220.5461187214612,00:03:40.546,6616,raw/thermal/20260226_022849.tiff,processed/aligned/000143_20260226_022849/thermal.tiff,processed/aligned/000143_20260226_022849/thermal.png,processed/aligned/000143_20260226_022849/video.png,processed/aligned/000143_20260226_022849/overlay.png,0.24386141449213028,0.0989532470703125,0.546368408203125,primary,83.0,00:01:23,83.23333333333333,00:01:23.233,20260226_022632.tiff,processed/aligned/000143_20260226_022849/mask_80c.png,9812,0.02994384765625
000144_20260226_022850,exported,20260226_022850.tiff,2026-02-26 02:28:50,221.54840182648405,00:03:41.548,6646,raw/thermal/20260226_022850.tiff,processed/aligned/000144_20260226_022850/thermal.tiff,processed/aligned/000144_20260226_022850/thermal.png,processed/aligned/000144_20260226_022850/video.png,processed/aligned/000144_20260226_022850/overlay.png,0.21876882761716843,0.1515350341796875,0.248779296875,primary,83.0,00:01:23,83.23333333333333,00:01:23.233,20260226_022632.tiff,processed/aligned/000144_20260226_022850/mask_80c.png,82754,0.252545166015625
000145_20260226_022851,exported,20260226_022851.tiff,2026-02-26 02:28:51,222.55068493150685,00:03:42.551,6677,raw/thermal/20260226_022851.tiff,processed/aligned/000145_20260226_022851/thermal.tiff,processed/aligned/000145_20260226_022851/thermal.png,processed/aligned/000145_20260226_022851/video.png,processed/aligned/000145_20260226_022851/overlay.png,0.17786449939012527,0.083709716796875,0.37562255859375,primary,83.0,00:01:23,83.23333333333333,00:01:23.233,20260226_022632.tiff,processed/aligned/000145_20260226_022851/mask_80c.png,13888,0.0423828125
000146_20260226_022852,exported,20260226_022852.tiff,2026-02-26 02:28:52,223.5529680365297,00:03:43.553,6707,raw/thermal/20260226_022852.tiff,processed/aligned/000146_20260226_022852/thermal.tiff,processed/aligned/000146_20260226_022852/thermal.png,processed/aligned/000146_20260226_022852/video.png,processed/aligned/000146_20260226_022852/overlay.png,0.11883561871945858,0.1190887451171875,0.12955322265625,primary,83.0,00:01:23,83.23333333333333,00:01:23.233,20260226_022632.tiff,processed/aligned/000146_20260226_022852/mask_80c.png,11624,0.0354736328125
000147_20260226_022853,exported,20260226_022853.tiff,2026-02-26 02:28:53,224.5552511415525,00:03:44.555,6737,raw/thermal/20260226_022853.tiff,processed/aligned/000147_20260226_022853/thermal.tiff,processed/aligned/000147_20260226_022853/thermal.png,processed/aligned/000147_20260226_022853/video.png,processed/aligned/000147_20260226_022853/overlay.png,0.13074503280222416,0.080767822265625,0.1639984130859375,primary,83.0,00:01:23,83.23333333333333,00:01:23.233,20260226_022632.tiff,processed/aligned/000147_20260226_022853/mask_80c.png,12453,0.0380035400390625
000148_20260226_022854,exported,20260226_022854.tiff,2026-02-26 02:28:54,225.55753424657536,00:03:45.558,6767,raw/thermal/20260226_022854.tiff,processed/aligned/000148_20260226_022854/thermal.tiff,processed/aligned/000148_20260226_022854/thermal.png,processed/aligned/000148_20260226_022854/video.png,processed/aligned/000148_20260226_022854/overlay.png,0.3185674734413624,0.20972900390625,0.1736541748046875,primary,83.0,00:01:23,83.23333333333333,00:01:23.233,20260226_022632.tiff,processed/aligned/000148_20260226_022854/mask_80c.png,1590,0.004852294921875
000149_20260226_022855,exported,20260226_022855.tiff,2026-02-26 02:28:55,226.55981735159816,00:03:46.560,6797,raw/thermal/20260226_022855.tiff,processed/aligned/000149_20260226_022855/thermal.tiff,processed/aligned/000149_20260226_022855/thermal.png,processed/aligned/000149_20260226_022855/video.png,processed/aligned/000149_20260226_022855/overlay.png,0.2988750785589218,0.145904541015625,0.1707366943359375,primary,83.0,00:01:23,83.23333333333333,00:01:23.233,20260226_022632.tiff,processed/aligned/000149_20260226_022855/mask_80c.png,1778,0.005426025390625
000150_20260226_022856,exported,20260226_022856.tiff,2026-02-26 02:28:56,227.562100456621,00:03:47.562,6827,raw/thermal/20260226_022856.tiff,processed/aligned/000150_20260226_022856/thermal.tiff,processed/aligned/000150_20260226_022856/thermal.png,processed/aligned/000150_20260226_022856/video.png,processed/aligned/000150_20260226_022856/overlay.png,0.27137119323015213,0.174114990234375,0.078875732421875,primary,83.0,00:01:23,83.23333333333333,00:01:23.233,20260226_022632.tiff,processed/aligned/000150_20260226_022856/mask_80c.png,1516,0.00462646484375
000151_20260226_022857,exported,20260226_022857.tiff,2026-02-26 02:28:57,228.56438356164387,00:03:48.564,6857,raw/thermal/20260226_022857.tiff,processed/aligned/000151_20260226_022857/thermal.tiff,processed/aligned/000151_20260226_022857/thermal.png,processed/aligned/000151_20260226_022857/video.png,processed/aligned/000151_20260226_022857/overlay.png,0.16537173156393692,0.0466705322265625,0.0023895263671875,primary,83.0,00:01:23,83.23333333333333,00:01:23.233,20260226_022632.tiff,processed/aligned/000151_20260226_022857/mask_80c.png,852,0.00260009765625
000152_20260226_022858,exported,20260226_022858.tiff,2026-02-26 02:28:58,229.56666666666666,00:03:49.567,6887,raw/thermal/20260226_022858.tiff,processed/aligned/000152_20260226_022858/thermal.tiff,processed/aligned/000152_20260226_022858/thermal.png,processed/aligned/000152_20260226_022858/video.png,processed/aligned/000152_20260226_022858/overlay.png,0.1605198634788394,0.0967010498046875,0.0072235107421875,primary,83.0,00:01:23,83.23333333333333,00:01:23.233,20260226_022632.tiff,processed/aligned/000152_20260226_022858/mask_80c.png,4294,0.013104248046875
000153_20260226_022859,exported,20260226_022859.tiff,2026-02-26 02:28:59,230.56894977168952,00:03:50.569,6917,raw/thermal/20260226_022859.tiff,processed/aligned/000153_20260226_022859/thermal.tiff,processed/aligned/000153_20260226_022859/thermal.png,processed/aligned/000153_20260226_022859/video.png,processed/aligned/000153_20260226_022859/overlay.png,0.12699660193175077,0.0667388916015625,0.0176177978515625,primary,83.0,00:01:23,83.23333333333333,00:01:23.233,20260226_022632.tiff,processed/aligned/000153_20260226_022859/mask_80c.png,41201,0.1257354736328125
000154_20260226_022900,exported,20260226_022900.tiff,2026-02-26 02:29:00,231.57123287671232,00:03:51.571,6947,raw/thermal/20260226_022900.tiff,processed/aligned/000154_20260226_022900/thermal.tiff,processed/aligned/000154_20260226_022900/thermal.png,processed/aligned/000154_20260226_022900/video.png,processed/aligned/000154_20260226_022900/overlay.png,0.15862887003459036,0.1103485107421875,0.0025054931640625,primary,83.0,00:01:23,83.23333333333333,00:01:23.233,20260226_022632.tiff,processed/aligned/000154_20260226_022900/mask_80c.png,860,0.00262451171875
000155_20260226_022901,exported,20260226_022901.tiff,2026-02-26 02:29:01,232.57351598173517,00:03:52.574,6977,raw/thermal/20260226_022901.tiff,processed/aligned/000155_20260226_022901/thermal.tiff,processed/aligned/000155_20260226_022901/thermal.png,processed/aligned/000155_20260226_022901/video.png,processed/aligned/000155_20260226_022901/overlay.png,0.13182249618694186,0.0748291015625,0.009088134765625,primary,83.0,00:01:23,83.23333333333333,00:01:23.233,20260226_022632.tiff,processed/aligned/000155_20260226_022901/mask_80c.png,3346,0.010211181640625
000156_20260226_022902,exported,20260226_022902.tiff,2026-02-26 02:29:02,233.57579908675802,00:03:53.576,7007,raw/thermal/20260226_022902.tiff,processed/aligned/000156_20260226_022902/thermal.tiff,processed/aligned/000156_20260226_022902/thermal.png,processed/aligned/000156_20260226_022902/video.png,processed/aligned/000156_20260226_022902/overlay.png,0.07487130584195256,0.056512451171875,0.043255615234375,primary,83.0,00:01:23,83.23333333333333,00:01:23.233,20260226_022632.tiff,processed/aligned/000156_20260226_022902/mask_80c.png,9029,0.0275543212890625
000157_20260226_022903,exported,20260226_022903.tiff,2026-02-26 02:29:03,234.57808219178082,00:03:54.578,7037,raw/thermal/20260226_022903.tiff,processed/aligned/000157_20260226_022903/thermal.tiff,processed/aligned/000157_20260226_022903/thermal.png,processed/aligned/000157_20260226_022903/video.png,processed/aligned/000157_20260226_022903/overlay.png,0.07864978967700154,0.0443206787109375,0.0465850830078125,primary,83.0,00:01:23,83.23333333333333,00:01:23.233,20260226_022632.tiff,processed/aligned/000157_20260226_022903/mask_80c.png,6365,0.0194244384765625
000158_20260226_022904,exported,20260226_022904.tiff,2026-02-26 02:29:04,235.58036529680368,00:03:55.580,7067,raw/thermal/20260226_022904.tiff,processed/aligned/000158_20260226_022904/thermal.tiff,processed/aligned/000158_20260226_022904/thermal.png,processed/aligned/000158_20260226_022904/video.png,processed/aligned/000158_20260226_022904/overlay.png,0.0830575181171298,0.0696868896484375,0.0490386962890625,primary,83.0,00:01:23,83.23333333333333,00:01:23.233,20260226_022632.tiff,processed/aligned/000158_20260226_022904/mask_80c.png,9176,0.0280029296875
000159_20260226_022905,exported,20260226_022905.tiff,2026-02-26 02:29:05,236.58264840182648,00:03:56.583,7097,raw/thermal/20260226_022905.tiff,processed/aligned/000159_20260226_022905/thermal.tiff,processed/aligned/000159_20260226_022905/thermal.png,processed/aligned/000159_20260226_022905/video.png,processed/aligned/000159_20260226_022905/overlay.png,0.11212477553635836,0.0770843505859375,0.0882232666015625,primary,83.0,00:01:23,83.23333333333333,00:01:23.233,20260226_022632.tiff,processed/aligned/000159_20260226_022905/mask_80c.png,36482,0.111334228515625
000160_20260226_022906,exported,20260226_022906.tiff,2026-02-26 02:29:06,237.58493150684933,00:03:57.585,7128,raw/thermal/20260226_022906.tiff,processed/aligned/000160_20260226_022906/thermal.tiff,processed/aligned/000160_20260226_022906/thermal.png,processed/aligned/000160_20260226_022906/video.png,processed/aligned/000160_20260226_022906/overlay.png,0.14075573906302452,0.1286895751953125,0.068865966796875,primary,83.0,00:01:23,83.23333333333333,00:01:23.233,20260226_022632.tiff,processed/aligned/000160_20260226_022906/mask_80c.png,75742,0.231146240234375
000161_20260226_022907,exported,20260226_022907.tiff,2026-02-26 02:29:07,238.58721461187218,00:03:58.587,7158,raw/thermal/20260226_022907.tiff,processed/aligned/000161_20260226_022907/thermal.tiff,processed/aligned/000161_20260226_022907/thermal.png,processed/aligned/000161_20260226_022907/video.png,processed/aligned/000161_20260226_022907/overlay.png,0.10911317449063063,0.127508544921875,0.0442474365234375,primary,83.0,00:01:23,83.23333333333333,00:01:23.233,20260226_022632.tiff,processed/aligned/000161_20260226_022907/mask_80c.png,58100,0.17730712890625
000162_20260226_022908,exported,20260226_022908.tiff,2026-02-26 02:29:08,239.58949771689498,00:03:59.589,7188,raw/thermal/20260226_022908.tiff,processed/aligned/000162_20260226_022908/thermal.tiff,processed/aligned/000162_20260226_022908/thermal.png,processed/aligned/000162_20260226_022908/video.png,processed/aligned/000162_20260226_022908/overlay.png,0.08097179187461734,0.1703887939453125,0.03455810546875,primary,83.0,00:01:23,83.23333333333333,00:01:23.233,20260226_022632.tiff,processed/aligned/000162_20260226_022908/mask_80c.png,92055,0.2809295654296875
000163_20260226_022909,exported,20260226_022909.tiff,2026-02-26 02:29:09,240.59178082191784,00:04:00.592,7218,raw/thermal/20260226_022909.tiff,processed/aligned/000163_20260226_022909/thermal.tiff,processed/aligned/000163_20260226_022909/thermal.png,processed/aligned/000163_20260226_022909/video.png,processed/aligned/000163_20260226_022909/overlay.png,0.09649393195286393,0.1644378662109375,0.042376708984375,primary,83.0,00:01:23,83.23333333333333,00:01:23.233,20260226_022632.tiff,processed/aligned/000163_20260226_022909/mask_80c.png,86147,0.2628997802734375
000164_20260226_022910,exported,20260226_022910.tiff,2026-02-26 02:29:10,241.59406392694063,00:04:01.594,7248,raw/thermal/20260226_022910.tiff,processed/aligned/000164_20260226_022910/thermal.tiff,processed/aligned/000164_20260226_022910/thermal.png,processed/aligned/000164_20260226_022910/video.png,processed/aligned/000164_20260226_022910/overlay.png,0.12393209058791399,0.2260345458984375,0.0014373779296875,primary,83.0,00:01:23,83.23333333333333,00:01:23.233,20260226_022632.tiff,processed/aligned/000164_20260226_022910/mask_80c.png,103564,0.31605224609375
000165_20260226_022911,exported,20260226_022911.tiff,2026-02-26 02:29:11,242.5963470319635,00:04:02.596,7278,raw/thermal/20260226_022911.tiff,processed/aligned/000165_20260226_022911/thermal.tiff,processed/aligned/000165_20260226_022911/thermal.png,processed/aligned/000165_20260226_022911/video.png,processed/aligned/000165_20260226_022911/overlay.png,0.09430015366524458,0.159246826171875,0.002508544921875,primary,83.0,00:01:23,83.23333333333333,00:01:23.233,20260226_022632.tiff,processed/aligned/000165_20260226_022911/mask_80c.png,70577,0.2153839111328125
000166_20260226_022912,exported,20260226_022912.tiff,2026-02-26 02:29:12,243.5986301369863,00:04:03.599,7308,raw/thermal/20260226_022912.tiff,processed/aligned/000166_20260226_022912/thermal.tiff,processed/aligned/000166_20260226_022912/thermal.png,processed/aligned/000166_20260226_022912/video.png,processed/aligned/000166_20260226_022912/overlay.png,0.12569913489278406,0.203619384765625,0.000335693359375,primary,83.0,00:01:23,83.23333333333333,00:01:23.233,20260226_022632.tiff,processed/aligned/000166_20260226_022912/mask_80c.png,83356,0.25438232421875
000167_20260226_022913,exported,20260226_022913.tiff,2026-02-26 02:29:13,244.60091324200914,00:04:04.601,7338,raw/thermal/20260226_022913.tiff,processed/aligned/000167_20260226_022913/thermal.tiff,processed/aligned/000167_20260226_022913/thermal.png,processed/aligned/000167_20260226_022913/video.png,processed/aligned/000167_20260226_022913/overlay.png,0.08635323494672775,0.0765380859375,0.0010955810546875,primary,83.0,00:01:23,83.23333333333333,00:01:23.233,20260226_022632.tiff,processed/aligned/000167_20260226_022913/mask_80c.png,10122,0.030889892578125
000168_20260226_022914,exported,20260226_022914.tiff,2026-02-26 02:29:14,245.603196347032,00:04:05.603,7368,raw/thermal/20260226_022914.tiff,processed/aligned/000168_20260226_022914/thermal.tiff,processed/aligned/000168_20260226_022914/thermal.png,processed/aligned/000168_20260226_022914/video.png,processed/aligned/000168_20260226_022914/overlay.png,0.09104939561802894,0.079449462890625,0.00177001953125,primary,83.0,00:01:23,83.23333333333333,00:01:23.233,20260226_022632.tiff,processed/aligned/000168_20260226_022914/mask_80c.png,7746,0.023638916015625
000169_20260226_022915,exported,20260226_022915.tiff,2026-02-26 02:29:15,246.6054794520548,00:04:06.605,7398,raw/thermal/20260226_022915.tiff,processed/aligned/000169_20260226_022915/thermal.tiff,processed/aligned/000169_20260226_022915/thermal.png,processed/aligned/000169_20260226_022915/video.png,processed/aligned/000169_20260226_022915/overlay.png,0.08683308959007263,0.116558837890625,0.0,primary,83.0,00:01:23,83.23333333333333,00:01:23.233,20260226_022632.tiff,processed/aligned/000169_20260226_022915/mask_80c.png,17069,0.0520904541015625
000170_20260226_022916,exported,20260226_022916.tiff,2026-02-26 02:29:16,247.60776255707765,00:04:07.608,7428,raw/thermal/20260226_022916.tiff,processed/aligned/000170_20260226_022916/thermal.tiff,processed/aligned/000170_20260226_022916/thermal.png,processed/aligned/000170_20260226_022916/video.png,processed/aligned/000170_20260226_022916/overlay.png,0.08326882869005203,0.10404052734375,0.0003997802734375,primary,83.0,00:01:23,83.23333333333333,00:01:23.233,20260226_022632.tiff,processed/aligned/000170_20260226_022916/mask_80c.png,38283,0.1168304443359375
000171_20260226_022917,exported,20260226_022917.tiff,2026-02-26 02:29:17,248.61004566210045,00:04:08.610,7458,raw/thermal/20260226_022917.tiff,processed/aligned/000171_20260226_022917/thermal.tiff,processed/aligned/000171_20260226_022917/thermal.png,processed/aligned/000171_20260226_022917/video.png,processed/aligned/000171_20260226_022917/overlay.png,0.10965033620595932,0.1913299560546875,0.0,primary,83.0,00:01:23,83.23333333333333,00:01:23.233,20260226_022632.tiff,processed/aligned/000171_20260226_022917/mask_80c.png,79017,0.2411407470703125
000172_20260226_022918,exported,20260226_022918.tiff,2026-02-26 02:29:18,249.6123287671233,00:04:09.612,7488,raw/thermal/20260226_022918.tiff,processed/aligned/000172_20260226_022918/thermal.tiff,processed/aligned/000172_20260226_022918/thermal.png,processed/aligned/000172_20260226_022918/video.png,processed/aligned/000172_20260226_022918/overlay.png,0.10683323442935944,0.1245635986328125,0.0,primary,83.0,00:01:23,83.23333333333333,00:01:23.233,20260226_022632.tiff,processed/aligned/000172_20260226_022918/mask_80c.png,63496,0.1937744140625
000173_20260226_022919,exported,20260226_022919.tiff,2026-02-26 02:29:19,250.61461187214616,00:04:10.615,7518,raw/thermal/20260226_022919.tiff,processed/aligned/000173_20260226_022919/thermal.tiff,processed/aligned/000173_20260226_022919/thermal.png,processed/aligned/000173_20260226_022919/video.png,processed/aligned/000173_20260226_022919/overlay.png,0.0949959084391594,0.1116302490234375,0.0,primary,83.0,00:01:23,83.23333333333333,00:01:23.233,20260226_022632.tiff,processed/aligned/000173_20260226_022919/mask_80c.png,67272,0.2052978515625
000174_20260226_022920,exported,20260226_022920.tiff,2026-02-26 02:29:20,251.61689497716895,00:04:11.617,7549,raw/thermal/20260226_022920.tiff,processed/aligned/000174_20260226_022920/thermal.tiff,processed/aligned/000174_20260226_022920/thermal.png,processed/aligned/000174_20260226_022920/video.png,processed/aligned/000174_20260226_022920/overlay.png,0.10285994410514832,0.1208770751953125,0.0,primary,83.0,00:01:23,83.23333333333333,00:01:23.233,20260226_022632.tiff,processed/aligned/000174_20260226_022920/mask_80c.png,65550,0.200042724609375
000175_20260226_022921,exported,20260226_022921.tiff,2026-02-26 02:29:21,252.6191780821918,00:04:12.619,7579,raw/thermal/20260226_022921.tiff,processed/aligned/000175_20260226_022921/thermal.tiff,processed/aligned/000175_20260226_022921/thermal.png,processed/aligned/000175_20260226_022921/video.png,processed/aligned/000175_20260226_022921/overlay.png,0.10960806906223297,0.16209716796875,0.0,primary,83.0,00:01:23,83.23333333333333,00:01:23.233,20260226_022632.tiff,processed/aligned/000175_20260226_022921/mask_80c.png,73558,0.224481201171875
000176_20260226_022922,exported,20260226_022922.tiff,2026-02-26 02:29:22,253.6214611872146,00:04:13.621,7609,raw/thermal/20260226_022922.tiff,processed/aligned/000176_20260226_022922/thermal.tiff,processed/aligned/000176_20260226_022922/thermal.png,processed/aligned/000176_20260226_022922/video.png,processed/aligned/000176_20260226_022922/overlay.png,0.0751703605055809,0.1029998779296875,0.0,primary,83.0,00:01:23,83.23333333333333,00:01:23.233,20260226_022632.tiff,processed/aligned/000176_20260226_022922/mask_80c.png,70585,0.2154083251953125
000177_20260226_022923,exported,20260226_022923.tiff,2026-02-26 02:29:23,254.62374429223746,00:04:14.624,7639,raw/thermal/20260226_022923.tiff,processed/aligned/000177_20260226_022923/thermal.tiff,processed/aligned/000177_20260226_022923/thermal.png,processed/aligned/000177_20260226_022923/video.png,processed/aligned/000177_20260226_022923/overlay.png,0.08670078217983246,0.1120269775390625,0.0,primary,83.0,00:01:23,83.23333333333333,00:01:23.233,20260226_022632.tiff,processed/aligned/000177_20260226_022923/mask_80c.png,44463,0.1356903076171875
000178_20260226_022924,exported,20260226_022924.tiff,2026-02-26 02:29:24,255.62602739726026,00:04:15.626,7669,raw/thermal/20260226_022924.tiff,processed/aligned/000178_20260226_022924/thermal.tiff,processed/aligned/000178_20260226_022924/thermal.png,processed/aligned/000178_20260226_022924/video.png,processed/aligned/000178_20260226_022924/overlay.png,0.1047123372554779,0.12303466796875,0.0,primary,83.0,00:01:23,83.23333333333333,00:01:23.233,20260226_022632.tiff,processed/aligned/000178_20260226_022924/mask_80c.png,60255,0.1838836669921875
000179_20260226_022925,exported,20260226_022925.tiff,2026-02-26 02:29:25,256.6283105022831,00:04:16.628,7699,raw/thermal/20260226_022925.tiff,processed/aligned/000179_20260226_022925/thermal.tiff,processed/aligned/000179_20260226_022925/thermal.png,processed/aligned/000179_20260226_022925/video.png,processed/aligned/000179_20260226_022925/overlay.png,0.10360261797904968,0.168426513671875,0.0,primary,83.0,00:01:23,83.23333333333333,00:01:23.233,20260226_022632.tiff,processed/aligned/000179_20260226_022925/mask_80c.png,64665,0.1973419189453125
000180_20260226_022926,exported,20260226_022926.tiff,2026-02-26 02:29:26,257.63059360730597,00:04:17.631,7729,raw/thermal/20260226_022926.tiff,processed/aligned/000180_20260226_022926/thermal.tiff,processed/aligned/000180_20260226_022926/thermal.png,processed/aligned/000180_20260226_022926/video.png,processed/aligned/000180_20260226_022926/overlay.png,0.10468190163373947,0.112664794921875,0.0,primary,83.0,00:01:23,83.23333333333333,00:01:23.233,20260226_022632.tiff,processed/aligned/000180_20260226_022926/mask_80c.png,77313,0.2359405517578125
000181_20260226_022927,exported,20260226_022927.tiff,2026-02-26 02:29:27,258.6328767123288,00:04:18.633,7759,raw/thermal/20260226_022927.tiff,processed/aligned/000181_20260226_022927/thermal.tiff,processed/aligned/000181_20260226_022927/thermal.png,processed/aligned/000181_20260226_022927/video.png,processed/aligned/000181_20260226_022927/overlay.png,0.1274731457233429,0.1517425537109375,0.0,primary,83.0,00:01:23,83.23333333333333,00:01:23.233,20260226_022632.tiff,processed/aligned/000181_20260226_022927/mask_80c.png,80697,0.2462677001953125
000182_20260226_022928,exported,20260226_022928.tiff,2026-02-26 02:29:28,259.6351598173516,00:04:19.635,7789,raw/thermal/20260226_022928.tiff,processed/aligned/000182_20260226_022928/thermal.tiff,processed/aligned/000182_20260226_022928/thermal.png,processed/aligned/000182_20260226_022928/video.png,processed/aligned/000182_20260226_022928/overlay.png,0.1911921240389347,0.197064208984375,0.02640380859375,primary,83.0,00:01:23,83.23333333333333,00:01:23.233,20260226_022632.tiff,processed/aligned/000182_20260226_022928/mask_80c.png,75039,0.2290008544921875
000183_20260226_022929,exported,20260226_022929.tiff,2026-02-26 02:29:29,260.6374429223744,00:04:20.637,7819,raw/thermal/20260226_022929.tiff,processed/aligned/000183_20260226_022929/thermal.tiff,processed/aligned/000183_20260226_022929/thermal.png,processed/aligned/000183_20260226_022929/video.png,processed/aligned/000183_20260226_022929/overlay.png,0.17017158307135105,0.16029052734375,0.0909393310546875,primary,83.0,00:01:23,83.23333333333333,00:01:23.233,20260226_022632.tiff,processed/aligned/000183_20260226_022929/mask_80c.png,73791,0.2251922607421875
000184_20260226_022930,exported,20260226_022930.tiff,2026-02-26 02:29:30,261.6397260273973,00:04:21.640,7849,raw/thermal/20260226_022930.tiff,processed/aligned/000184_20260226_022930/thermal.tiff,processed/aligned/000184_20260226_022930/thermal.png,processed/aligned/000184_20260226_022930/video.png,processed/aligned/000184_20260226_022930/overlay.png,0.1902201548218727,0.16396484375,0.1296600341796875,primary,83.0,00:01:23,83.23333333333333,00:01:23.233,20260226_022632.tiff,processed/aligned/000184_20260226_022930/mask_80c.png,70431,0.2149383544921875
000185_20260226_022931,exported,20260226_022931.tiff,2026-02-26 02:29:31,262.6420091324201,00:04:22.642,7879,raw/thermal/20260226_022931.tiff,processed/aligned/000185_20260226_022931/thermal.tiff,processed/aligned/000185_20260226_022931/thermal.png,processed/aligned/000185_20260226_022931/video.png,processed/aligned/000185_20260226_022931/overlay.png,0.21321457251906395,0.1960418701171875,0.22177734375,primary,83.0,00:01:23,83.23333333333333,00:01:23.233,20260226_022632.tiff,processed/aligned/000185_20260226_022931/mask_80c.png,90256,0.275439453125
000186_20260226_022932,exported,20260226_022932.tiff,2026-02-26 02:29:32,263.6442922374429,00:04:23.644,7909,raw/thermal/20260226_022932.tiff,processed/aligned/000186_20260226_022932/thermal.tiff,processed/aligned/000186_20260226_022932/thermal.png,processed/aligned/000186_20260226_022932/video.png,processed/aligned/000186_20260226_022932/overlay.png,0.2138061672449112,0.0974761962890625,0.283135986328125,primary,83.0,00:01:23,83.23333333333333,00:01:23.233,20260226_022632.tiff,processed/aligned/000186_20260226_022932/mask_80c.png,48641,0.1484405517578125
000187_20260226_022933,exported,20260226_022933.tiff,2026-02-26 02:29:33,264.6465753424658,00:04:24.647,7939,raw/thermal/20260226_022933.tiff,processed/aligned/000187_20260226_022933/thermal.tiff,processed/aligned/000187_20260226_022933/thermal.png,processed/aligned/000187_20260226_022933/video.png,processed/aligned/000187_20260226_022933/overlay.png,0.24367662146687508,0.1937957763671875,0.2442291259765625,primary,83.0,00:01:23,83.23333333333333,00:01:23.233,20260226_022632.tiff,processed/aligned/000187_20260226_022933/mask_80c.png,76874,0.234600830078125
000188_20260226_022934,exported,20260226_022934.tiff,2026-02-26 02:29:34,265.64885844748864,00:04:25.649,7969,raw/thermal/20260226_022934.tiff,processed/aligned/000188_20260226_022934/thermal.tiff,processed/aligned/000188_20260226_022934/thermal.png,processed/aligned/000188_20260226_022934/video.png,processed/aligned/000188_20260226_022934/overlay.png,0.2641241066157818,0.129217529296875,0.3300872802734375,primary,83.0,00:01:23,83.23333333333333,00:01:23.233,20260226_022632.tiff,processed/aligned/000188_20260226_022934/mask_80c.png,65610,0.200225830078125
000189_20260226_022935,exported,20260226_022935.tiff,2026-02-26 02:29:35,266.65114155251143,00:04:26.651,8000,raw/thermal/20260226_022935.tiff,processed/aligned/000189_20260226_022935/thermal.tiff,processed/aligned/000189_20260226_022935/thermal.png,processed/aligned/000189_20260226_022935/video.png,processed/aligned/000189_20260226_022935/overlay.png,0.24575087800621986,0.1842010498046875,0.1861907958984375,primary,83.0,00:01:23,83.23333333333333,00:01:23.233,20260226_022632.tiff,processed/aligned/000189_20260226_022935/mask_80c.png,56906,0.173663330078125
000190_20260226_022936,exported,20260226_022936.tiff,2026-02-26 02:29:36,267.65342465753423,00:04:27.653,8030,raw/thermal/20260226_022936.tiff,processed/aligned/000190_20260226_022936/thermal.tiff,processed/aligned/000190_20260226_022936/thermal.png,processed/aligned/000190_20260226_022936/video.png,processed/aligned/000190_20260226_022936/overlay.png,0.2196238450706005,0.1153533935546875,0.187335205078125,primary,83.0,00:01:23,83.23333333333333,00:01:23.233,20260226_022632.tiff,processed/aligned/000190_20260226_022936/mask_80c.png,90458,0.276055908203125
000191_20260226_022937,exported,20260226_022937.tiff,2026-02-26 02:29:37,268.65570776255714,00:04:28.656,8060,raw/thermal/20260226_022937.tiff,processed/aligned/000191_20260226_022937/thermal.tiff,processed/aligned/000191_20260226_022937/thermal.png,processed/aligned/000191_20260226_022937/video.png,processed/aligned/000191_20260226_022937/overlay.png,0.2373860627412796,0.1645904541015625,0.2864593505859375,primary,83.0,00:01:23,83.23333333333333,00:01:23.233,20260226_022632.tiff,processed/aligned/000191_20260226_022937/mask_80c.png,76333,0.2329498291015625
000192_20260226_022938,exported,20260226_022938.tiff,2026-02-26 02:29:38,269.65799086757994,00:04:29.658,8090,raw/thermal/20260226_022938.tiff,processed/aligned/000192_20260226_022938/thermal.tiff,processed/aligned/000192_20260226_022938/thermal.png,processed/aligned/000192_20260226_022938/video.png,processed/aligned/000192_20260226_022938/overlay.png,0.24720053374767303,0.1647857666015625,0.2852294921875,primary,83.0,00:01:23,83.23333333333333,00:01:23.233,20260226_022632.tiff,processed/aligned/000192_20260226_022938/mask_80c.png,73361,0.2238800048828125
000193_20260226_022939,exported,20260226_022939.tiff,2026-02-26 02:29:39,270.66027397260274,00:04:30.660,8120,raw/thermal/20260226_022939.tiff,processed/aligned/000193_20260226_022939/thermal.tiff,processed/aligned/000193_20260226_022939/thermal.png,processed/aligned/000193_20260226_022939/video.png,processed/aligned/000193_20260226_022939/overlay.png,0.2815142162144184,0.1371124267578125,0.3141571044921875,primary,83.0,00:01:23,83.23333333333333,00:01:23.233,20260226_022632.tiff,processed/aligned/000193_20260226_022939/mask_80c.png,79724,0.24329833984375
000194_20260226_022940,exported,20260226_022940.tiff,2026-02-26 02:29:40,271.6625570776256,00:04:31.663,8150,raw/thermal/20260226_022940.tiff,processed/aligned/000194_20260226_022940/thermal.tiff,processed/aligned/000194_20260226_022940/thermal.png,processed/aligned/000194_20260226_022940/video.png,processed/aligned/000194_20260226_022940/overlay.png,0.2480737827718258,0.1747161865234375,0.2835845947265625,primary,83.0,00:01:23,83.23333333333333,00:01:23.233,20260226_022632.tiff,processed/aligned/000194_20260226_022940/mask_80c.png,81310,0.248138427734375
000195_20260226_022941,exported,20260226_022941.tiff,2026-02-26 02:29:41,272.66484018264845,00:04:32.665,8180,raw/thermal/20260226_022941.tiff,processed/aligned/000195_20260226_022941/thermal.tiff,processed/aligned/000195_20260226_022941/thermal.png,processed/aligned/000195_20260226_022941/video.png,processed/aligned/000195_20260226_022941/overlay.png,0.18705788999795914,0.1693817138671875,0.120086669921875,primary,83.0,00:01:23,83.23333333333333,00:01:23.233,20260226_022632.tiff,processed/aligned/000195_20260226_022941/mask_80c.png,65611,0.2002288818359375
000196_20260226_022942,exported,20260226_022942.tiff,2026-02-26 02:29:42,273.66712328767125,00:04:33.667,8210,raw/thermal/20260226_022942.tiff,processed/aligned/000196_20260226_022942/thermal.tiff,processed/aligned/000196_20260226_022942/thermal.png,processed/aligned/000196_20260226_022942/video.png,processed/aligned/000196_20260226_022942/overlay.png,0.1459757499396801,0.1501068115234375,0.0194122314453125,primary,83.0,00:01:23,83.23333333333333,00:01:23.233,20260226_022632.tiff,processed/aligned/000196_20260226_022942/mask_80c.png,75046,0.229022216796875
000197_20260226_022943,exported,20260226_022943.tiff,2026-02-26 02:29:43,274.6694063926941,00:04:34.669,8240,raw/thermal/20260226_022943.tiff,processed/aligned/000197_20260226_022943/thermal.tiff,processed/aligned/000197_20260226_022943/thermal.png,processed/aligned/000197_20260226_022943/video.png,processed/aligned/000197_20260226_022943/overlay.png,0.22257782891392708,0.19654541015625,0.0669921875,primary,83.0,00:01:23,83.23333333333333,00:01:23.233,20260226_022632.tiff,processed/aligned/000197_20260226_022943/mask_80c.png,98987,0.3020843505859375
000198_20260226_022944,exported,20260226_022944.tiff,2026-02-26 02:29:44,275.67168949771695,00:04:35.672,8270,raw/thermal/20260226_022944.tiff,processed/aligned/000198_20260226_022944/thermal.tiff,processed/aligned/000198_20260226_022944/thermal.png,processed/aligned/000198_20260226_022944/video.png,processed/aligned/000198_20260226_022944/overlay.png,0.12227460974827409,0.194683837890625,0.0005889892578125,primary,83.0,00:01:23,83.23333333333333,00:01:23.233,20260226_022632.tiff,processed/aligned/000198_20260226_022944/mask_80c.png,92395,0.2819671630859375
000199_20260226_022945,exported,20260226_022945.tiff,2026-02-26 02:29:45,276.67397260273975,00:04:36.674,8300,raw/thermal/20260226_022945.tiff,processed/aligned/000199_20260226_022945/thermal.tiff,processed/aligned/000199_20260226_022945/thermal.png,processed/aligned/000199_20260226_022945/video.png,processed/aligned/000199_20260226_022945/overlay.png,0.14407727401703596,0.221551513671875,0.0121856689453125,primary,83.0,00:01:23,83.23333333333333,00:01:23.233,20260226_022632.tiff,processed/aligned/000199_20260226_022945/mask_80c.png,87114,0.265850830078125
000200_20260226_022946,exported,20260226_022946.tiff,2026-02-26 02:29:46,277.67625570776255,00:04:37.676,8330,raw/thermal/20260226_022946.tiff,processed/aligned/000200_20260226_022946/thermal.tiff,processed/aligned/000200_20260226_022946/thermal.png,processed/aligned/000200_20260226_022946/video.png,processed/aligned/000200_20260226_022946/overlay.png,0.18653466179966927,0.2276153564453125,0.0263092041015625,primary,83.0,00:01:23,83.23333333333333,00:01:23.233,20260226_022632.tiff,processed/aligned/000200_20260226_022946/mask_80c.png,98448,0.300439453125
000201_20260226_022947,exported,20260226_022947.tiff,2026-02-26 02:29:47,278.6785388127854,00:04:38.679,8360,raw/thermal/20260226_022947.tiff,processed/aligned/000201_20260226_022947/thermal.tiff,processed/aligned/000201_20260226_022947/thermal.png,processed/aligned/000201_20260226_022947/video.png,processed/aligned/000201_20260226_022947/overlay.png,0.20476264506578445,0.18470458984375,0.1228485107421875,primary,83.0,00:01:23,83.23333333333333,00:01:23.233,20260226_022632.tiff,processed/aligned/000201_20260226_022947/mask_80c.png,107634,0.328472900390625
000202_20260226_022948,exported,20260226_022948.tiff,2026-02-26 02:29:48,279.68082191780826,00:04:39.681,8390,raw/thermal/20260226_022948.tiff,processed/aligned/000202_20260226_022948/thermal.tiff,processed/aligned/000202_20260226_022948/thermal.png,processed/aligned/000202_20260226_022948/video.png,processed/aligned/000202_20260226_022948/overlay.png,0.1387018095701933,0.23033447265625,0.016888427734375,primary,83.0,00:01:23,83.23333333333333,00:01:23.233,20260226_022632.tiff,processed/aligned/000202_20260226_022948/mask_80c.png,87872,0.2681640625
000203_20260226_022949,exported,20260226_022949.tiff,2026-02-26 02:29:49,280.68310502283106,00:04:40.683,8420,raw/thermal/20260226_022949.tiff,processed/aligned/000203_20260226_022949/thermal.tiff,processed/aligned/000203_20260226_022949/thermal.png,processed/aligned/000203_20260226_022949/video.png,processed/aligned/000203_20260226_022949/overlay.png,0.13496870547533035,0.189251708984375,0.0012176513671875,primary,83.0,00:01:23,83.23333333333333,00:01:23.233,20260226_022632.tiff,processed/aligned/000203_20260226_022949/mask_80c.png,103639,0.3162811279296875
000204_20260226_022950,exported,20260226_022950.tiff,2026-02-26 02:29:50,281.6853881278539,00:04:41.685,8451,raw/thermal/20260226_022950.tiff,processed/aligned/000204_20260226_022950/thermal.tiff,processed/aligned/000204_20260226_022950/thermal.png,processed/aligned/000204_20260226_022950/video.png,processed/aligned/000204_20260226_022950/overlay.png,0.10017696022987366,0.140350341796875,0.000787353515625,primary,83.0,00:01:23,83.23333333333333,00:01:23.233,20260226_022632.tiff,processed/aligned/000204_20260226_022950/mask_80c.png,61361,0.1872589111328125
000205_20260226_022951,exported,20260226_022951.tiff,2026-02-26 02:29:51,282.68767123287677,00:04:42.688,8481,raw/thermal/20260226_022951.tiff,processed/aligned/000205_20260226_022951/thermal.tiff,processed/aligned/000205_20260226_022951/thermal.png,processed/aligned/000205_20260226_022951/video.png,processed/aligned/000205_20260226_022951/overlay.png,0.13855156768113375,0.144427490234375,0.0112457275390625,primary,83.0,00:01:23,83.23333333333333,00:01:23.233,20260226_022632.tiff,processed/aligned/000205_20260226_022951/mask_80c.png,60287,0.1839813232421875
000206_20260226_022952,exported,20260226_022952.tiff,2026-02-26 02:29:52,283.68995433789956,00:04:43.690,8511,raw/thermal/20260226_022952.tiff,processed/aligned/000206_20260226_022952/thermal.tiff,processed/aligned/000206_20260226_022952/thermal.png,processed/aligned/000206_20260226_022952/video.png,processed/aligned/000206_20260226_022952/overlay.png,0.22820471972227097,0.215777587890625,0.113104248046875,primary,83.0,00:01:23,83.23333333333333,00:01:23.233,20260226_022632.tiff,processed/aligned/000206_20260226_022952/mask_80c.png,115269,0.3517730712890625
000207_20260226_022953,exported,20260226_022953.tiff,2026-02-26 02:29:53,284.69223744292236,00:04:44.692,8541,raw/thermal/20260226_022953.tiff,processed/aligned/000207_20260226_022953/thermal.tiff,processed/aligned/000207_20260226_022953/thermal.png,processed/aligned/000207_20260226_022953/video.png,processed/aligned/000207_20260226_022953/overlay.png,0.21783433482050896,0.1524017333984375,0.1288238525390625,primary,83.0,00:01:23,83.23333333333333,00:01:23.233,20260226_022632.tiff,processed/aligned/000207_20260226_022953/mask_80c.png,72689,0.2218292236328125
000208_20260226_022954,exported,20260226_022954.tiff,2026-02-26 02:29:54,285.6945205479453,00:04:45.695,8571,raw/thermal/20260226_022954.tiff,processed/aligned/000208_20260226_022954/thermal.tiff,processed/aligned/000208_20260226_022954/thermal.png,processed/aligned/000208_20260226_022954/video.png,processed/aligned/000208_20260226_022954/overlay.png,0.254142202436924,0.2040924072265625,0.1407989501953125,primary,83.0,00:01:23,83.23333333333333,00:01:23.233,20260226_022632.tiff,processed/aligned/000208_20260226_022954/mask_80c.png,119695,0.3652801513671875
000209_20260226_022955,exported,20260226_022955.tiff,2026-02-26 02:29:55,286.6968036529681,00:04:46.697,8601,raw/thermal/20260226_022955.tiff,processed/aligned/000209_20260226_022955/thermal.tiff,processed/aligned/000209_20260226_022955/thermal.png,processed/aligned/000209_20260226_022955/video.png,processed/aligned/000209_20260226_022955/overlay.png,0.32266438752412796,0.201641845703125,0.1576202392578125,primary,83.0,00:01:23,83.23333333333333,00:01:23.233,20260226_022632.tiff,processed/aligned/000209_20260226_022955/mask_80c.png,95222,0.290594482421875
000210_20260226_022956,exported,20260226_022956.tiff,2026-02-26 02:29:56,287.69908675799087,00:04:47.699,8631,raw/thermal/20260226_022956.tiff,processed/aligned/000210_20260226_022956/thermal.tiff,processed/aligned/000210_20260226_022956/thermal.png,processed/aligned/000210_20260226_022956/video.png,processed/aligned/000210_20260226_022956/overlay.png,0.3016369417309761,0.1593170166015625,0.22799072265625,primary,83.0,00:01:23,83.23333333333333,00:01:23.233,20260226_022632.tiff,processed/aligned/000210_20260226_022956/mask_80c.png,106392,0.3246826171875
000211_20260226_022957,exported,20260226_022957.tiff,2026-02-26 02:29:57,288.7013698630137,00:04:48.701,8661,raw/thermal/20260226_022957.tiff,processed/aligned/000211_20260226_022957/thermal.tiff,processed/aligned/000211_20260226_022957/thermal.png,processed/aligned/000211_20260226_022957/video.png,processed/aligned/000211_20260226_022957/overlay.png,0.22335901856422424,0.191473388671875,0.1995452880859375,primary,83.0,00:01:23,83.23333333333333,00:01:23.233,20260226_022632.tiff,processed/aligned/000211_20260226_022957/mask_80c.png,103444,0.31568603515625
000212_20260226_022958,exported,20260226_022958.tiff,2026-02-26 02:29:58,288.7675799086758,00:04:48.768,8663,raw/thermal/20260226_022958.tiff,processed/aligned/000212_20260226_022958/thermal.tiff,processed/aligned/000212_20260226_022958/thermal.png,processed/aligned/000212_20260226_022958/video.png,processed/aligned/000212_20260226_022958/overlay.png,0.21747182682156563,0.1857940673828125,0.210894775390625,secondary,494.0,00:08:14,493.23333333333335,00:08:13.233,20260226_023322.tiff,processed/aligned/000212_20260226_022958/mask_80c.png,87056,0.265673828125
000213_20260226_022959,exported,20260226_022959.tiff,2026-02-26 02:29:59,289.7698630136986,00:04:49.770,8693,raw/thermal/20260226_022959.tiff,processed/aligned/000213_20260226_022959/thermal.tiff,processed/aligned/000213_20260226_022959/thermal.png,processed/aligned/000213_20260226_022959/video.png,processed/aligned/000213_20260226_022959/overlay.png,0.22728032246232033,0.161810302734375,0.2545135498046875,secondary,494.0,00:08:14,493.23333333333335,00:08:13.233,20260226_023322.tiff,processed/aligned/000213_20260226_022959/mask_80c.png,66545,0.2030792236328125
000214_20260226_023000,exported,20260226_023000.tiff,2026-02-26 02:30:00,290.7721461187215,00:04:50.772,8723,raw/thermal/20260226_023000.tiff,processed/aligned/000214_20260226_023000/thermal.tiff,processed/aligned/000214_20260226_023000/thermal.png,processed/aligned/000214_20260226_023000/video.png,processed/aligned/000214_20260226_023000/overlay.png,0.2769051417708397,0.159197998046875,0.298944091796875,secondary,494.0,00:08:14,493.23333333333335,00:08:13.233,20260226_023322.tiff,processed/aligned/000214_20260226_023000/mask_80c.png,58436,0.17833251953125
000215_20260226_023001,exported,20260226_023001.tiff,2026-02-26 02:30:01,291.77442922374433,00:04:51.774,8753,raw/thermal/20260226_023001.tiff,processed/aligned/000215_20260226_023001/thermal.tiff,processed/aligned/000215_20260226_023001/thermal.png,processed/aligned/000215_20260226_023001/video.png,processed/aligned/000215_20260226_023001/overlay.png,0.2739293724298477,0.1483856201171875,0.3370147705078125,secondary,494.0,00:08:14,493.23333333333335,00:08:13.233,20260226_023322.tiff,processed/aligned/000215_20260226_023001/mask_80c.png,47436,0.14476318359375
000216_20260226_023002,exported,20260226_023002.tiff,2026-02-26 02:30:02,292.77671232876713,00:04:52.777,8783,raw/thermal/20260226_023002.tiff,processed/aligned/000216_20260226_023002/thermal.tiff,processed/aligned/000216_20260226_023002/thermal.png,processed/aligned/000216_20260226_023002/video.png,processed/aligned/000216_20260226_023002/overlay.png,0.2973591759800911,0.17886962890625,0.378277587890625,secondary,494.0,00:08:14,493.23333333333335,00:08:13.233,20260226_023322.tiff,processed/aligned/000216_20260226_023002/mask_80c.png,47571,0.1451751708984375
000217_20260226_023003,exported,20260226_023003.tiff,2026-02-26 02:30:03,293.77899543378993,00:04:53.779,8813,raw/thermal/20260226_023003.tiff,processed/aligned/000217_20260226_023003/thermal.tiff,processed/aligned/000217_20260226_023003/thermal.png,processed/aligned/000217_20260226_023003/video.png,processed/aligned/000217_20260226_023003/overlay.png,0.2950403392314911,0.178082275390625,0.339617919921875,secondary,494.0,00:08:14,493.23333333333335,00:08:13.233,20260226_023322.tiff,processed/aligned/000217_20260226_023003/mask_80c.png,44497,0.1357940673828125
000218_20260226_023004,exported,20260226_023004.tiff,2026-02-26 02:30:04,294.7812785388128,00:04:54.781,8843,raw/thermal/20260226_023004.tiff,processed/aligned/000218_20260226_023004/thermal.tiff,processed/aligned/000218_20260226_023004/thermal.png,processed/aligned/000218_20260226_023004/video.png,processed/aligned/000218_20260226_023004/overlay.png,0.2951977476477623,0.1710479736328125,0.3233367919921875,secondary,494.0,00:08:14,493.23333333333335,00:08:13.233,20260226_023322.tiff,processed/aligned/000218_20260226_023004/mask_80c.png,68770,0.209869384765625
000219_20260226_023005,exported,20260226_023005.tiff,2026-02-26 02:30:05,295.78356164383564,00:04:55.784,8874,raw/thermal/20260226_023005.tiff,processed/aligned/000219_20260226_023005/thermal.tiff,processed/aligned/000219_20260226_023005/thermal.png,processed/aligned/000219_20260226_023005/video.png,processed/aligned/000219_20260226_023005/overlay.png,0.3026951551437378,0.1539520263671875,0.356201171875,secondary,494.0,00:08:14,493.23333333333335,00:08:13.233,20260226_023322.tiff,processed/aligned/000219_20260226_023005/mask_80c.png,49076,0.14976806640625
000220_20260226_023006,exported,20260226_023006.tiff,2026-02-26 02:30:06,296.78584474885844,00:04:56.786,8904,raw/thermal/20260226_023006.tiff,processed/aligned/000220_20260226_023006/thermal.tiff,processed/aligned/000220_20260226_023006/thermal.png,processed/aligned/000220_20260226_023006/video.png,processed/aligned/000220_20260226_023006/overlay.png,0.2929268255829811,0.1781219482421875,0.369317626953125,secondary,494.0,00:08:14,493.23333333333335,00:08:13.233,20260226_023322.tiff,processed/aligned/000220_20260226_023006/mask_80c.png,55716,0.17003173828125
000221_20260226_023007,exported,20260226_023007.tiff,2026-02-26 02:30:07,297.7881278538813,00:04:57.788,8934,raw/thermal/20260226_023007.tiff,processed/aligned/000221_20260226_023007/thermal.tiff,processed/aligned/000221_20260226_023007/thermal.png,processed/aligned/000221_20260226_023007/video.png,processed/aligned/000221_20260226_023007/overlay.png,0.3037527874112129,0.1217071533203125,0.3386932373046875,secondary,494.0,00:08:14,493.23333333333335,00:08:13.233,20260226_023322.tiff,processed/aligned/000221_20260226_023007/mask_80c.png,23786,0.072589111328125
000222_20260226_023008,exported,20260226_023008.tiff,2026-02-26 02:30:08,298.79041095890415,00:04:58.790,8964,raw/thermal/20260226_023008.tiff,processed/aligned/000222_20260226_023008/thermal.tiff,processed/aligned/000222_20260226_023008/thermal.png,processed/aligned/000222_20260226_023008/video.png,processed/aligned/000222_20260226_023008/overlay.png,0.21228524670004845,0.0936859130859375,0.171728515625,secondary,494.0,00:08:14,493.23333333333335,00:08:13.233,20260226_023322.tiff,processed/aligned/000222_20260226_023008/mask_80c.png,4710,0.014373779296875
000223_20260226_023009,exported,20260226_023009.tiff,2026-02-26 02:30:09,299.79269406392694,00:04:59.793,8994,raw/thermal/20260226_023009.tiff,processed/aligned/000223_20260226_023009/thermal.tiff,processed/aligned/000223_20260226_023009/thermal.png,processed/aligned/000223_20260226_023009/video.png,processed/aligned/000223_20260226_023009/overlay.png,0.21006422862410545,0.1333038330078125,0.2643035888671875,secondary,494.0,00:08:14,493.23333333333335,00:08:13.233,20260226_023322.tiff,processed/aligned/000223_20260226_023009/mask_80c.png,3822,0.011663818359375
000224_20260226_023010,exported,20260226_023010.tiff,2026-02-26 02:30:10,300.79497716894974,00:05:00.795,9024,raw/thermal/20260226_023010.tiff,processed/aligned/000224_20260226_023010/thermal.tiff,processed/aligned/000224_20260226_023010/thermal.png,processed/aligned/000224_20260226_023010/video.png,processed/aligned/000224_20260226_023010/overlay.png,0.19412554055452347,0.089251708984375,0.2646026611328125,secondary,494.0,00:08:14,493.23333333333335,00:08:13.233,20260226_023322.tiff,processed/aligned/000224_20260226_023010/mask_80c.png,25371,0.0774261474609375
000225_20260226_023011,exported,20260226_023011.tiff,2026-02-26 02:30:11,301.7972602739726,00:05:01.797,9054,raw/thermal/20260226_023011.tiff,processed/aligned/000225_20260226_023011/thermal.tiff,processed/aligned/000225_20260226_023011/thermal.png,processed/aligned/000225_20260226_023011/video.png,processed/aligned/000225_20260226_023011/overlay.png,0.21737005934119225,0.09813232421875,0.284747314453125,secondary,494.0,00:08:14,493.23333333333335,00:08:13.233,20260226_023322.tiff,processed/aligned/000225_20260226_023011/mask_80c.png,10162,0.031011962890625
000226_20260226_023012,exported,20260226_023012.tiff,2026-02-26 02:30:12,302.79954337899545,00:05:02.800,9084,raw/thermal/20260226_023012.tiff,processed/aligned/000226_20260226_023012/thermal.tiff,processed/aligned/000226_20260226_023012/thermal.png,processed/aligned/000226_20260226_023012/video.png,processed/aligned/000226_20260226_023012/overlay.png,0.2233889326453209,0.1308563232421875,0.331298828125,secondary,494.0,00:08:14,493.23333333333335,00:08:13.233,20260226_023322.tiff,processed/aligned/000226_20260226_023012/mask_80c.png,43005,0.1312408447265625
000227_20260226_023013,exported,20260226_023013.tiff,2026-02-26 02:30:13,303.80182648401825,00:05:03.802,9114,raw/thermal/20260226_023013.tiff,processed/aligned/000227_20260226_023013/thermal.tiff,processed/aligned/000227_20260226_023013/thermal.png,processed/aligned/000227_20260226_023013/video.png,processed/aligned/000227_20260226_023013/overlay.png,0.23431162908673286,0.112451171875,0.3447479248046875,secondary,494.0,00:08:14,493.23333333333335,00:08:13.233,20260226_023322.tiff,processed/aligned/000227_20260226_023013/mask_80c.png,9614,0.029339599609375
000228_20260226_023014,exported,20260226_023014.tiff,2026-02-26 02:30:14,304.8041095890411,00:05:04.804,9144,raw/thermal/20260226_023014.tiff,processed/aligned/000228_20260226_023014/thermal.tiff,processed/aligned/000228_20260226_023014/thermal.png,processed/aligned/000228_20260226_023014/video.png,processed/aligned/000228_20260226_023014/overlay.png,0.1646856665611267,0.0827667236328125,0.22218017578125,secondary,494.0,00:08:14,493.23333333333335,00:08:13.233,20260226_023322.tiff,processed/aligned/000228_20260226_023014/mask_80c.png,10666,0.032550048828125
000229_20260226_023015,exported,20260226_023015.tiff,2026-02-26 02:30:15,305.80639269406396,00:05:05.806,9174,raw/thermal/20260226_023015.tiff,processed/aligned/000229_20260226_023015/thermal.tiff,processed/aligned/000229_20260226_023015/thermal.png,processed/aligned/000229_20260226_023015/video.png,processed/aligned/000229_20260226_023015/overlay.png,0.19375798851251602,0.0937774658203125,0.35557861328125,secondary,494.0,00:08:14,493.23333333333335,00:08:13.233,20260226_023322.tiff,processed/aligned/000229_20260226_023015/mask_80c.png,23516,0.07176513671875
000230_20260226_023016,exported,20260226_023016.tiff,2026-02-26 02:30:16,306.80867579908676,00:05:06.809,9204,raw/thermal/20260226_023016.tiff,processed/aligned/000230_20260226_023016/thermal.tiff,processed/aligned/000230_20260226_023016/thermal.png,processed/aligned/000230_20260226_023016/video.png,processed/aligned/000230_20260226_023016/overlay.png,0.259763740003109,0.0839141845703125,0.214251708984375,secondary,494.0,00:08:14,493.23333333333335,00:08:13.233,20260226_023322.tiff,processed/aligned/000230_20260226_023016/mask_80c.png,12169,0.0371368408203125
000231_20260226_023017,exported,20260226_023017.tiff,2026-02-26 02:30:17,307.8109589041096,00:05:07.811,9234,raw/thermal/20260226_023017.tiff,processed/aligned/000231_20260226_023017/thermal.tiff,processed/aligned/000231_20260226_023017/thermal.png,processed/aligned/000231_20260226_023017/video.png,processed/aligned/000231_20260226_023017/overlay.png,0.18153703212738037,0.10230712890625,0.22252197265625,secondary,494.0,00:08:14,493.23333333333335,00:08:13.233,20260226_023322.tiff,processed/aligned/000231_20260226_023017/mask_80c.png,6816,0.02080078125
000232_20260226_023018,exported,20260226_023018.tiff,2026-02-26 02:30:18,308.81324200913247,00:05:08.813,9264,raw/thermal/20260226_023018.tiff,processed/aligned/000232_20260226_023018/thermal.tiff,processed/aligned/000232_20260226_023018/thermal.png,processed/aligned/000232_20260226_023018/video.png,processed/aligned/000232_20260226_023018/overlay.png,0.21193381026387215,0.10042724609375,0.198095703125,secondary,494.0,00:08:14,493.23333333333335,00:08:13.233,20260226_023322.tiff,processed/aligned/000232_20260226_023018/mask_80c.png,26459,0.0807464599609375
000233_20260226_023019,exported,20260226_023019.tiff,2026-02-26 02:30:19,309.81552511415526,00:05:09.816,9294,raw/thermal/20260226_023019.tiff,processed/aligned/000233_20260226_023019/thermal.tiff,processed/aligned/000233_20260226_023019/thermal.png,processed/aligned/000233_20260226_023019/video.png,processed/aligned/000233_20260226_023019/overlay.png,0.20429421588778496,0.14830322265625,0.2333038330078125,secondary,494.0,00:08:14,493.23333333333335,00:08:13.233,20260226_023322.tiff,processed/aligned/000233_20260226_023019/mask_80c.png,5048,0.0154052734375
000234_20260226_023020,exported,20260226_023020.tiff,2026-02-26 02:30:20,310.81780821917806,00:05:10.818,9325,raw/thermal/20260226_023020.tiff,processed/aligned/000234_20260226_023020/thermal.tiff,processed/aligned/000234_20260226_023020/thermal.png,processed/aligned/000234_20260226_023020/video.png,processed/aligned/000234_20260226_023020/overlay.png,0.20223954692482948,0.0986602783203125,0.2057861328125,secondary,494.0,00:08:14,493.23333333333335,00:08:13.233,20260226_023322.tiff,processed/aligned/000234_20260226_023020/mask_80c.png,8876,0.02708740234375
000235_20260226_023021,exported,20260226_023021.tiff,2026-02-26 02:30:21,311.8200913242009,00:05:11.820,9355,raw/thermal/20260226_023021.tiff,processed/aligned/000235_20260226_023021/thermal.tiff,processed/aligned/000235_20260226_023021/thermal.png,processed/aligned/000235_20260226_023021/video.png,processed/aligned/000235_20260226_023021/overlay.png,0.22883111238479614,0.137493896484375,0.24969482421875,secondary,494.0,00:08:14,493.23333333333335,00:08:13.233,20260226_023322.tiff,processed/aligned/000235_20260226_023021/mask_80c.png,5739,0.0175140380859375
000236_20260226_023022,exported,20260226_023022.tiff,2026-02-26 02:30:22,312.82237442922377,00:05:12.822,9385,raw/thermal/20260226_023022.tiff,processed/aligned/000236_20260226_023022/thermal.tiff,processed/aligned/000236_20260226_023022/thermal.png,processed/aligned/000236_20260226_023022/video.png,processed/aligned/000236_20260226_023022/overlay.png,0.2678517512977123,0.19912109375,0.2293121337890625,secondary,494.0,00:08:14,493.23333333333335,00:08:13.233,20260226_023322.tiff,processed/aligned/000236_20260226_023022/mask_80c.png,5260,0.01605224609375
000237_20260226_023023,exported,20260226_023023.tiff,2026-02-26 02:30:23,313.82465753424657,00:05:13.825,9415,raw/thermal/20260226_023023.tiff,processed/aligned/000237_20260226_023023/thermal.tiff,processed/aligned/000237_20260226_023023/thermal.png,processed/aligned/000237_20260226_023023/video.png,processed/aligned/000237_20260226_023023/overlay.png,0.26999973878264427,0.123724365234375,0.4281158447265625,secondary,494.0,00:08:14,493.23333333333335,00:08:13.233,20260226_023322.tiff,processed/aligned/000237_20260226_023023/mask_80c.png,12263,0.0374237060546875
000238_20260226_023024,exported,20260226_023024.tiff,2026-02-26 02:30:24,314.8269406392694,00:05:14.827,9445,raw/thermal/20260226_023024.tiff,processed/aligned/000238_20260226_023024/thermal.tiff,processed/aligned/000238_20260226_023024/thermal.png,processed/aligned/000238_20260226_023024/video.png,processed/aligned/000238_20260226_023024/overlay.png,0.21538253873586655,0.1179412841796875,0.27489013671875,secondary,494.0,00:08:14,493.23333333333335,00:08:13.233,20260226_023322.tiff,processed/aligned/000238_20260226_023024/mask_80c.png,7251,0.0221282958984375
000239_20260226_023025,exported,20260226_023025.tiff,2026-02-26 02:30:25,315.8292237442923,00:05:15.829,9475,raw/thermal/20260226_023025.tiff,processed/aligned/000239_20260226_023025/thermal.tiff,processed/aligned/000239_20260226_023025/thermal.png,processed/aligned/000239_20260226_023025/video.png,processed/aligned/000239_20260226_023025/overlay.png,0.2997806742787361,0.144573974609375,0.4795166015625,secondary,494.0,00:08:14,493.23333333333335,00:08:13.233,20260226_023322.tiff,processed/aligned/000239_20260226_023025/mask_80c.png,9147,0.0279144287109375
000240_20260226_023026,exported,20260226_023026.tiff,2026-02-26 02:30:26,316.8315068493151,00:05:16.832,9505,raw/thermal/20260226_023026.tiff,processed/aligned/000240_20260226_023026/thermal.tiff,processed/aligned/000240_20260226_023026/thermal.png,processed/aligned/000240_20260226_023026/video.png,processed/aligned/000240_20260226_023026/overlay.png,0.35202737897634506,0.1716888427734375,0.4929901123046875,secondary,494.0,00:08:14,493.23333333333335,00:08:13.233,20260226_023322.tiff,processed/aligned/000240_20260226_023026/mask_80c.png,9102,0.027777099609375
000241_20260226_023027,exported,20260226_023027.tiff,2026-02-26 02:30:27,317.8337899543379,00:05:17.834,9535,raw/thermal/20260226_023027.tiff,processed/aligned/000241_20260226_023027/thermal.tiff,processed/aligned/000241_20260226_023027/thermal.png,processed/aligned/000241_20260226_023027/video.png,processed/aligned/000241_20260226_023027/overlay.png,0.309167243540287,0.1139068603515625,0.350677490234375,secondary,494.0,00:08:14,493.23333333333335,00:08:13.233,20260226_023322.tiff,processed/aligned/000241_20260226_023027/mask_80c.png,6186,0.018878173828125
000242_20260226_023028,exported,20260226_023028.tiff,2026-02-26 02:30:28,318.83607305936073,00:05:18.836,9565,raw/thermal/20260226_023028.tiff,processed/aligned/000242_20260226_023028/thermal.tiff,processed/aligned/000242_20260226_023028/thermal.png,processed/aligned/000242_20260226_023028/video.png,processed/aligned/000242_20260226_023028/overlay.png,0.28516237437725067,0.1516143798828125,0.3984222412109375,secondary,494.0,00:08:14,493.23333333333335,00:08:13.233,20260226_023322.tiff,processed/aligned/000242_20260226_023028/mask_80c.png,12642,0.038580322265625
000243_20260226_023029,exported,20260226_023029.tiff,2026-02-26 02:30:29,319.8383561643836,00:05:19.838,9595,raw/thermal/20260226_023029.tiff,processed/aligned/000243_20260226_023029/thermal.tiff,processed/aligned/000243_20260226_023029/thermal.png,processed/aligned/000243_20260226_023029/video.png,processed/aligned/000243_20260226_023029/overlay.png,0.3293655291199684,0.1500396728515625,0.2704864501953125,secondary,494.0,00:08:14,493.23333333333335,00:08:13.233,20260226_023322.tiff,processed/aligned/000243_20260226_023029/mask_80c.png,2084,0.00635986328125
000244_20260226_023030,exported,20260226_023030.tiff,2026-02-26 02:30:30,320.8406392694064,00:05:20.841,9625,raw/thermal/20260226_023030.tiff,processed/aligned/000244_20260226_023030/thermal.tiff,processed/aligned/000244_20260226_023030/thermal.png,processed/aligned/000244_20260226_023030/video.png,processed/aligned/000244_20260226_023030/overlay.png,0.25851502642035484,0.130804443359375,0.37159423828125,secondary,494.0,00:08:14,493.23333333333335,00:08:13.233,20260226_023322.tiff,processed/aligned/000244_20260226_023030/mask_80c.png,4985,0.0152130126953125
000245_20260226_023031,exported,20260226_023031.tiff,2026-02-26 02:30:31,321.84292237442924,00:05:21.843,9655,raw/thermal/20260226_023031.tiff,processed/aligned/000245_20260226_023031/thermal.tiff,processed/aligned/000245_20260226_023031/thermal.png,processed/aligned/000245_20260226_023031/video.png,processed/aligned/000245_20260226_023031/overlay.png,0.25050167366862297,0.1172332763671875,0.313543701171875,secondary,494.0,00:08:14,493.23333333333335,00:08:13.233,20260226_023322.tiff,processed/aligned/000245_20260226_023031/mask_80c.png,4055,0.0123748779296875
000246_20260226_023032,exported,20260226_023032.tiff,2026-02-26 02:30:32,322.8452054794521,00:05:22.845,9685,raw/thermal/20260226_023032.tiff,processed/aligned/000246_20260226_023032/thermal.tiff,processed/aligned/000246_20260226_023032/thermal.png,processed/aligned/000246_20260226_023032/video.png,processed/aligned/000246_20260226_023032/overlay.png,0.2643505372107029,0.1036956787109375,0.394830322265625,secondary,494.0,00:08:14,493.23333333333335,00:08:13.233,20260226_023322.tiff,processed/aligned/000246_20260226_023032/mask_80c.png,4742,0.014471435546875
000247_20260226_023033,exported,20260226_023033.tiff,2026-02-26 02:30:33,323.8474885844749,00:05:23.847,9715,raw/thermal/20260226_023033.tiff,processed/aligned/000247_20260226_023033/thermal.tiff,processed/aligned/000247_20260226_023033/thermal.png,processed/aligned/000247_20260226_023033/video.png,processed/aligned/000247_20260226_023033/overlay.png,0.19956664368510246,0.0845489501953125,0.333709716796875,secondary,494.0,00:08:14,493.23333333333335,00:08:13.233,20260226_023322.tiff,processed/aligned/000247_20260226_023033/mask_80c.png,5348,0.01632080078125
000248_20260226_023034,exported,20260226_023034.tiff,2026-02-26 02:30:34,324.8497716894977,00:05:24.850,9745,raw/thermal/20260226_023034.tiff,processed/aligned/000248_20260226_023034/thermal.tiff,processed/aligned/000248_20260226_023034/thermal.png,processed/aligned/000248_20260226_023034/video.png,processed/aligned/000248_20260226_023034/overlay.png,0.19804682582616806,0.1151702880859375,0.068218994140625,secondary,494.0,00:08:14,493.23333333333335,00:08:13.233,20260226_023322.tiff,processed/aligned/000248_20260226_023034/mask_80c.png,6647,0.0202850341796875
000249_20260226_023035,exported,20260226_023035.tiff,2026-02-26 02:30:35,325.8520547945206,00:05:25.852,9776,raw/thermal/20260226_023035.tiff,processed/aligned/000249_20260226_023035/thermal.tiff,processed/aligned/000249_20260226_023035/thermal.png,processed/aligned/000249_20260226_023035/video.png,processed/aligned/000249_20260226_023035/overlay.png,0.18187347799539566,0.084295654296875,0.0832489013671875,secondary,494.0,00:08:14,493.23333333333335,00:08:13.233,20260226_023322.tiff,processed/aligned/000249_20260226_023035/mask_80c.png,3689,0.0112579345703125
000250_20260226_023036,exported,20260226_023036.tiff,2026-02-26 02:30:36,326.8543378995434,00:05:26.854,9806,raw/thermal/20260226_023036.tiff,processed/aligned/000250_20260226_023036/thermal.tiff,processed/aligned/000250_20260226_023036/thermal.png,processed/aligned/000250_20260226_023036/video.png,processed/aligned/000250_20260226_023036/overlay.png,0.1420865971595049,0.05777587890625,0.0694488525390625,secondary,494.0,00:08:14,493.23333333333335,00:08:13.233,20260226_023322.tiff,processed/aligned/000250_20260226_023036/mask_80c.png,10626,0.032427978515625
000251_20260226_023037,exported,20260226_023037.tiff,2026-02-26 02:30:37,327.8566210045662,00:05:27.857,9836,raw/thermal/20260226_023037.tiff,processed/aligned/000251_20260226_023037/thermal.tiff,processed/aligned/000251_20260226_023037/thermal.png,processed/aligned/000251_20260226_023037/video.png,processed/aligned/000251_20260226_023037/overlay.png,0.23605960607528687,0.0896453857421875,0.0580780029296875,secondary,494.0,00:08:14,493.23333333333335,00:08:13.233,20260226_023322.tiff,processed/aligned/000251_20260226_023037/mask_80c.png,12882,0.039312744140625
000252_20260226_023038,exported,20260226_023038.tiff,2026-02-26 02:30:38,328.85890410958905,00:05:28.859,9866,raw/thermal/20260226_023038.tiff,processed/aligned/000252_20260226_023038/thermal.tiff,processed/aligned/000252_20260226_023038/thermal.png,processed/aligned/000252_20260226_023038/video.png,processed/aligned/000252_20260226_023038/overlay.png,0.15932536125183105,0.17681884765625,0.0459259033203125,secondary,494.0,00:08:14,493.23333333333335,00:08:13.233,20260226_023322.tiff,processed/aligned/000252_20260226_023038/mask_80c.png,11239,0.0342987060546875
000253_20260226_023039,exported,20260226_023039.tiff,2026-02-26 02:30:39,329.8611872146119,00:05:29.861,9896,raw/thermal/20260226_023039.tiff,processed/aligned/000253_20260226_023039/thermal.tiff,processed/aligned/000253_20260226_023039/thermal.png,processed/aligned/000253_20260226_023039/video.png,processed/aligned/000253_20260226_023039/overlay.png,0.10951347462832928,0.11180419921875,0.0394500732421875,secondary,494.0,00:08:14,493.23333333333335,00:08:13.233,20260226_023322.tiff,processed/aligned/000253_20260226_023039/mask_80c.png,10090,0.030792236328125
000254_20260226_023040,exported,20260226_023040.tiff,2026-02-26 02:30:40,330.8634703196347,00:05:30.863,9926,raw/thermal/20260226_023040.tiff,processed/aligned/000254_20260226_023040/thermal.tiff,processed/aligned/000254_20260226_023040/thermal.png,processed/aligned/000254_20260226_023040/video.png,processed/aligned/000254_20260226_023040/overlay.png,0.1235367264598608,0.1425048828125,0.1036895751953125,secondary,494.0,00:08:14,493.23333333333335,00:08:13.233,20260226_023322.tiff,processed/aligned/000254_20260226_023040/mask_80c.png,5402,0.016485595703125
000255_20260226_023041,exported,20260226_023041.tiff,2026-02-26 02:30:41,331.86575342465756,00:05:31.866,9956,raw/thermal/20260226_023041.tiff,processed/aligned/000255_20260226_023041/thermal.tiff,processed/aligned/000255_20260226_023041/thermal.png,processed/aligned/000255_20260226_023041/video.png,processed/aligned/000255_20260226_023041/overlay.png,0.12541996873915195,0.1284088134765625,0.071099853515625,secondary,494.0,00:08:14,493.23333333333335,00:08:13.233,20260226_023322.tiff,processed/aligned/000255_20260226_023041/mask_80c.png,8391,0.0256072998046875
000256_20260226_023042,exported,20260226_023042.tiff,2026-02-26 02:30:42,332.8680365296804,00:05:32.868,9986,raw/thermal/20260226_023042.tiff,processed/aligned/000256_20260226_023042/thermal.tiff,processed/aligned/000256_20260226_023042/thermal.png,processed/aligned/000256_20260226_023042/video.png,processed/aligned/000256_20260226_023042/overlay.png,0.1543776672333479,0.1737091064453125,0.0421478271484375,secondary,494.0,00:08:14,493.23333333333335,00:08:13.233,20260226_023322.tiff,processed/aligned/000256_20260226_023042/mask_80c.png,8325,0.0254058837890625
000257_20260226_023043,exported,20260226_023043.tiff,2026-02-26 02:30:43,333.8703196347032,00:05:33.870,10016,raw/thermal/20260226_023043.tiff,processed/aligned/000257_20260226_023043/thermal.tiff,processed/aligned/000257_20260226_023043/thermal.png,processed/aligned/000257_20260226_023043/video.png,processed/aligned/000257_20260226_023043/overlay.png,0.10323978681117296,0.1484039306640625,0.07620849609375,secondary,494.0,00:08:14,493.23333333333335,00:08:13.233,20260226_023322.tiff,processed/aligned/000257_20260226_023043/mask_80c.png,9815,0.0299530029296875
000258_20260226_023044,exported,20260226_023044.tiff,2026-02-26 02:30:44,334.87260273972606,00:05:34.873,10046,raw/thermal/20260226_023044.tiff,processed/aligned/000258_20260226_023044/thermal.tiff,processed/aligned/000258_20260226_023044/thermal.png,processed/aligned/000258_20260226_023044/video.png,processed/aligned/000258_20260226_023044/overlay.png,0.13355331867933273,0.1437652587890625,0.1018218994140625,secondary,494.0,00:08:14,493.23333333333335,00:08:13.233,20260226_023322.tiff,processed/aligned/000258_20260226_023044/mask_80c.png,9916,0.03026123046875
000259_20260226_023045,exported,20260226_023045.tiff,2026-02-26 02:30:45,335.87488584474886,00:05:35.875,10076,raw/thermal/20260226_023045.tiff,processed/aligned/000259_20260226_023045/thermal.tiff,processed/aligned/000259_20260226_023045/thermal.png,processed/aligned/000259_20260226_023045/video.png,processed/aligned/000259_20260226_023045/overlay.png,0.15871584229171276,0.125714111328125,0.13419189453125,secondary,494.0,00:08:14,493.23333333333335,00:08:13.233,20260226_023322.tiff,processed/aligned/000259_20260226_023045/mask_80c.png,9539,0.0291107177734375
000260_20260226_023046,exported,20260226_023046.tiff,2026-02-26 02:30:46,336.8771689497717,00:05:36.877,10106,raw/thermal/20260226_023046.tiff,processed/aligned/000260_20260226_023046/thermal.tiff,processed/aligned/000260_20260226_023046/thermal.png,processed/aligned/000260_20260226_023046/video.png,processed/aligned/000260_20260226_023046/overlay.png,0.23056963458657265,0.144427490234375,0.1854705810546875,secondary,494.0,00:08:14,493.23333333333335,00:08:13.233,20260226_023322.tiff,processed/aligned/000260_20260226_023046/mask_80c.png,13663,0.0416961669921875
000261_20260226_023047,exported,20260226_023047.tiff,2026-02-26 02:30:47,337.8794520547945,00:05:37.879,10136,raw/thermal/20260226_023047.tiff,processed/aligned/000261_20260226_023047/thermal.tiff,processed/aligned/000261_20260226_023047/thermal.png,processed/aligned/000261_20260226_023047/video.png,processed/aligned/000261_20260226_023047/overlay.png,0.1426581870764494,0.105780029296875,0.0487701416015625,secondary,494.0,00:08:14,493.23333333333335,00:08:13.233,20260226_023322.tiff,processed/aligned/000261_20260226_023047/mask_80c.png,7330,0.022369384765625
000262_20260226_023048,exported,20260226_023048.tiff,2026-02-26 02:30:48,338.88173515981737,00:05:38.882,10166,raw/thermal/20260226_023048.tiff,processed/aligned/000262_20260226_023048/thermal.tiff,processed/aligned/000262_20260226_023048/thermal.png,processed/aligned/000262_20260226_023048/video.png,processed/aligned/000262_20260226_023048/overlay.png,0.24986965581774712,0.132073974609375,0.080072021484375,secondary,494.0,00:08:14,493.23333333333335,00:08:13.233,20260226_023322.tiff,processed/aligned/000262_20260226_023048/mask_80c.png,6294,0.019207763671875
000263_20260226_023049,exported,20260226_023049.tiff,2026-02-26 02:30:49,339.8840182648402,00:05:39.884,10197,raw/thermal/20260226_023049.tiff,processed/aligned/000263_20260226_023049/thermal.tiff,processed/aligned/000263_20260226_023049/thermal.png,processed/aligned/000263_20260226_023049/video.png,processed/aligned/000263_20260226_023049/overlay.png,0.16612953413277864,0.137066650390625,0.0066436767578125,secondary,494.0,00:08:14,493.23333333333335,00:08:13.233,20260226_023322.tiff,processed/aligned/000263_20260226_023049/mask_80c.png,196,0.00059814453125
000264_20260226_023050,exported,20260226_023050.tiff,2026-02-26 02:30:50,340.886301369863,00:05:40.886,10227,raw/thermal/20260226_023050.tiff,processed/aligned/000264_20260226_023050/thermal.tiff,processed/aligned/000264_20260226_023050/thermal.png,processed/aligned/000264_20260226_023050/video.png,processed/aligned/000264_20260226_023050/overlay.png,0.17034417344257236,0.144873046875,0.0053375244140625,secondary,494.0,00:08:14,493.23333333333335,00:08:13.233,20260226_023322.tiff,processed/aligned/000264_20260226_023050/mask_80c.png,212,0.00064697265625
000265_20260226_023051,exported,20260226_023051.tiff,2026-02-26 02:30:51,341.8885844748859,00:05:41.889,10257,raw/thermal/20260226_023051.tiff,processed/aligned/000265_20260226_023051/thermal.tiff,processed/aligned/000265_20260226_023051/thermal.png,processed/aligned/000265_20260226_023051/video.png,processed/aligned/000265_20260226_023051/overlay.png,0.16053050383925438,0.1563812255859375,0.0101654052734375,secondary,494.0,00:08:14,493.23333333333335,00:08:13.233,20260226_023322.tiff,processed/aligned/000265_20260226_023051/mask_80c.png,112,0.000341796875
000266_20260226_023052,exported,20260226_023052.tiff,2026-02-26 02:30:52,342.8908675799087,00:05:42.891,10287,raw/thermal/20260226_023052.tiff,processed/aligned/000266_20260226_023052/thermal.tiff,processed/aligned/000266_20260226_023052/thermal.png,processed/aligned/000266_20260226_023052/video.png,processed/aligned/000266_20260226_023052/overlay.png,0.13732733856886625,0.0846435546875,0.0125762939453125,secondary,494.0,00:08:14,493.23333333333335,00:08:13.233,20260226_023322.tiff,processed/aligned/000266_20260226_023052/mask_80c.png,4507,0.0137542724609375
000267_20260226_023053,exported,20260226_023053.tiff,2026-02-26 02:30:53,343.8931506849315,00:05:43.893,10317,raw/thermal/20260226_023053.tiff,processed/aligned/000267_20260226_023053/thermal.tiff,processed/aligned/000267_20260226_023053/thermal.png,processed/aligned/000267_20260226_023053/video.png,processed/aligned/000267_20260226_023053/overlay.png,0.17967440513893962,0.1273529052734375,0.003057861328125,secondary,494.0,00:08:14,493.23333333333335,00:08:13.233,20260226_023322.tiff,processed/aligned/000267_20260226_023053/mask_80c.png,0,0.0
000268_20260226_023054,exported,20260226_023054.tiff,2026-02-26 02:30:54,344.8954337899543,00:05:44.895,10347,raw/thermal/20260226_023054.tiff,processed/aligned/000268_20260226_023054/thermal.tiff,processed/aligned/000268_20260226_023054/thermal.png,processed/aligned/000268_20260226_023054/video.png,processed/aligned/000268_20260226_023054/overlay.png,0.17182044684886932,0.2045684814453125,0.0,secondary,494.0,00:08:14,493.23333333333335,00:08:13.233,20260226_023322.tiff,processed/aligned/000268_20260226_023054/mask_80c.png,99,0.0003021240234375
000269_20260226_023055,exported,20260226_023055.tiff,2026-02-26 02:30:55,345.8977168949772,00:05:45.898,10377,raw/thermal/20260226_023055.tiff,processed/aligned/000269_20260226_023055/thermal.tiff,processed/aligned/000269_20260226_023055/thermal.png,processed/aligned/000269_20260226_023055/video.png,processed/aligned/000269_20260226_023055/overlay.png,0.17490115761756897,0.1327850341796875,0.0,secondary,494.0,00:08:14,493.23333333333335,00:08:13.233,20260226_023322.tiff,processed/aligned/000269_20260226_023055/mask_80c.png,238,0.000726318359375
000270_20260226_023056,exported,20260226_023056.tiff,2026-02-26 02:30:56,346.90000000000003,00:05:46.900,10407,raw/thermal/20260226_023056.tiff,processed/aligned/000270_20260226_023056/thermal.tiff,processed/aligned/000270_20260226_023056/thermal.png,processed/aligned/000270_20260226_023056/video.png,processed/aligned/000270_20260226_023056/overlay.png,0.17135024070739746,0.08106689453125,0.0,secondary,494.0,00:08:14,493.23333333333335,00:08:13.233,20260226_023322.tiff,processed/aligned/000270_20260226_023056/mask_80c.png,22,6.7138671875e-05
000271_20260226_023057,exported,20260226_023057.tiff,2026-02-26 02:30:57,347.90228310502283,00:05:47.902,10437,raw/thermal/20260226_023057.tiff,processed/aligned/000271_20260226_023057/thermal.tiff,processed/aligned/000271_20260226_023057/thermal.png,processed/aligned/000271_20260226_023057/video.png,processed/aligned/000271_20260226_023057/overlay.png,0.17590726912021637,0.108355712890625,0.0,secondary,494.0,00:08:14,493.23333333333335,00:08:13.233,20260226_023322.tiff,processed/aligned/000271_20260226_023057/mask_80c.png,0,0.0
000272_20260226_023058,exported,20260226_023058.tiff,2026-02-26 02:30:58,348.9045662100457,00:05:48.905,10467,raw/thermal/20260226_023058.tiff,processed/aligned/000272_20260226_023058/thermal.tiff,processed/aligned/000272_20260226_023058/thermal.png,processed/aligned/000272_20260226_023058/video.png,processed/aligned/000272_20260226_023058/overlay.png,0.11673319339752197,0.0914825439453125,0.0,secondary,494.0,00:08:14,493.23333333333335,00:08:13.233,20260226_023322.tiff,processed/aligned/000272_20260226_023058/mask_80c.png,4948,0.01510009765625
000273_20260226_023059,exported,20260226_023059.tiff,2026-02-26 02:30:59,349.9068493150685,00:05:49.907,10497,raw/thermal/20260226_023059.tiff,processed/aligned/000273_20260226_023059/thermal.tiff,processed/aligned/000273_20260226_023059/thermal.png,processed/aligned/000273_20260226_023059/video.png,processed/aligned/000273_20260226_023059/overlay.png,0.09817884862422943,0.081005859375,0.0,secondary,494.0,00:08:14,493.23333333333335,00:08:13.233,20260226_023322.tiff,processed/aligned/000273_20260226_023059/mask_80c.png,10711,0.0326873779296875
000274_20260226_023100,exported,20260226_023100.tiff,2026-02-26 02:31:00,350.90913242009134,00:05:50.909,10527,raw/thermal/20260226_023100.tiff,processed/aligned/000274_20260226_023100/thermal.tiff,processed/aligned/000274_20260226_023100/thermal.png,processed/aligned/000274_20260226_023100/video.png,processed/aligned/000274_20260226_023100/overlay.png,0.10104300826787949,0.073114013671875,0.0,secondary,494.0,00:08:14,493.23333333333335,00:08:13.233,20260226_023322.tiff,processed/aligned/000274_20260226_023100/mask_80c.png,5033,0.0153594970703125
000275_20260226_023101,exported,20260226_023101.tiff,2026-02-26 02:31:01,351.9114155251142,00:05:51.911,10557,raw/thermal/20260226_023101.tiff,processed/aligned/000275_20260226_023101/thermal.tiff,processed/aligned/000275_20260226_023101/thermal.png,processed/aligned/000275_20260226_023101/video.png,processed/aligned/000275_20260226_023101/overlay.png,0.10190866887569427,0.082977294921875,0.0,secondary,494.0,00:08:14,493.23333333333335,00:08:13.233,20260226_023322.tiff,processed/aligned/000275_20260226_023101/mask_80c.png,6987,0.0213226318359375
000276_20260226_023102,exported,20260226_023102.tiff,2026-02-26 02:31:02,352.913698630137,00:05:52.914,10587,raw/thermal/20260226_023102.tiff,processed/aligned/000276_20260226_023102/thermal.tiff,processed/aligned/000276_20260226_023102/thermal.png,processed/aligned/000276_20260226_023102/video.png,processed/aligned/000276_20260226_023102/overlay.png,0.12164793908596039,0.0753570556640625,0.0,secondary,494.0,00:08:14,493.23333333333335,00:08:13.233,20260226_023322.tiff,processed/aligned/000276_20260226_023102/mask_80c.png,3411,0.0104095458984375
000277_20260226_023103,exported,20260226_023103.tiff,2026-02-26 02:31:03,353.91598173515985,00:05:53.916,10617,raw/thermal/20260226_023103.tiff,processed/aligned/000277_20260226_023103/thermal.tiff,processed/aligned/000277_20260226_023103/thermal.png,processed/aligned/000277_20260226_023103/video.png,processed/aligned/000277_20260226_023103/overlay.png,0.10067199915647507,0.09197998046875,0.0,secondary,494.0,00:08:14,493.23333333333335,00:08:13.233,20260226_023322.tiff,processed/aligned/000277_20260226_023103/mask_80c.png,8058,0.024591064453125
000278_20260226_023104,exported,20260226_023104.tiff,2026-02-26 02:31:04,354.91826484018264,00:05:54.918,10648,raw/thermal/20260226_023104.tiff,processed/aligned/000278_20260226_023104/thermal.tiff,processed/aligned/000278_20260226_023104/thermal.png,processed/aligned/000278_20260226_023104/video.png,processed/aligned/000278_20260226_023104/overlay.png,0.10254035145044327,0.092950439453125,0.0,secondary,494.0,00:08:14,493.23333333333335,00:08:13.233,20260226_023322.tiff,processed/aligned/000278_20260226_023104/mask_80c.png,6740,0.02056884765625
000279_20260226_023105,exported,20260226_023105.tiff,2026-02-26 02:31:05,355.9205479452055,00:05:55.921,10678,raw/thermal/20260226_023105.tiff,processed/aligned/000279_20260226_023105/thermal.tiff,processed/aligned/000279_20260226_023105/thermal.png,processed/aligned/000279_20260226_023105/video.png,processed/aligned/000279_20260226_023105/overlay.png,0.10388080775737762,0.0868499755859375,0.0,secondary,494.0,00:08:14,493.23333333333335,00:08:13.233,20260226_023322.tiff,processed/aligned/000279_20260226_023105/mask_80c.png,10936,0.0333740234375
000280_20260226_023106,exported,20260226_023106.tiff,2026-02-26 02:31:06,356.9228310502283,00:05:56.923,10708,raw/thermal/20260226_023106.tiff,processed/aligned/000280_20260226_023106/thermal.tiff,processed/aligned/000280_20260226_023106/thermal.png,processed/aligned/000280_20260226_023106/video.png,processed/aligned/000280_20260226_023106/overlay.png,0.09935689717531204,0.0634490966796875,0.0,secondary,494.0,00:08:14,493.23333333333335,00:08:13.233,20260226_023322.tiff,processed/aligned/000280_20260226_023106/mask_80c.png,5760,0.017578125
000281_20260226_023107,exported,20260226_023107.tiff,2026-02-26 02:31:07,357.92511415525115,00:05:57.925,10738,raw/thermal/20260226_023107.tiff,processed/aligned/000281_20260226_023107/thermal.tiff,processed/aligned/000281_20260226_023107/thermal.png,processed/aligned/000281_20260226_023107/video.png,processed/aligned/000281_20260226_023107/overlay.png,0.10079795867204666,0.068414306640625,0.0,secondary,494.0,00:08:14,493.23333333333335,00:08:13.233,20260226_023322.tiff,processed/aligned/000281_20260226_023107/mask_80c.png,10385,0.0316925048828125
000282_20260226_023108,exported,20260226_023108.tiff,2026-02-26 02:31:08,358.927397260274,00:05:58.927,10768,raw/thermal/20260226_023108.tiff,processed/aligned/000282_20260226_023108/thermal.tiff,processed/aligned/000282_20260226_023108/thermal.png,processed/aligned/000282_20260226_023108/video.png,processed/aligned/000282_20260226_023108/overlay.png,0.09354401379823685,0.0922515869140625,0.0,secondary,494.0,00:08:14,493.23333333333335,00:08:13.233,20260226_023322.tiff,processed/aligned/000282_20260226_023108/mask_80c.png,12603,0.0384613037109375
000283_20260226_023109,exported,20260226_023109.tiff,2026-02-26 02:31:09,359.9296803652968,00:05:59.930,10798,raw/thermal/20260226_023109.tiff,processed/aligned/000283_20260226_023109/thermal.tiff,processed/aligned/000283_20260226_023109/thermal.png,processed/aligned/000283_20260226_023109/video.png,processed/aligned/000283_20260226_023109/overlay.png,0.16616190969944,0.109783935546875,0.0035064697265625,secondary,494.0,00:08:14,493.23333333333335,00:08:13.233,20260226_023322.tiff,processed/aligned/000283_20260226_023109/mask_80c.png,37412,0.11417236328125
000284_20260226_023110,exported,20260226_023110.tiff,2026-02-26 02:31:10,360.93196347031966,00:06:00.932,10828,raw/thermal/20260226_023110.tiff,processed/aligned/000284_20260226_023110/thermal.tiff,processed/aligned/000284_20260226_023110/thermal.png,processed/aligned/000284_20260226_023110/video.png,processed/aligned/000284_20260226_023110/overlay.png,0.1221154760569334,0.084722900390625,0.050048828125,secondary,494.0,00:08:14,493.23333333333335,00:08:13.233,20260226_023322.tiff,processed/aligned/000284_20260226_023110/mask_80c.png,19141,0.0584136962890625
000285_20260226_023111,exported,20260226_023111.tiff,2026-02-26 02:31:11,361.93424657534246,00:06:01.934,10858,raw/thermal/20260226_023111.tiff,processed/aligned/000285_20260226_023111/thermal.tiff,processed/aligned/000285_20260226_023111/thermal.png,processed/aligned/000285_20260226_023111/video.png,processed/aligned/000285_20260226_023111/overlay.png,0.3067196384072304,0.1839813232421875,0.1569732666015625,secondary,494.0,00:08:14,493.23333333333335,00:08:13.233,20260226_023322.tiff,processed/aligned/000285_20260226_023111/mask_80c.png,57651,0.1759368896484375
000286_20260226_023112,exported,20260226_023112.tiff,2026-02-26 02:31:12,362.9365296803653,00:06:02.937,10888,raw/thermal/20260226_023112.tiff,processed/aligned/000286_20260226_023112/thermal.tiff,processed/aligned/000286_20260226_023112/thermal.png,processed/aligned/000286_20260226_023112/video.png,processed/aligned/000286_20260226_023112/overlay.png,0.23813138529658318,0.102227783203125,0.194610595703125,secondary,494.0,00:08:14,493.23333333333335,00:08:13.233,20260226_023322.tiff,processed/aligned/000286_20260226_023112/mask_80c.png,14505,0.0442657470703125
000287_20260226_023113,exported,20260226_023113.tiff,2026-02-26 02:31:13,363.93881278538817,00:06:03.939,10918,raw/thermal/20260226_023113.tiff,processed/aligned/000287_20260226_023113/thermal.tiff,processed/aligned/000287_20260226_023113/thermal.png,processed/aligned/000287_20260226_023113/video.png,processed/aligned/000287_20260226_023113/overlay.png,0.16046925634145737,0.1579803466796875,0.0903167724609375,secondary,494.0,00:08:14,493.23333333333335,00:08:13.233,20260226_023322.tiff,processed/aligned/000287_20260226_023113/mask_80c.png,24449,0.0746124267578125
000288_20260226_023114,exported,20260226_023114.tiff,2026-02-26 02:31:14,364.94109589041096,00:06:04.941,10948,raw/thermal/20260226_023114.tiff,processed/aligned/000288_20260226_023114/thermal.tiff,processed/aligned/000288_20260226_023114/thermal.png,processed/aligned/000288_20260226_023114/video.png,processed/aligned/000288_20260226_023114/overlay.png,0.12789978086948395,0.203057861328125,0.017919921875,secondary,494.0,00:08:14,493.23333333333335,00:08:13.233,20260226_023322.tiff,processed/aligned/000288_20260226_023114/mask_80c.png,30089,0.0918243408203125
000289_20260226_023115,exported,20260226_023115.tiff,2026-02-26 02:31:15,365.9433789954338,00:06:05.943,10978,raw/thermal/20260226_023115.tiff,processed/aligned/000289_20260226_023115/thermal.tiff,processed/aligned/000289_20260226_023115/thermal.png,processed/aligned/000289_20260226_023115/video.png,processed/aligned/000289_20260226_023115/overlay.png,0.10760265402495861,0.15947265625,0.046466064453125,secondary,494.0,00:08:14,493.23333333333335,00:08:13.233,20260226_023322.tiff,processed/aligned/000289_20260226_023115/mask_80c.png,37273,0.1137481689453125
000290_20260226_023116,exported,20260226_023116.tiff,2026-02-26 02:31:16,366.9456621004566,00:06:06.946,11008,raw/thermal/20260226_023116.tiff,processed/aligned/000290_20260226_023116/thermal.tiff,processed/aligned/000290_20260226_023116/thermal.png,processed/aligned/000290_20260226_023116/video.png,processed/aligned/000290_20260226_023116/overlay.png,0.11678260937333107,0.1542022705078125,0.0555633544921875,secondary,494.0,00:08:14,493.23333333333335,00:08:13.233,20260226_023322.tiff,processed/aligned/000290_20260226_023116/mask_80c.png,51160,0.1561279296875
000291_20260226_023117,exported,20260226_023117.tiff,2026-02-26 02:31:17,367.94794520547947,00:06:07.948,11038,raw/thermal/20260226_023117.tiff,processed/aligned/000291_20260226_023117/thermal.tiff,processed/aligned/000291_20260226_023117/thermal.png,processed/aligned/000291_20260226_023117/video.png,processed/aligned/000291_20260226_023117/overlay.png,0.13275115936994553,0.180413818359375,0.16549072265625,secondary,494.0,00:08:14,493.23333333333335,00:08:13.233,20260226_023322.tiff,processed/aligned/000291_20260226_023117/mask_80c.png,27466,0.083819580078125
000292_20260226_023118,exported,20260226_023118.tiff,2026-02-26 02:31:18,368.9502283105023,00:06:08.950,11069,raw/thermal/20260226_023118.tiff,processed/aligned/000292_20260226_023118/thermal.tiff,processed/aligned/000292_20260226_023118/thermal.png,processed/aligned/000292_20260226_023118/video.png,processed/aligned/000292_20260226_023118/overlay.png,0.10843103379011154,0.1641387939453125,0.0215087890625,secondary,494.0,00:08:14,493.23333333333335,00:08:13.233,20260226_023322.tiff,processed/aligned/000292_20260226_023118/mask_80c.png,29717,0.0906890869140625
000293_20260226_023119,exported,20260226_023119.tiff,2026-02-26 02:31:19,369.9525114155251,00:06:09.953,11099,raw/thermal/20260226_023119.tiff,processed/aligned/000293_20260226_023119/thermal.tiff,processed/aligned/000293_20260226_023119/thermal.png,processed/aligned/000293_20260226_023119/video.png,processed/aligned/000293_20260226_023119/overlay.png,0.11357730440795422,0.1881378173828125,0.0819915771484375,secondary,494.0,00:08:14,493.23333333333335,00:08:13.233,20260226_023322.tiff,processed/aligned/000293_20260226_023119/mask_80c.png,43058,0.131402587890625
000294_20260226_023120,exported,20260226_023120.tiff,2026-02-26 02:31:20,370.954794520548,00:06:10.955,11129,raw/thermal/20260226_023120.tiff,processed/aligned/000294_20260226_023120/thermal.tiff,processed/aligned/000294_20260226_023120/thermal.png,processed/aligned/000294_20260226_023120/video.png,processed/aligned/000294_20260226_023120/overlay.png,0.14909761771559715,0.1305450439453125,0.086279296875,secondary,494.0,00:08:14,493.23333333333335,00:08:13.233,20260226_023322.tiff,processed/aligned/000294_20260226_023120/mask_80c.png,26919,0.0821502685546875
000295_20260226_023121,exported,20260226_023121.tiff,2026-02-26 02:31:21,371.9570776255708,00:06:11.957,11159,raw/thermal/20260226_023121.tiff,processed/aligned/000295_20260226_023121/thermal.tiff,processed/aligned/000295_20260226_023121/thermal.png,processed/aligned/000295_20260226_023121/video.png,processed/aligned/000295_20260226_023121/overlay.png,0.1837809793651104,0.1701629638671875,0.0956878662109375,secondary,494.0,00:08:14,493.23333333333335,00:08:13.233,20260226_023322.tiff,processed/aligned/000295_20260226_023121/mask_80c.png,42341,0.1292144775390625
000296_20260226_023122,exported,20260226_023122.tiff,2026-02-26 02:31:22,372.95936073059363,00:06:12.959,11189,raw/thermal/20260226_023122.tiff,processed/aligned/000296_20260226_023122/thermal.tiff,processed/aligned/000296_20260226_023122/thermal.png,processed/aligned/000296_20260226_023122/video.png,processed/aligned/000296_20260226_023122/overlay.png,0.1706901639699936,0.2085601806640625,0.0263275146484375,secondary,494.0,00:08:14,493.23333333333335,00:08:13.233,20260226_023322.tiff,processed/aligned/000296_20260226_023122/mask_80c.png,129908,0.39644775390625
000297_20260226_023123,exported,20260226_023123.tiff,2026-02-26 02:31:23,373.9616438356164,00:06:13.962,11219,raw/thermal/20260226_023123.tiff,processed/aligned/000297_20260226_023123/thermal.tiff,processed/aligned/000297_20260226_023123/thermal.png,processed/aligned/000297_20260226_023123/video.png,processed/aligned/000297_20260226_023123/overlay.png,0.15400004014372826,0.1966888427734375,0.04249267578125,secondary,494.0,00:08:14,493.23333333333335,00:08:13.233,20260226_023322.tiff,processed/aligned/000297_20260226_023123/mask_80c.png,168878,0.515374755859375
000298_20260226_023124,exported,20260226_023124.tiff,2026-02-26 02:31:24,374.9639269406393,00:06:14.964,11249,raw/thermal/20260226_023124.tiff,processed/aligned/000298_20260226_023124/thermal.tiff,processed/aligned/000298_20260226_023124/thermal.png,processed/aligned/000298_20260226_023124/video.png,processed/aligned/000298_20260226_023124/overlay.png,0.13070301013067365,0.169598388671875,0.009814453125,secondary,494.0,00:08:14,493.23333333333335,00:08:13.233,20260226_023322.tiff,processed/aligned/000298_20260226_023124/mask_80c.png,77454,0.236370849609375
000299_20260226_023125,exported,20260226_023125.tiff,2026-02-26 02:31:25,375.96621004566214,00:06:15.966,11279,raw/thermal/20260226_023125.tiff,processed/aligned/000299_20260226_023125/thermal.tiff,processed/aligned/000299_20260226_023125/thermal.png,processed/aligned/000299_20260226_023125/video.png,processed/aligned/000299_20260226_023125/overlay.png,0.10641210153698921,0.1702178955078125,0.0070281982421875,secondary,494.0,00:08:14,493.23333333333335,00:08:13.233,20260226_023322.tiff,processed/aligned/000299_20260226_023125/mask_80c.png,35208,0.1074462890625
000300_20260226_023126,exported,20260226_023126.tiff,2026-02-26 02:31:26,376.96849315068494,00:06:16.968,11309,raw/thermal/20260226_023126.tiff,processed/aligned/000300_20260226_023126/thermal.tiff,processed/aligned/000300_20260226_023126/thermal.png,processed/aligned/000300_20260226_023126/video.png,processed/aligned/000300_20260226_023126/overlay.png,0.09473833441734314,0.14217529296875,0.0003570556640625,secondary,494.0,00:08:14,493.23333333333335,00:08:13.233,20260226_023322.tiff,processed/aligned/000300_20260226_023126/mask_80c.png,23374,0.071331787109375
000301_20260226_023127,exported,20260226_023127.tiff,2026-02-26 02:31:27,377.9707762557078,00:06:17.971,11339,raw/thermal/20260226_023127.tiff,processed/aligned/000301_20260226_023127/thermal.tiff,processed/aligned/000301_20260226_023127/thermal.png,processed/aligned/000301_20260226_023127/video.png,processed/aligned/000301_20260226_023127/overlay.png,0.1082494854927063,0.167913818359375,0.0,secondary,494.0,00:08:14,493.23333333333335,00:08:13.233,20260226_023322.tiff,processed/aligned/000301_20260226_023127/mask_80c.png,37347,0.1139739990234375
000302_20260226_023128,exported,20260226_023128.tiff,2026-02-26 02:31:28,378.9730593607306,00:06:18.973,11369,raw/thermal/20260226_023128.tiff,processed/aligned/000302_20260226_023128/thermal.tiff,processed/aligned/000302_20260226_023128/thermal.png,processed/aligned/000302_20260226_023128/video.png,processed/aligned/000302_20260226_023128/overlay.png,0.12186944927088916,0.204150390625,0.0015838623046875,secondary,494.0,00:08:14,493.23333333333335,00:08:13.233,20260226_023322.tiff,processed/aligned/000302_20260226_023128/mask_80c.png,93596,0.28563232421875
000303_20260226_023129,exported,20260226_023129.tiff,2026-02-26 02:31:29,379.97534246575344,00:06:19.975,11399,raw/thermal/20260226_023129.tiff,processed/aligned/000303_20260226_023129/thermal.tiff,processed/aligned/000303_20260226_023129/thermal.png,processed/aligned/000303_20260226_023129/video.png,processed/aligned/000303_20260226_023129/overlay.png,0.18192563392221928,0.2151031494140625,0.0324920654296875,secondary,494.0,00:08:14,493.23333333333335,00:08:13.233,20260226_023322.tiff,processed/aligned/000303_20260226_023129/mask_80c.png,158816,0.48466796875
000304_20260226_023130,exported,20260226_023130.tiff,2026-02-26 02:31:30,380.9776255707763,00:06:20.978,11429,raw/thermal/20260226_023130.tiff,processed/aligned/000304_20260226_023130/thermal.tiff,processed/aligned/000304_20260226_023130/thermal.png,processed/aligned/000304_20260226_023130/video.png,processed/aligned/000304_20260226_023130/overlay.png,0.15429981984198093,0.16038818359375,0.0023345947265625,secondary,494.0,00:08:14,493.23333333333335,00:08:13.233,20260226_023322.tiff,processed/aligned/000304_20260226_023130/mask_80c.png,183345,0.5595245361328125
000305_20260226_023131,exported,20260226_023131.tiff,2026-02-26 02:31:31,381.9799086757991,00:06:21.980,11459,raw/thermal/20260226_023131.tiff,processed/aligned/000305_20260226_023131/thermal.tiff,processed/aligned/000305_20260226_023131/thermal.png,processed/aligned/000305_20260226_023131/video.png,processed/aligned/000305_20260226_023131/overlay.png,0.1308091033133678,0.1617462158203125,0.001220703125,secondary,494.0,00:08:14,493.23333333333335,00:08:13.233,20260226_023322.tiff,processed/aligned/000305_20260226_023131/mask_80c.png,182103,0.5557342529296875
000306_20260226_023132,exported,20260226_023132.tiff,2026-02-26 02:31:32,382.98219178082195,00:06:22.982,11489,raw/thermal/20260226_023132.tiff,processed/aligned/000306_20260226_023132/thermal.tiff,processed/aligned/000306_20260226_023132/thermal.png,processed/aligned/000306_20260226_023132/video.png,processed/aligned/000306_20260226_023132/overlay.png,0.12328511476516724,0.210284423828125,6.103515625e-05,secondary,494.0,00:08:14,493.23333333333335,00:08:13.233,20260226_023322.tiff,processed/aligned/000306_20260226_023132/mask_80c.png,102525,0.3128814697265625
000307_20260226_023133,exported,20260226_023133.tiff,2026-02-26 02:31:33,383.98447488584475,00:06:23.984,11520,raw/thermal/20260226_023133.tiff,processed/aligned/000307_20260226_023133/thermal.tiff,processed/aligned/000307_20260226_023133/thermal.png,processed/aligned/000307_20260226_023133/video.png,processed/aligned/000307_20260226_023133/overlay.png,0.13078276079613715,0.1923614501953125,0.00057373046875,secondary,494.0,00:08:14,493.23333333333335,00:08:13.233,20260226_023322.tiff,processed/aligned/000307_20260226_023133/mask_80c.png,121637,0.3712066650390625
000308_20260226_023134,exported,20260226_023134.tiff,2026-02-26 02:31:34,384.9867579908676,00:06:24.987,11550,raw/thermal/20260226_023134.tiff,processed/aligned/000308_20260226_023134/thermal.tiff,processed/aligned/000308_20260226_023134/thermal.png,processed/aligned/000308_20260226_023134/video.png,processed/aligned/000308_20260226_023134/overlay.png,0.13676721090450883,0.2175262451171875,0.0001739501953125,secondary,494.0,00:08:14,493.23333333333335,00:08:13.233,20260226_023322.tiff,processed/aligned/000308_20260226_023134/mask_80c.png,124693,0.3805328369140625
000309_20260226_023135,exported,20260226_023135.tiff,2026-02-26 02:31:35,385.9890410958904,00:06:25.989,11580,raw/thermal/20260226_023135.tiff,processed/aligned/000309_20260226_023135/thermal.tiff,processed/aligned/000309_20260226_023135/thermal.png,processed/aligned/000309_20260226_023135/video.png,processed/aligned/000309_20260226_023135/overlay.png,0.11626172065734863,0.1614105224609375,7.32421875e-05,secondary,494.0,00:08:14,493.23333333333335,00:08:13.233,20260226_023322.tiff,processed/aligned/000309_20260226_023135/mask_80c.png,56508,0.17244873046875
000310_20260226_023136,exported,20260226_023136.tiff,2026-02-26 02:31:36,386.99132420091325,00:06:26.991,11610,raw/thermal/20260226_023136.tiff,processed/aligned/000310_20260226_023136/thermal.tiff,processed/aligned/000310_20260226_023136/thermal.png,processed/aligned/000310_20260226_023136/video.png,processed/aligned/000310_20260226_023136/overlay.png,0.1316344439983368,0.2046173095703125,0.0,secondary,494.0,00:08:14,493.23333333333335,00:08:13.233,20260226_023322.tiff,processed/aligned/000310_20260226_023136/mask_80c.png,96395,0.2941741943359375
000311_20260226_023137,exported,20260226_023137.tiff,2026-02-26 02:31:37,387.9936073059361,00:06:27.994,11640,raw/thermal/20260226_023137.tiff,processed/aligned/000311_20260226_023137/thermal.tiff,processed/aligned/000311_20260226_023137/thermal.png,processed/aligned/000311_20260226_023137/video.png,processed/aligned/000311_20260226_023137/overlay.png,0.12905849516391754,0.2221893310546875,7.62939453125e-05,secondary,494.0,00:08:14,493.23333333333335,00:08:13.233,20260226_023322.tiff,processed/aligned/000311_20260226_023137/mask_80c.png,119720,0.3653564453125
000312_20260226_023138,exported,20260226_023138.tiff,2026-02-26 02:31:38,388.9958904109589,00:06:28.996,11670,raw/thermal/20260226_023138.tiff,processed/aligned/000312_20260226_023138/thermal.tiff,processed/aligned/000312_20260226_023138/thermal.png,processed/aligned/000312_20260226_023138/video.png,processed/aligned/000312_20260226_023138/overlay.png,0.13003024458885193,0.1994598388671875,0.0,secondary,494.0,00:08:14,493.23333333333335,00:08:13.233,20260226_023322.tiff,processed/aligned/000312_20260226_023138/mask_80c.png,79274,0.241925048828125
000313_20260226_023139,exported,20260226_023139.tiff,2026-02-26 02:31:39,389.99817351598176,00:06:29.998,11700,raw/thermal/20260226_023139.tiff,processed/aligned/000313_20260226_023139/thermal.tiff,processed/aligned/000313_20260226_023139/thermal.png,processed/aligned/000313_20260226_023139/video.png,processed/aligned/000313_20260226_023139/overlay.png,0.11019335495075211,0.1983551025390625,0.00223388671875,secondary,494.0,00:08:14,493.23333333333335,00:08:13.233,20260226_023322.tiff,processed/aligned/000313_20260226_023139/mask_80c.png,122809,0.3747833251953125
000314_20260226_023140,exported,20260226_023140.tiff,2026-02-26 02:31:40,391.00045662100456,00:06:31,11730,raw/thermal/20260226_023140.tiff,processed/aligned/000314_20260226_023140/thermal.tiff,processed/aligned/000314_20260226_023140/thermal.png,processed/aligned/000314_20260226_023140/video.png,processed/aligned/000314_20260226_023140/overlay.png,0.09924900170881301,0.2325897216796875,0.011102294921875,secondary,494.0,00:08:14,493.23333333333335,00:08:13.233,20260226_023322.tiff,processed/aligned/000314_20260226_023140/mask_80c.png,138769,0.4234893798828125
000315_20260226_023141,exported,20260226_023141.tiff,2026-02-26 02:31:41,392.0027397260274,00:06:32.003,11760,raw/thermal/20260226_023141.tiff,processed/aligned/000315_20260226_023141/thermal.tiff,processed/aligned/000315_20260226_023141/thermal.png,processed/aligned/000315_20260226_023141/video.png,processed/aligned/000315_20260226_023141/overlay.png,0.10536611266434193,0.2275360107421875,0.0587615966796875,secondary,494.0,00:08:14,493.23333333333335,00:08:13.233,20260226_023322.tiff,processed/aligned/000315_20260226_023141/mask_80c.png,104822,0.319891357421875
000316_20260226_023142,exported,20260226_023142.tiff,2026-02-26 02:31:42,393.00502283105027,00:06:33.005,11790,raw/thermal/20260226_023142.tiff,processed/aligned/000316_20260226_023142/thermal.tiff,processed/aligned/000316_20260226_023142/thermal.png,processed/aligned/000316_20260226_023142/video.png,processed/aligned/000316_20260226_023142/overlay.png,0.1937384009361267,0.2335418701171875,0.1040557861328125,secondary,494.0,00:08:14,493.23333333333335,00:08:13.233,20260226_023322.tiff,processed/aligned/000316_20260226_023142/mask_80c.png,110325,0.3366851806640625
000317_20260226_023143,exported,20260226_023143.tiff,2026-02-26 02:31:43,394.00730593607307,00:06:34.007,11820,raw/thermal/20260226_023143.tiff,processed/aligned/000317_20260226_023143/thermal.tiff,processed/aligned/000317_20260226_023143/thermal.png,processed/aligned/000317_20260226_023143/video.png,processed/aligned/000317_20260226_023143/overlay.png,0.28171707689762115,0.2274169921875,0.1542388916015625,secondary,494.0,00:08:14,493.23333333333335,00:08:13.233,20260226_023322.tiff,processed/aligned/000317_20260226_023143/mask_80c.png,122263,0.3731170654296875
000318_20260226_023144,exported,20260226_023144.tiff,2026-02-26 02:31:44,395.0095890410959,00:06:35.010,11850,raw/thermal/20260226_023144.tiff,processed/aligned/000318_20260226_023144/thermal.tiff,processed/aligned/000318_20260226_023144/thermal.png,processed/aligned/000318_20260226_023144/video.png,processed/aligned/000318_20260226_023144/overlay.png,0.24332906678318977,0.2190216064453125,0.1242279052734375,secondary,494.0,00:08:14,493.23333333333335,00:08:13.233,20260226_023322.tiff,processed/aligned/000318_20260226_023144/mask_80c.png,105346,0.321490478515625
000319_20260226_023145,exported,20260226_023145.tiff,2026-02-26 02:31:45,396.0118721461187,00:06:36.012,11880,raw/thermal/20260226_023145.tiff,processed/aligned/000319_20260226_023145/thermal.tiff,processed/aligned/000319_20260226_023145/thermal.png,processed/aligned/000319_20260226_023145/video.png,processed/aligned/000319_20260226_023145/overlay.png,0.24562092125415802,0.1810546875,0.13760986328125,secondary,494.0,00:08:14,493.23333333333335,00:08:13.233,20260226_023322.tiff,processed/aligned/000319_20260226_023145/mask_80c.png,118492,0.36160888671875
000320_20260226_023146,exported,20260226_023146.tiff,2026-02-26 02:31:46,397.0141552511416,00:06:37.014,11910,raw/thermal/20260226_023146.tiff,processed/aligned/000320_20260226_023146/thermal.tiff,processed/aligned/000320_20260226_023146/thermal.png,processed/aligned/000320_20260226_023146/video.png,processed/aligned/000320_20260226_023146/overlay.png,0.21651220694184303,0.1261199951171875,0.16876220703125,secondary,494.0,00:08:14,493.23333333333335,00:08:13.233,20260226_023322.tiff,processed/aligned/000320_20260226_023146/mask_80c.png,99039,0.3022430419921875
000321_20260226_023147,exported,20260226_023147.tiff,2026-02-26 02:31:47,398.01643835616443,00:06:38.016,11940,raw/thermal/20260226_023147.tiff,processed/aligned/000321_20260226_023147/thermal.tiff,processed/aligned/000321_20260226_023147/thermal.png,processed/aligned/000321_20260226_023147/video.png,processed/aligned/000321_20260226_023147/overlay.png,0.22034882381558418,0.129931640625,0.2016387939453125,secondary,494.0,00:08:14,493.23333333333335,00:08:13.233,20260226_023322.tiff,processed/aligned/000321_20260226_023147/mask_80c.png,93860,0.28643798828125
000322_20260226_023148,exported,20260226_023148.tiff,2026-02-26 02:31:48,399.0187214611872,00:06:39.019,11971,raw/thermal/20260226_023148.tiff,processed/aligned/000322_20260226_023148/thermal.tiff,processed/aligned/000322_20260226_023148/thermal.png,processed/aligned/000322_20260226_023148/video.png,processed/aligned/000322_20260226_023148/overlay.png,0.21127209439873695,0.1870635986328125,0.2281463623046875,secondary,494.0,00:08:14,493.23333333333335,00:08:13.233,20260226_023322.tiff,processed/aligned/000322_20260226_023148/mask_80c.png,69857,0.2131866455078125
000323_20260226_023149,exported,20260226_023149.tiff,2026-02-26 02:31:49,400.0210045662101,00:06:40.021,12001,raw/thermal/20260226_023149.tiff,processed/aligned/000323_20260226_023149/thermal.tiff,processed/aligned/000323_20260226_023149/thermal.png,processed/aligned/000323_20260226_023149/video.png,processed/aligned/000323_20260226_023149/overlay.png,0.3510717377066612,0.1877227783203125,0.3865692138671875,secondary,494.0,00:08:14,493.23333333333335,00:08:13.233,20260226_023322.tiff,processed/aligned/000323_20260226_023149/mask_80c.png,4734,0.014447021484375
000324_20260226_023150,exported,20260226_023150.tiff,2026-02-26 02:31:50,401.0232876712329,00:06:41.023,12031,raw/thermal/20260226_023150.tiff,processed/aligned/000324_20260226_023150/thermal.tiff,processed/aligned/000324_20260226_023150/thermal.png,processed/aligned/000324_20260226_023150/video.png,processed/aligned/000324_20260226_023150/overlay.png,0.19619128853082657,0.146282958984375,0.2010650634765625,secondary,494.0,00:08:14,493.23333333333335,00:08:13.233,20260226_023322.tiff,processed/aligned/000324_20260226_023150/mask_80c.png,59847,0.1826385498046875
000325_20260226_023151,exported,20260226_023151.tiff,2026-02-26 02:31:51,402.02557077625573,00:06:42.026,12061,raw/thermal/20260226_023151.tiff,processed/aligned/000325_20260226_023151/thermal.tiff,processed/aligned/000325_20260226_023151/thermal.png,processed/aligned/000325_20260226_023151/video.png,processed/aligned/000325_20260226_023151/overlay.png,0.2742813527584076,0.117578125,0.3447021484375,secondary,494.0,00:08:14,493.23333333333335,00:08:13.233,20260226_023322.tiff,processed/aligned/000325_20260226_023151/mask_80c.png,6354,0.019390869140625
000326_20260226_023152,exported,20260226_023152.tiff,2026-02-26 02:31:52,403.02785388127853,00:06:43.028,12091,raw/thermal/20260226_023152.tiff,processed/aligned/000326_20260226_023152/thermal.tiff,processed/aligned/000326_20260226_023152/thermal.png,processed/aligned/000326_20260226_023152/video.png,processed/aligned/000326_20260226_023152/overlay.png,0.22078976780176163,0.1231689453125,0.30335693359375,secondary,494.0,00:08:14,493.23333333333335,00:08:13.233,20260226_023322.tiff,processed/aligned/000326_20260226_023152/mask_80c.png,27513,0.0839630126953125
000327_20260226_023153,exported,20260226_023153.tiff,2026-02-26 02:31:53,404.0301369863014,00:06:44.030,12121,raw/thermal/20260226_023153.tiff,processed/aligned/000327_20260226_023153/thermal.tiff,processed/aligned/000327_20260226_023153/thermal.png,processed/aligned/000327_20260226_023153/video.png,processed/aligned/000327_20260226_023153/overlay.png,0.1908525750041008,0.118292236328125,0.30963134765625,secondary,494.0,00:08:14,493.23333333333335,00:08:13.233,20260226_023322.tiff,processed/aligned/000327_20260226_023153/mask_80c.png,35318,0.107781982421875
000328_20260226_023154,exported,20260226_023154.tiff,2026-02-26 02:31:54,405.03242009132424,00:06:45.032,12151,raw/thermal/20260226_023154.tiff,processed/aligned/000328_20260226_023154/thermal.tiff,processed/aligned/000328_20260226_023154/thermal.png,processed/aligned/000328_20260226_023154/video.png,processed/aligned/000328_20260226_023154/overlay.png,0.1756589114665985,0.1135467529296875,0.2636505126953125,secondary,494.0,00:08:14,493.23333333333335,00:08:13.233,20260226_023322.tiff,processed/aligned/000328_20260226_023154/mask_80c.png,26697,0.0814727783203125
000329_20260226_023155,exported,20260226_023155.tiff,2026-02-26 02:31:55,406.03470319634704,00:06:46.035,12181,raw/thermal/20260226_023155.tiff,processed/aligned/000329_20260226_023155/thermal.tiff,processed/aligned/000329_20260226_023155/thermal.png,processed/aligned/000329_20260226_023155/video.png,processed/aligned/000329_20260226_023155/overlay.png,0.292084775865078,0.123370361328125,0.3327667236328125,secondary,494.0,00:08:14,493.23333333333335,00:08:13.233,20260226_023322.tiff,processed/aligned/000329_20260226_023155/mask_80c.png,2586,0.007891845703125
000330_20260226_023156,exported,20260226_023156.tiff,2026-02-26 02:31:56,407.0369863013699,00:06:47.037,12211,raw/thermal/20260226_023156.tiff,processed/aligned/000330_20260226_023156/thermal.tiff,processed/aligned/000330_20260226_023156/thermal.png,processed/aligned/000330_20260226_023156/video.png,processed/aligned/000330_20260226_023156/overlay.png,0.27919936552643776,0.1476593017578125,0.2955657958984375,secondary,494.0,00:08:14,493.23333333333335,00:08:13.233,20260226_023322.tiff,processed/aligned/000330_20260226_023156/mask_80c.png,8449,0.0257843017578125
000331_20260226_023157,exported,20260226_023157.tiff,2026-02-26 02:31:57,408.0392694063927,00:06:48.039,12241,raw/thermal/20260226_023157.tiff,processed/aligned/000331_20260226_023157/thermal.tiff,processed/aligned/000331_20260226_023157/thermal.png,processed/aligned/000331_20260226_023157/video.png,processed/aligned/000331_20260226_023157/overlay.png,0.12327677197754383,0.1526702880859375,0.1564544677734375,secondary,494.0,00:08:14,493.23333333333335,00:08:13.233,20260226_023322.tiff,processed/aligned/000331_20260226_023157/mask_80c.png,19153,0.0584503173828125
000332_20260226_023158,exported,20260226_023158.tiff,2026-02-26 02:31:58,409.04155251141555,00:06:49.042,12271,raw/thermal/20260226_023158.tiff,processed/aligned/000332_20260226_023158/thermal.tiff,processed/aligned/000332_20260226_023158/thermal.png,processed/aligned/000332_20260226_023158/video.png,processed/aligned/000332_20260226_023158/overlay.png,0.19141339138150215,0.233697509765625,0.0585174560546875,secondary,494.0,00:08:14,493.23333333333335,00:08:13.233,20260226_023322.tiff,processed/aligned/000332_20260226_023158/mask_80c.png,14528,0.0443359375
000333_20260226_023159,exported,20260226_023159.tiff,2026-02-26 02:31:59,410.0438356164384,00:06:50.044,12301,raw/thermal/20260226_023159.tiff,processed/aligned/000333_20260226_023159/thermal.tiff,processed/aligned/000333_20260226_023159/thermal.png,processed/aligned/000333_20260226_023159/video.png,processed/aligned/000333_20260226_023159/overlay.png,0.1663986388593912,0.15120849609375,0.0655914306640625,secondary,494.0,00:08:14,493.23333333333335,00:08:13.233,20260226_023322.tiff,processed/aligned/000333_20260226_023159/mask_80c.png,4527,0.0138153076171875
000334_20260226_023200,exported,20260226_023200.tiff,2026-02-26 02:32:00,411.0461187214612,00:06:51.046,12331,raw/thermal/20260226_023200.tiff,processed/aligned/000334_20260226_023200/thermal.tiff,processed/aligned/000334_20260226_023200/thermal.png,processed/aligned/000334_20260226_023200/video.png,processed/aligned/000334_20260226_023200/overlay.png,0.31164491921663284,0.147705078125,0.422637939453125,secondary,494.0,00:08:14,493.23333333333335,00:08:13.233,20260226_023322.tiff,processed/aligned/000334_20260226_023200/mask_80c.png,5502,0.016790771484375
000335_20260226_023201,exported,20260226_023201.tiff,2026-02-26 02:32:01,412.04840182648405,00:06:52.048,12361,raw/thermal/20260226_023201.tiff,processed/aligned/000335_20260226_023201/thermal.tiff,processed/aligned/000335_20260226_023201/thermal.png,processed/aligned/000335_20260226_023201/video.png,processed/aligned/000335_20260226_023201/overlay.png,0.26922646164894104,0.15753173828125,0.3218841552734375,secondary,494.0,00:08:14,493.23333333333335,00:08:13.233,20260226_023322.tiff,processed/aligned/000335_20260226_023201/mask_80c.png,13448,0.0410400390625
000336_20260226_023202,exported,20260226_023202.tiff,2026-02-26 02:32:02,413.05068493150685,00:06:53.051,12392,raw/thermal/20260226_023202.tiff,processed/aligned/000336_20260226_023202/thermal.tiff,processed/aligned/000336_20260226_023202/thermal.png,processed/aligned/000336_20260226_023202/video.png,processed/aligned/000336_20260226_023202/overlay.png,0.29987774044275284,0.1419952392578125,0.3522064208984375,secondary,494.0,00:08:14,493.23333333333335,00:08:13.233,20260226_023322.tiff,processed/aligned/000336_20260226_023202/mask_80c.png,9298,0.028375244140625
000337_20260226_023203,exported,20260226_023203.tiff,2026-02-26 02:32:03,414.0529680365297,00:06:54.053,12422,raw/thermal/20260226_023203.tiff,processed/aligned/000337_20260226_023203/thermal.tiff,processed/aligned/000337_20260226_023203/thermal.png,processed/aligned/000337_20260226_023203/video.png,processed/aligned/000337_20260226_023203/overlay.png,0.33778633177280426,0.1721160888671875,0.49376220703125,secondary,494.0,00:08:14,493.23333333333335,00:08:13.233,20260226_023322.tiff,processed/aligned/000337_20260226_023203/mask_80c.png,14434,0.044049072265625
000338_20260226_023204,exported,20260226_023204.tiff,2026-02-26 02:32:04,415.0552511415525,00:06:55.055,12452,raw/thermal/20260226_023204.tiff,processed/aligned/000338_20260226_023204/thermal.tiff,processed/aligned/000338_20260226_023204/thermal.png,processed/aligned/000338_20260226_023204/video.png,processed/aligned/000338_20260226_023204/overlay.png,0.30321621522307396,0.11055908203125,0.2695068359375,secondary,494.0,00:08:14,493.23333333333335,00:08:13.233,20260226_023322.tiff,processed/aligned/000338_20260226_023204/mask_80c.png,5478,0.016717529296875
000339_20260226_023205,exported,20260226_023205.tiff,2026-02-26 02:32:05,416.05753424657536,00:06:56.058,12482,raw/thermal/20260226_023205.tiff,processed/aligned/000339_20260226_023205/thermal.tiff,processed/aligned/000339_20260226_023205/thermal.png,processed/aligned/000339_20260226_023205/video.png,processed/aligned/000339_20260226_023205/overlay.png,0.2927948087453842,0.201666259765625,0.3521087646484375,secondary,494.0,00:08:14,493.23333333333335,00:08:13.233,20260226_023322.tiff,processed/aligned/000339_20260226_023205/mask_80c.png,8061,0.0246002197265625
000340_20260226_023206,exported,20260226_023206.tiff,2026-02-26 02:32:06,417.0598173515982,00:06:57.060,12512,raw/thermal/20260226_023206.tiff,processed/aligned/000340_20260226_023206/thermal.tiff,processed/aligned/000340_20260226_023206/thermal.png,processed/aligned/000340_20260226_023206/video.png,processed/aligned/000340_20260226_023206/overlay.png,0.20404299348592758,0.097113037109375,0.334857177734375,secondary,494.0,00:08:14,493.23333333333335,00:08:13.233,20260226_023322.tiff,processed/aligned/000340_20260226_023206/mask_80c.png,12676,0.03868408203125
000341_20260226_023207,exported,20260226_023207.tiff,2026-02-26 02:32:07,418.062100456621,00:06:58.062,12542,raw/thermal/20260226_023207.tiff,processed/aligned/000341_20260226_023207/thermal.tiff,processed/aligned/000341_20260226_023207/thermal.png,processed/aligned/000341_20260226_023207/video.png,processed/aligned/000341_20260226_023207/overlay.png,0.23038120195269585,0.1330780029296875,0.2318267822265625,secondary,494.0,00:08:14,493.23333333333335,00:08:13.233,20260226_023322.tiff,processed/aligned/000341_20260226_023207/mask_80c.png,4893,0.0149322509765625
000342_20260226_023208,exported,20260226_023208.tiff,2026-02-26 02:32:08,419.06438356164387,00:06:59.064,12572,raw/thermal/20260226_023208.tiff,processed/aligned/000342_20260226_023208/thermal.tiff,processed/aligned/000342_20260226_023208/thermal.png,processed/aligned/000342_20260226_023208/video.png,processed/aligned/000342_20260226_023208/overlay.png,0.21007589250802994,0.1649078369140625,0.2671905517578125,secondary,494.0,00:08:14,493.23333333333335,00:08:13.233,20260226_023322.tiff,processed/aligned/000342_20260226_023208/mask_80c.png,14479,0.0441864013671875
000343_20260226_023209,exported,20260226_023209.tiff,2026-02-26 02:32:09,420.06666666666666,00:07:00.067,12602,raw/thermal/20260226_023209.tiff,processed/aligned/000343_20260226_023209/thermal.tiff,processed/aligned/000343_20260226_023209/thermal.png,processed/aligned/000343_20260226_023209/video.png,processed/aligned/000343_20260226_023209/overlay.png,0.23910265788435936,0.137408447265625,0.3107086181640625,secondary,494.0,00:08:14,493.23333333333335,00:08:13.233,20260226_023322.tiff,processed/aligned/000343_20260226_023209/mask_80c.png,16215,0.0494842529296875
000344_20260226_023210,exported,20260226_023210.tiff,2026-02-26 02:32:10,421.0689497716895,00:07:01.069,12632,raw/thermal/20260226_023210.tiff,processed/aligned/000344_20260226_023210/thermal.tiff,processed/aligned/000344_20260226_023210/thermal.png,processed/aligned/000344_20260226_023210/video.png,processed/aligned/000344_20260226_023210/overlay.png,0.27328401431441307,0.165887451171875,0.2735382080078125,secondary,494.0,00:08:14,493.23333333333335,00:08:13.233,20260226_023322.tiff,processed/aligned/000344_20260226_023210/mask_80c.png,24184,0.0738037109375
000345_20260226_023211,exported,20260226_023211.tiff,2026-02-26 02:32:11,422.0712328767124,00:07:02.071,12662,raw/thermal/20260226_023211.tiff,processed/aligned/000345_20260226_023211/thermal.tiff,processed/aligned/000345_20260226_023211/thermal.png,processed/aligned/000345_20260226_023211/video.png,processed/aligned/000345_20260226_023211/overlay.png,0.26864250749349594,0.1172882080078125,0.348431396484375,secondary,494.0,00:08:14,493.23333333333335,00:08:13.233,20260226_023322.tiff,processed/aligned/000345_20260226_023211/mask_80c.png,43172,0.13175048828125
000346_20260226_023212,exported,20260226_023212.tiff,2026-02-26 02:32:12,423.07351598173517,00:07:03.074,12692,raw/thermal/20260226_023212.tiff,processed/aligned/000346_20260226_023212/thermal.tiff,processed/aligned/000346_20260226_023212/thermal.png,processed/aligned/000346_20260226_023212/video.png,processed/aligned/000346_20260226_023212/overlay.png,0.1879909634590149,0.11119384765625,0.278826904296875,secondary,494.0,00:08:14,493.23333333333335,00:08:13.233,20260226_023322.tiff,processed/aligned/000346_20260226_023212/mask_80c.png,67426,0.205767822265625
000347_20260226_023213,exported,20260226_023213.tiff,2026-02-26 02:32:13,424.075799086758,00:07:04.076,12722,raw/thermal/20260226_023213.tiff,processed/aligned/000347_20260226_023213/thermal.tiff,processed/aligned/000347_20260226_023213/thermal.png,processed/aligned/000347_20260226_023213/video.png,processed/aligned/000347_20260226_023213/overlay.png,0.217722836881876,0.170709228515625,0.2929779052734375,secondary,494.0,00:08:14,493.23333333333335,00:08:13.233,20260226_023322.tiff,processed/aligned/000347_20260226_023213/mask_80c.png,70125,0.2140045166015625
000348_20260226_023214,exported,20260226_023214.tiff,2026-02-26 02:32:14,425.0780821917808,00:07:05.078,12752,raw/thermal/20260226_023214.tiff,processed/aligned/000348_20260226_023214/thermal.tiff,processed/aligned/000348_20260226_023214/thermal.png,processed/aligned/000348_20260226_023214/video.png,processed/aligned/000348_20260226_023214/overlay.png,0.335039459168911,0.173394775390625,0.4201812744140625,secondary,494.0,00:08:14,493.23333333333335,00:08:13.233,20260226_023322.tiff,processed/aligned/000348_20260226_023214/mask_80c.png,107653,0.3285308837890625
000349_20260226_023215,exported,20260226_023215.tiff,2026-02-26 02:32:15,426.0803652968037,00:07:06.080,12782,raw/thermal/20260226_023215.tiff,processed/aligned/000349_20260226_023215/thermal.tiff,processed/aligned/000349_20260226_023215/thermal.png,processed/aligned/000349_20260226_023215/video.png,processed/aligned/000349_20260226_023215/overlay.png,0.2703724838793278,0.193536376953125,0.283087158203125,secondary,494.0,00:08:14,493.23333333333335,00:08:13.233,20260226_023322.tiff,processed/aligned/000349_20260226_023215/mask_80c.png,86346,0.263507080078125
000350_20260226_023216,exported,20260226_023216.tiff,2026-02-26 02:32:16,427.0826484018265,00:07:07.083,12812,raw/thermal/20260226_023216.tiff,processed/aligned/000350_20260226_023216/thermal.tiff,processed/aligned/000350_20260226_023216/thermal.png,processed/aligned/000350_20260226_023216/video.png,processed/aligned/000350_20260226_023216/overlay.png,0.24462268128991127,0.1612640380859375,0.3371368408203125,secondary,494.0,00:08:14,493.23333333333335,00:08:13.233,20260226_023322.tiff,processed/aligned/000350_20260226_023216/mask_80c.png,97314,0.296978759765625
000351_20260226_023217,exported,20260226_023217.tiff,2026-02-26 02:32:17,428.08493150684933,00:07:08.085,12843,raw/thermal/20260226_023217.tiff,processed/aligned/000351_20260226_023217/thermal.tiff,processed/aligned/000351_20260226_023217/thermal.png,processed/aligned/000351_20260226_023217/video.png,processed/aligned/000351_20260226_023217/overlay.png,0.2227604016661644,0.14775390625,0.3825103759765625,secondary,494.0,00:08:14,493.23333333333335,00:08:13.233,20260226_023322.tiff,processed/aligned/000351_20260226_023217/mask_80c.png,63602,0.194097900390625
000352_20260226_023218,exported,20260226_023218.tiff,2026-02-26 02:32:18,429.0872146118722,00:07:09.087,12873,raw/thermal/20260226_023218.tiff,processed/aligned/000352_20260226_023218/thermal.tiff,processed/aligned/000352_20260226_023218/thermal.png,processed/aligned/000352_20260226_023218/video.png,processed/aligned/000352_20260226_023218/overlay.png,0.2349330522119999,0.1641693115234375,0.394842529296875,secondary,494.0,00:08:14,493.23333333333335,00:08:13.233,20260226_023322.tiff,processed/aligned/000352_20260226_023218/mask_80c.png,49964,0.15247802734375
000353_20260226_023219,exported,20260226_023219.tiff,2026-02-26 02:32:19,430.089497716895,00:07:10.089,12903,raw/thermal/20260226_023219.tiff,processed/aligned/000353_20260226_023219/thermal.tiff,processed/aligned/000353_20260226_023219/thermal.png,processed/aligned/000353_20260226_023219/video.png,processed/aligned/000353_20260226_023219/overlay.png,0.2786097191274166,0.145556640625,0.47481689453125,secondary,494.0,00:08:14,493.23333333333335,00:08:13.233,20260226_023322.tiff,processed/aligned/000353_20260226_023219/mask_80c.png,33775,0.1030731201171875
000354_20260226_023220,exported,20260226_023220.tiff,2026-02-26 02:32:20,431.09178082191784,00:07:11.092,12933,raw/thermal/20260226_023220.tiff,processed/aligned/000354_20260226_023220/thermal.tiff,processed/aligned/000354_20260226_023220/thermal.png,processed/aligned/000354_20260226_023220/video.png,processed/aligned/000354_20260226_023220/overlay.png,0.2937653735280037,0.1605865478515625,0.517266845703125,secondary,494.0,00:08:14,493.23333333333335,00:08:13.233,20260226_023322.tiff,processed/aligned/000354_20260226_023220/mask_80c.png,28915,0.0882415771484375
000355_20260226_023221,exported,20260226_023221.tiff,2026-02-26 02:32:21,432.09406392694063,00:07:12.094,12963,raw/thermal/20260226_023221.tiff,processed/aligned/000355_20260226_023221/thermal.tiff,processed/aligned/000355_20260226_023221/thermal.png,processed/aligned/000355_20260226_023221/video.png,processed/aligned/000355_20260226_023221/overlay.png,0.28178146481513977,0.1346343994140625,0.5294769287109375,secondary,494.0,00:08:14,493.23333333333335,00:08:13.233,20260226_023322.tiff,processed/aligned/000355_20260226_023221/mask_80c.png,35214,0.107464599609375
000356_20260226_023222,exported,20260226_023222.tiff,2026-02-26 02:32:22,433.0963470319635,00:07:13.096,12993,raw/thermal/20260226_023222.tiff,processed/aligned/000356_20260226_023222/thermal.tiff,processed/aligned/000356_20260226_023222/thermal.png,processed/aligned/000356_20260226_023222/video.png,processed/aligned/000356_20260226_023222/overlay.png,0.3152667284011841,0.15836181640625,0.4769134521484375,secondary,494.0,00:08:14,493.23333333333335,00:08:13.233,20260226_023322.tiff,processed/aligned/000356_20260226_023222/mask_80c.png,33922,0.103521728515625
000357_20260226_023223,exported,20260226_023223.tiff,2026-02-26 02:32:23,434.09863013698634,00:07:14.099,13023,raw/thermal/20260226_023223.tiff,processed/aligned/000357_20260226_023223/thermal.tiff,processed/aligned/000357_20260226_023223/thermal.png,processed/aligned/000357_20260226_023223/video.png,processed/aligned/000357_20260226_023223/overlay.png,0.3412349671125412,0.10977783203125,0.53038330078125,secondary,494.0,00:08:14,493.23333333333335,00:08:13.233,20260226_023322.tiff,processed/aligned/000357_20260226_023223/mask_80c.png,10350,0.031585693359375
000358_20260226_023224,exported,20260226_023224.tiff,2026-02-26 02:32:24,435.10091324200914,00:07:15.101,13053,raw/thermal/20260226_023224.tiff,processed/aligned/000358_20260226_023224/thermal.tiff,processed/aligned/000358_20260226_023224/thermal.png,processed/aligned/000358_20260226_023224/video.png,processed/aligned/000358_20260226_023224/overlay.png,0.3399793729186058,0.1725921630859375,0.499713134765625,secondary,494.0,00:08:14,493.23333333333335,00:08:13.233,20260226_023322.tiff,processed/aligned/000358_20260226_023224/mask_80c.png,19672,0.0600341796875
000359_20260226_023225,exported,20260226_023225.tiff,2026-02-26 02:32:25,436.103196347032,00:07:16.103,13083,raw/thermal/20260226_023225.tiff,processed/aligned/000359_20260226_023225/thermal.tiff,processed/aligned/000359_20260226_023225/thermal.png,processed/aligned/000359_20260226_023225/video.png,processed/aligned/000359_20260226_023225/overlay.png,0.41218775510787964,0.2057769775390625,0.518780517578125,secondary,494.0,00:08:14,493.23333333333335,00:08:13.233,20260226_023322.tiff,processed/aligned/000359_20260226_023225/mask_80c.png,6237,0.0190338134765625
000360_20260226_023226,exported,20260226_023226.tiff,2026-02-26 02:32:26,437.1054794520548,00:07:17.105,13113,raw/thermal/20260226_023226.tiff,processed/aligned/000360_20260226_023226/thermal.tiff,processed/aligned/000360_20260226_023226/thermal.png,processed/aligned/000360_20260226_023226/video.png,processed/aligned/000360_20260226_023226/overlay.png,0.36844874173402786,0.1435455322265625,0.518829345703125,secondary,494.0,00:08:14,493.23333333333335,00:08:13.233,20260226_023322.tiff,processed/aligned/000360_20260226_023226/mask_80c.png,4898,0.014947509765625
000361_20260226_023227,exported,20260226_023227.tiff,2026-02-26 02:32:27,438.10776255707765,00:07:18.108,13143,raw/thermal/20260226_023227.tiff,processed/aligned/000361_20260226_023227/thermal.tiff,processed/aligned/000361_20260226_023227/thermal.png,processed/aligned/000361_20260226_023227/video.png,processed/aligned/000361_20260226_023227/overlay.png,0.42090459167957306,0.24398193359375,0.5039031982421875,secondary,494.0,00:08:14,493.23333333333335,00:08:13.233,20260226_023322.tiff,processed/aligned/000361_20260226_023227/mask_80c.png,2890,0.008819580078125
000362_20260226_023228,exported,20260226_023228.tiff,2026-02-26 02:32:28,439.1100456621005,00:07:19.110,13173,raw/thermal/20260226_023228.tiff,processed/aligned/000362_20260226_023228/thermal.tiff,processed/aligned/000362_20260226_023228/thermal.png,processed/aligned/000362_20260226_023228/video.png,processed/aligned/000362_20260226_023228/overlay.png,0.35796455293893814,0.1605377197265625,0.4661041259765625,secondary,494.0,00:08:14,493.23333333333335,00:08:13.233,20260226_023322.tiff,processed/aligned/000362_20260226_023228/mask_80c.png,6869,0.0209625244140625
000363_20260226_023229,exported,20260226_023229.tiff,2026-02-26 02:32:29,440.1123287671233,00:07:20.112,13203,raw/thermal/20260226_023229.tiff,processed/aligned/000363_20260226_023229/thermal.tiff,processed/aligned/000363_20260226_023229/thermal.png,processed/aligned/000363_20260226_023229/video.png,processed/aligned/000363_20260226_023229/overlay.png,0.4149600565433502,0.2320037841796875,0.5145721435546875,secondary,494.0,00:08:14,493.23333333333335,00:08:13.233,20260226_023322.tiff,processed/aligned/000363_20260226_023229/mask_80c.png,8,2.44140625e-05
000364_20260226_023230,exported,20260226_023230.tiff,2026-02-26 02:32:30,441.11461187214616,00:07:21.115,13233,raw/thermal/20260226_023230.tiff,processed/aligned/000364_20260226_023230/thermal.tiff,processed/aligned/000364_20260226_023230/thermal.png,processed/aligned/000364_20260226_023230/video.png,processed/aligned/000364_20260226_023230/overlay.png,0.42794299870729446,0.262921142578125,0.5009002685546875,secondary,494.0,00:08:14,493.23333333333335,00:08:13.233,20260226_023322.tiff,processed/aligned/000364_20260226_023230/mask_80c.png,0,0.0
000365_20260226_023231,exported,20260226_023231.tiff,2026-02-26 02:32:31,442.11689497716895,00:07:22.117,13264,raw/thermal/20260226_023231.tiff,processed/aligned/000365_20260226_023231/thermal.tiff,processed/aligned/000365_20260226_023231/thermal.png,processed/aligned/000365_20260226_023231/video.png,processed/aligned/000365_20260226_023231/overlay.png,0.43084997683763504,0.2537841796875,0.5243560791015625,secondary,494.0,00:08:14,493.23333333333335,00:08:13.233,20260226_023322.tiff,processed/aligned/000365_20260226_023231/mask_80c.png,0,0.0
000366_20260226_023232,exported,20260226_023232.tiff,2026-02-26 02:32:32,443.1191780821918,00:07:23.119,13294,raw/thermal/20260226_023232.tiff,processed/aligned/000366_20260226_023232/thermal.tiff,processed/aligned/000366_20260226_023232/thermal.png,processed/aligned/000366_20260226_023232/video.png,processed/aligned/000366_20260226_023232/overlay.png,0.4405863955616951,0.3148956298828125,0.4832611083984375,secondary,494.0,00:08:14,493.23333333333335,00:08:13.233,20260226_023322.tiff,processed/aligned/000366_20260226_023232/mask_80c.png,0,0.0
000367_20260226_023233,exported,20260226_023233.tiff,2026-02-26 02:32:33,444.1214611872146,00:07:24.121,13324,raw/thermal/20260226_023233.tiff,processed/aligned/000367_20260226_023233/thermal.tiff,processed/aligned/000367_20260226_023233/thermal.png,processed/aligned/000367_20260226_023233/video.png,processed/aligned/000367_20260226_023233/overlay.png,0.4045619070529938,0.2349853515625,0.48853759765625,secondary,494.0,00:08:14,493.23333333333335,00:08:13.233,20260226_023322.tiff,processed/aligned/000367_20260226_023233/mask_80c.png,0,0.0
000368_20260226_023234,exported,20260226_023234.tiff,2026-02-26 02:32:34,445.12374429223746,00:07:25.124,13354,raw/thermal/20260226_023234.tiff,processed/aligned/000368_20260226_023234/thermal.tiff,processed/aligned/000368_20260226_023234/thermal.png,processed/aligned/000368_20260226_023234/video.png,processed/aligned/000368_20260226_023234/overlay.png,0.367799773812294,0.2041351318359375,0.4194793701171875,secondary,494.0,00:08:14,493.23333333333335,00:08:13.233,20260226_023322.tiff,processed/aligned/000368_20260226_023234/mask_80c.png,160,0.00048828125
000369_20260226_023235,exported,20260226_023235.tiff,2026-02-26 02:32:35,446.1260273972603,00:07:26.126,13384,raw/thermal/20260226_023235.tiff,processed/aligned/000369_20260226_023235/thermal.tiff,processed/aligned/000369_20260226_023235/thermal.png,processed/aligned/000369_20260226_023235/video.png,processed/aligned/000369_20260226_023235/overlay.png,0.3994542136788368,0.2265899658203125,0.4762542724609375,secondary,494.0,00:08:14,493.23333333333335,00:08:13.233,20260226_023322.tiff,processed/aligned/000369_20260226_023235/mask_80c.png,71,0.0002166748046875
000370_20260226_023236,exported,20260226_023236.tiff,2026-02-26 02:32:36,447.1283105022831,00:07:27.128,13414,raw/thermal/20260226_023236.tiff,processed/aligned/000370_20260226_023236/thermal.tiff,processed/aligned/000370_20260226_023236/thermal.png,processed/aligned/000370_20260226_023236/video.png,processed/aligned/000370_20260226_023236/overlay.png,0.32593125104904175,0.12001953125,0.455419921875,secondary,494.0,00:08:14,493.23333333333335,00:08:13.233,20260226_023322.tiff,processed/aligned/000370_20260226_023236/mask_80c.png,3815,0.0116424560546875
000371_20260226_023237,exported,20260226_023237.tiff,2026-02-26 02:32:37,448.13059360730597,00:07:28.131,13444,raw/thermal/20260226_023237.tiff,processed/aligned/000371_20260226_023237/thermal.tiff,processed/aligned/000371_20260226_023237/thermal.png,processed/aligned/000371_20260226_023237/video.png,processed/aligned/000371_20260226_023237/overlay.png,0.35281920433044434,0.1669921875,0.47877197265625,secondary,494.0,00:08:14,493.23333333333335,00:08:13.233,20260226_023322.tiff,processed/aligned/000371_20260226_023237/mask_80c.png,2994,0.009136962890625
000372_20260226_023238,exported,20260226_023238.tiff,2026-02-26 02:32:38,449.13287671232877,00:07:29.133,13474,raw/thermal/20260226_023238.tiff,processed/aligned/000372_20260226_023238/thermal.tiff,processed/aligned/000372_20260226_023238/thermal.png,processed/aligned/000372_20260226_023238/video.png,processed/aligned/000372_20260226_023238/overlay.png,0.3596935197710991,0.18447265625,0.438726806640625,secondary,494.0,00:08:14,493.23333333333335,00:08:13.233,20260226_023322.tiff,processed/aligned/000372_20260226_023238/mask_80c.png,1656,0.0050537109375
000373_20260226_023239,exported,20260226_023239.tiff,2026-02-26 02:32:39,450.1351598173516,00:07:30.135,13504,raw/thermal/20260226_023239.tiff,processed/aligned/000373_20260226_023239/thermal.tiff,processed/aligned/000373_20260226_023239/thermal.png,processed/aligned/000373_20260226_023239/video.png,processed/aligned/000373_20260226_023239/overlay.png,0.3931509256362915,0.206219482421875,0.46116943359375,secondary,494.0,00:08:14,493.23333333333335,00:08:13.233,20260226_023322.tiff,processed/aligned/000373_20260226_023239/mask_80c.png,0,0.0
000374_20260226_023240,exported,20260226_023240.tiff,2026-02-26 02:32:40,451.1374429223745,00:07:31.137,13534,raw/thermal/20260226_023240.tiff,processed/aligned/000374_20260226_023240/thermal.tiff,processed/aligned/000374_20260226_023240/thermal.png,processed/aligned/000374_20260226_023240/video.png,processed/aligned/000374_20260226_023240/overlay.png,0.3794291168451309,0.2056182861328125,0.46927490234375,secondary,494.0,00:08:14,493.23333333333335,00:08:13.233,20260226_023322.tiff,processed/aligned/000374_20260226_023240/mask_80c.png,0,0.0
000375_20260226_023241,exported,20260226_023241.tiff,2026-02-26 02:32:41,452.1397260273973,00:07:32.140,13564,raw/thermal/20260226_023241.tiff,processed/aligned/000375_20260226_023241/thermal.tiff,processed/aligned/000375_20260226_023241/thermal.png,processed/aligned/000375_20260226_023241/video.png,processed/aligned/000375_20260226_023241/overlay.png,0.4125824198126793,0.275128173828125,0.491461181640625,secondary,494.0,00:08:14,493.23333333333335,00:08:13.233,20260226_023322.tiff,processed/aligned/000375_20260226_023241/mask_80c.png,0,0.0
000376_20260226_023242,exported,20260226_023242.tiff,2026-02-26 02:32:42,453.1420091324201,00:07:33.142,13594,raw/thermal/20260226_023242.tiff,processed/aligned/000376_20260226_023242/thermal.tiff,processed/aligned/000376_20260226_023242/thermal.png,processed/aligned/000376_20260226_023242/video.png,processed/aligned/000376_20260226_023242/overlay.png,0.3883638307452202,0.2268951416015625,0.4823760986328125,secondary,494.0,00:08:14,493.23333333333335,00:08:13.233,20260226_023322.tiff,processed/aligned/000376_20260226_023242/mask_80c.png,0,0.0
000377_20260226_023243,exported,20260226_023243.tiff,2026-02-26 02:32:43,454.1442922374429,00:07:34.144,13624,raw/thermal/20260226_023243.tiff,processed/aligned/000377_20260226_023243/thermal.tiff,processed/aligned/000377_20260226_023243/thermal.png,processed/aligned/000377_20260226_023243/video.png,processed/aligned/000377_20260226_023243/overlay.png,0.4215133711695671,0.2924285888671875,0.4440826416015625,secondary,494.0,00:08:14,493.23333333333335,00:08:13.233,20260226_023322.tiff,processed/aligned/000377_20260226_023243/mask_80c.png,0,0.0
000378_20260226_023244,exported,20260226_023244.tiff,2026-02-26 02:32:44,455.1465753424658,00:07:35.147,13654,raw/thermal/20260226_023244.tiff,processed/aligned/000378_20260226_023244/thermal.tiff,processed/aligned/000378_20260226_023244/thermal.png,processed/aligned/000378_20260226_023244/video.png,processed/aligned/000378_20260226_023244/overlay.png,0.40523819625377655,0.265228271484375,0.4698577880859375,secondary,494.0,00:08:14,493.23333333333335,00:08:13.233,20260226_023322.tiff,processed/aligned/000378_20260226_023244/mask_80c.png,0,0.0
000379_20260226_023245,exported,20260226_023245.tiff,2026-02-26 02:32:45,456.1488584474886,00:07:36.149,13684,raw/thermal/20260226_023245.tiff,processed/aligned/000379_20260226_023245/thermal.tiff,processed/aligned/000379_20260226_023245/thermal.png,processed/aligned/000379_20260226_023245/video.png,processed/aligned/000379_20260226_023245/overlay.png,0.3984419032931328,0.22027587890625,0.4911895751953125,secondary,494.0,00:08:14,493.23333333333335,00:08:13.233,20260226_023322.tiff,processed/aligned/000379_20260226_023245/mask_80c.png,0,0.0
000380_20260226_023246,exported,20260226_023246.tiff,2026-02-26 02:32:46,457.15114155251143,00:07:37.151,13715,raw/thermal/20260226_023246.tiff,processed/aligned/000380_20260226_023246/thermal.tiff,processed/aligned/000380_20260226_023246/thermal.png,processed/aligned/000380_20260226_023246/video.png,processed/aligned/000380_20260226_023246/overlay.png,0.3960975706577301,0.211376953125,0.4850555419921875,secondary,494.0,00:08:14,493.23333333333335,00:08:13.233,20260226_023322.tiff,processed/aligned/000380_20260226_023246/mask_80c.png,0,0.0
000381_20260226_023247,exported,20260226_023247.tiff,2026-02-26 02:32:47,458.1534246575343,00:07:38.153,13745,raw/thermal/20260226_023247.tiff,processed/aligned/000381_20260226_023247/thermal.tiff,processed/aligned/000381_20260226_023247/thermal.png,processed/aligned/000381_20260226_023247/video.png,processed/aligned/000381_20260226_023247/overlay.png,0.4237322509288788,0.2607391357421875,0.4875457763671875,secondary,494.0,00:08:14,493.23333333333335,00:08:13.233,20260226_023322.tiff,processed/aligned/000381_20260226_023247/mask_80c.png,0,0.0
000382_20260226_023248,exported,20260226_023248.tiff,2026-02-26 02:32:48,459.1557077625571,00:07:39.156,13775,raw/thermal/20260226_023248.tiff,processed/aligned/000382_20260226_023248/thermal.tiff,processed/aligned/000382_20260226_023248/thermal.png,processed/aligned/000382_20260226_023248/video.png,processed/aligned/000382_20260226_023248/overlay.png,0.4217854514718056,0.279644775390625,0.4735382080078125,secondary,494.0,00:08:14,493.23333333333335,00:08:13.233,20260226_023322.tiff,processed/aligned/000382_20260226_023248/mask_80c.png,0,0.0
000383_20260226_023249,exported,20260226_023249.tiff,2026-02-26 02:32:49,460.15799086757994,00:07:40.158,13805,raw/thermal/20260226_023249.tiff,processed/aligned/000383_20260226_023249/thermal.tiff,processed/aligned/000383_20260226_023249/thermal.png,processed/aligned/000383_20260226_023249/video.png,processed/aligned/000383_20260226_023249/overlay.png,0.3578656017780304,0.19019775390625,0.4644744873046875,secondary,494.0,00:08:14,493.23333333333335,00:08:13.233,20260226_023322.tiff,processed/aligned/000383_20260226_023249/mask_80c.png,1334,0.004071044921875
000384_20260226_023250,exported,20260226_023250.tiff,2026-02-26 02:32:50,461.16027397260274,00:07:41.160,13835,raw/thermal/20260226_023250.tiff,processed/aligned/000384_20260226_023250/thermal.tiff,processed/aligned/000384_20260226_023250/thermal.png,processed/aligned/000384_20260226_023250/video.png,processed/aligned/000384_20260226_023250/overlay.png,0.3976889103651047,0.269195556640625,0.436590576171875,secondary,494.0,00:08:14,493.23333333333335,00:08:13.233,20260226_023322.tiff,processed/aligned/000384_20260226_023250/mask_80c.png,0,0.0
000385_20260226_023251,exported,20260226_023251.tiff,2026-02-26 02:32:51,462.1625570776256,00:07:42.163,13865,raw/thermal/20260226_023251.tiff,processed/aligned/000385_20260226_023251/thermal.tiff,processed/aligned/000385_20260226_023251/thermal.png,processed/aligned/000385_20260226_023251/video.png,processed/aligned/000385_20260226_023251/overlay.png,0.41081584244966507,0.23446044921875,0.47430419921875,secondary,494.0,00:08:14,493.23333333333335,00:08:13.233,20260226_023322.tiff,processed/aligned/000385_20260226_023251/mask_80c.png,0,0.0
000386_20260226_023252,exported,20260226_023252.tiff,2026-02-26 02:32:52,463.16484018264845,00:07:43.165,13895,raw/thermal/20260226_023252.tiff,processed/aligned/000386_20260226_023252/thermal.tiff,processed/aligned/000386_20260226_023252/thermal.png,processed/aligned/000386_20260226_023252/video.png,processed/aligned/000386_20260226_023252/overlay.png,0.4219854325056076,0.2756561279296875,0.4897613525390625,secondary,494.0,00:08:14,493.23333333333335,00:08:13.233,20260226_023322.tiff,processed/aligned/000386_20260226_023252/mask_80c.png,0,0.0
000387_20260226_023253,exported,20260226_023253.tiff,2026-02-26 02:32:53,464.16712328767125,00:07:44.167,13925,raw/thermal/20260226_023253.tiff,processed/aligned/000387_20260226_023253/thermal.tiff,processed/aligned/000387_20260226_023253/thermal.png,processed/aligned/000387_20260226_023253/video.png,processed/aligned/000387_20260226_023253/overlay.png,0.37772003561258316,0.1778411865234375,0.4825439453125,secondary,494.0,00:08:14,493.23333333333335,00:08:13.233,20260226_023322.tiff,processed/aligned/000387_20260226_023253/mask_80c.png,0,0.0
000388_20260226_023254,exported,20260226_023254.tiff,2026-02-26 02:32:54,465.1694063926941,00:07:45.169,13955,raw/thermal/20260226_023254.tiff,processed/aligned/000388_20260226_023254/thermal.tiff,processed/aligned/000388_20260226_023254/thermal.png,processed/aligned/000388_20260226_023254/video.png,processed/aligned/000388_20260226_023254/overlay.png,0.41425278037786484,0.238446044921875,0.4703033447265625,secondary,494.0,00:08:14,493.23333333333335,00:08:13.233,20260226_023322.tiff,processed/aligned/000388_20260226_023254/mask_80c.png,0,0.0
000389_20260226_023255,exported,20260226_023255.tiff,2026-02-26 02:32:55,466.1716894977169,00:07:46.172,13985,raw/thermal/20260226_023255.tiff,processed/aligned/000389_20260226_023255/thermal.tiff,processed/aligned/000389_20260226_023255/thermal.png,processed/aligned/000389_20260226_023255/video.png,processed/aligned/000389_20260226_023255/overlay.png,0.45121750235557556,0.3442047119140625,0.5011016845703125,secondary,494.0,00:08:14,493.23333333333335,00:08:13.233,20260226_023322.tiff,processed/aligned/000389_20260226_023255/mask_80c.png,0,0.0
000390_20260226_023256,exported,20260226_023256.tiff,2026-02-26 02:32:56,467.17397260273975,00:07:47.174,14015,raw/thermal/20260226_023256.tiff,processed/aligned/000390_20260226_023256/thermal.tiff,processed/aligned/000390_20260226_023256/thermal.png,processed/aligned/000390_20260226_023256/video.png,processed/aligned/000390_20260226_023256/overlay.png,0.41818375885486603,0.247613525390625,0.5481689453125,secondary,494.0,00:08:14,493.23333333333335,00:08:13.233,20260226_023322.tiff,processed/aligned/000390_20260226_023256/mask_80c.png,0,0.0
000391_20260226_023257,exported,20260226_023257.tiff,2026-02-26 02:32:57,468.1762557077626,00:07:48.176,14045,raw/thermal/20260226_023257.tiff,processed/aligned/000391_20260226_023257/thermal.tiff,processed/aligned/000391_20260226_023257/thermal.png,processed/aligned/000391_20260226_023257/video.png,processed/aligned/000391_20260226_023257/overlay.png,0.40425359457731247,0.2000396728515625,0.5438507080078125,secondary,494.0,00:08:14,493.23333333333335,00:08:13.233,20260226_023322.tiff,processed/aligned/000391_20260226_023257/mask_80c.png,0,0.0
000392_20260226_023258,exported,20260226_023258.tiff,2026-02-26 02:32:58,469.1785388127854,00:07:49.179,14075,raw/thermal/20260226_023258.tiff,processed/aligned/000392_20260226_023258/thermal.tiff,processed/aligned/000392_20260226_023258/thermal.png,processed/aligned/000392_20260226_023258/video.png,processed/aligned/000392_20260226_023258/overlay.png,0.41787440329790115,0.2716400146484375,0.5034576416015625,secondary,494.0,00:08:14,493.23333333333335,00:08:13.233,20260226_023322.tiff,processed/aligned/000392_20260226_023258/mask_80c.png,0,0.0
000393_20260226_023259,exported,20260226_023259.tiff,2026-02-26 02:32:59,470.18082191780826,00:07:50.181,14105,raw/thermal/20260226_023259.tiff,processed/aligned/000393_20260226_023259/thermal.tiff,processed/aligned/000393_20260226_023259/thermal.png,processed/aligned/000393_20260226_023259/video.png,processed/aligned/000393_20260226_023259/overlay.png,0.42264776676893234,0.2407196044921875,0.5189605712890625,secondary,494.0,00:08:14,493.23333333333335,00:08:13.233,20260226_023322.tiff,processed/aligned/000393_20260226_023259/mask_80c.png,0,0.0
000394_20260226_023300,exported,20260226_023300.tiff,2026-02-26 02:33:00,471.18310502283106,00:07:51.183,14135,raw/thermal/20260226_023300.tiff,processed/aligned/000394_20260226_023300/thermal.tiff,processed/aligned/000394_20260226_023300/thermal.png,processed/aligned/000394_20260226_023300/video.png,processed/aligned/000394_20260226_023300/overlay.png,0.4332618787884712,0.2493255615234375,0.53978271484375,secondary,494.0,00:08:14,493.23333333333335,00:08:13.233,20260226_023322.tiff,processed/aligned/000394_20260226_023300/mask_80c.png,0,0.0
000395_20260226_023301,exported,20260226_023301.tiff,2026-02-26 02:33:01,472.1853881278539,00:07:52.185,14166,raw/thermal/20260226_023301.tiff,processed/aligned/000395_20260226_023301/thermal.tiff,processed/aligned/000395_20260226_023301/thermal.png,processed/aligned/000395_20260226_023301/video.png,processed/aligned/000395_20260226_023301/overlay.png,0.3892880827188492,0.180072021484375,0.5144256591796875,secondary,494.0,00:08:14,493.23333333333335,00:08:13.233,20260226_023322.tiff,processed/aligned/000395_20260226_023301/mask_80c.png,0,0.0
000396_20260226_023302,exported,20260226_023302.tiff,2026-02-26 02:33:02,473.1876712328767,00:07:53.188,14196,raw/thermal/20260226_023302.tiff,processed/aligned/000396_20260226_023302/thermal.tiff,processed/aligned/000396_20260226_023302/thermal.png,processed/aligned/000396_20260226_023302/video.png,processed/aligned/000396_20260226_023302/overlay.png,0.40113645046949387,0.2227020263671875,0.5150634765625,secondary,494.0,00:08:14,493.23333333333335,00:08:13.233,20260226_023322.tiff,processed/aligned/000396_20260226_023302/mask_80c.png,0,0.0
000397_20260226_023303,exported,20260226_023303.tiff,2026-02-26 02:33:03,474.18995433789956,00:07:54.190,14226,raw/thermal/20260226_023303.tiff,processed/aligned/000397_20260226_023303/thermal.tiff,processed/aligned/000397_20260226_023303/thermal.png,processed/aligned/000397_20260226_023303/video.png,processed/aligned/000397_20260226_023303/overlay.png,0.4009758532047272,0.2220428466796875,0.4965728759765625,secondary,494.0,00:08:14,493.23333333333335,00:08:13.233,20260226_023322.tiff,processed/aligned/000397_20260226_023303/mask_80c.png,0,0.0
000398_20260226_023304,exported,20260226_023304.tiff,2026-02-26 02:33:04,475.1922374429224,00:07:55.192,14256,raw/thermal/20260226_023304.tiff,processed/aligned/000398_20260226_023304/thermal.tiff,processed/aligned/000398_20260226_023304/thermal.png,processed/aligned/000398_20260226_023304/video.png,processed/aligned/000398_20260226_023304/overlay.png,0.43801864981651306,0.2723724365234375,0.50516357421875,secondary,494.0,00:08:14,493.23333333333335,00:08:13.233,20260226_023322.tiff,processed/aligned/000398_20260226_023304/mask_80c.png,0,0.0
000399_20260226_023305,exported,20260226_023305.tiff,2026-02-26 02:33:05,476.1945205479452,00:07:56.195,14286,raw/thermal/20260226_023305.tiff,processed/aligned/000399_20260226_023305/thermal.tiff,processed/aligned/000399_20260226_023305/thermal.png,processed/aligned/000399_20260226_023305/video.png,processed/aligned/000399_20260226_023305/overlay.png,0.44510549306869507,0.240716552734375,0.5368804931640625,secondary,494.0,00:08:14,493.23333333333335,00:08:13.233,20260226_023322.tiff,processed/aligned/000399_20260226_023305/mask_80c.png,0,0.0
000400_20260226_023306,exported,20260226_023306.tiff,2026-02-26 02:33:06,477.1968036529681,00:07:57.197,14316,raw/thermal/20260226_023306.tiff,processed/aligned/000400_20260226_023306/thermal.tiff,processed/aligned/000400_20260226_023306/thermal.png,processed/aligned/000400_20260226_023306/video.png,processed/aligned/000400_20260226_023306/overlay.png,0.4421357661485672,0.321234130859375,0.492388916015625,secondary,494.0,00:08:14,493.23333333333335,00:08:13.233,20260226_023322.tiff,processed/aligned/000400_20260226_023306/mask_80c.png,0,0.0
000401_20260226_023307,exported,20260226_023307.tiff,2026-02-26 02:33:07,478.19908675799087,00:07:58.199,14346,raw/thermal/20260226_023307.tiff,processed/aligned/000401_20260226_023307/thermal.tiff,processed/aligned/000401_20260226_023307/thermal.png,processed/aligned/000401_20260226_023307/video.png,processed/aligned/000401_20260226_023307/overlay.png,0.4226548671722412,0.2312103271484375,0.5598052978515625,secondary,494.0,00:08:14,493.23333333333335,00:08:13.233,20260226_023322.tiff,processed/aligned/000401_20260226_023307/mask_80c.png,0,0.0
000402_20260226_023308,exported,20260226_023308.tiff,2026-02-26 02:33:08,479.2013698630137,00:07:59.201,14376,raw/thermal/20260226_023308.tiff,processed/aligned/000402_20260226_023308/thermal.tiff,processed/aligned/000402_20260226_023308/thermal.png,processed/aligned/000402_20260226_023308/video.png,processed/aligned/000402_20260226_023308/overlay.png,0.46165909618139267,0.2780059814453125,0.5715850830078125,secondary,494.0,00:08:14,493.23333333333335,00:08:13.233,20260226_023322.tiff,processed/aligned/000402_20260226_023308/mask_80c.png,0,0.0
000403_20260226_023309,exported,20260226_023309.tiff,2026-02-26 02:33:09,480.2036529680366,00:08:00.204,14406,raw/thermal/20260226_023309.tiff,processed/aligned/000403_20260226_023309/thermal.tiff,processed/aligned/000403_20260226_023309/thermal.png,processed/aligned/000403_20260226_023309/video.png,processed/aligned/000403_20260226_023309/overlay.png,0.44500410556793213,0.288812255859375,0.57584228515625,secondary,494.0,00:08:14,493.23333333333335,00:08:13.233,20260226_023322.tiff,processed/aligned/000403_20260226_023309/mask_80c.png,0,0.0
000404_20260226_023310,exported,20260226_023310.tiff,2026-02-26 02:33:10,481.2059360730594,00:08:01.206,14436,raw/thermal/20260226_023310.tiff,processed/aligned/000404_20260226_023310/thermal.tiff,processed/aligned/000404_20260226_023310/thermal.png,processed/aligned/000404_20260226_023310/video.png,processed/aligned/000404_20260226_023310/overlay.png,0.46901850402355194,0.3196197509765625,0.5632904052734375,secondary,494.0,00:08:14,493.23333333333335,00:08:13.233,20260226_023322.tiff,processed/aligned/000404_20260226_023310/mask_80c.png,0,0.0
000405_20260226_023311,exported,20260226_023311.tiff,2026-02-26 02:33:11,482.20821917808223,00:08:02.208,14466,raw/thermal/20260226_023311.tiff,processed/aligned/000405_20260226_023311/thermal.tiff,processed/aligned/000405_20260226_023311/thermal.png,processed/aligned/000405_20260226_023311/video.png,processed/aligned/000405_20260226_023311/overlay.png,0.489724263548851,0.359136962890625,0.572222900390625,secondary,494.0,00:08:14,493.23333333333335,00:08:13.233,20260226_023322.tiff,processed/aligned/000405_20260226_023311/mask_80c.png,0,0.0
000406_20260226_023312,exported,20260226_023312.tiff,2026-02-26 02:33:12,483.21050228310503,00:08:03.211,14496,raw/thermal/20260226_023312.tiff,processed/aligned/000406_20260226_023312/thermal.tiff,processed/aligned/000406_20260226_023312/thermal.png,processed/aligned/000406_20260226_023312/video.png,processed/aligned/000406_20260226_023312/overlay.png,0.5046385824680328,0.3956146240234375,0.5645477294921875,secondary,494.0,00:08:14,493.23333333333335,00:08:13.233,20260226_023322.tiff,processed/aligned/000406_20260226_023312/mask_80c.png,0,0.0
000407_20260226_023313,exported,20260226_023313.tiff,2026-02-26 02:33:13,484.2127853881279,00:08:04.213,14526,raw/thermal/20260226_023313.tiff,processed/aligned/000407_20260226_023313/thermal.tiff,processed/aligned/000407_20260226_023313/thermal.png,processed/aligned/000407_20260226_023313/video.png,processed/aligned/000407_20260226_023313/overlay.png,0.5056116804480553,0.394171142578125,0.563116455078125,secondary,494.0,00:08:14,493.23333333333335,00:08:13.233,20260226_023322.tiff,processed/aligned/000407_20260226_023313/mask_80c.png,0,0.0
000408_20260226_023314,exported,20260226_023314.tiff,2026-02-26 02:33:14,485.2150684931507,00:08:05.215,14556,raw/thermal/20260226_023314.tiff,processed/aligned/000408_20260226_023314/thermal.tiff,processed/aligned/000408_20260226_023314/thermal.png,processed/aligned/000408_20260226_023314/video.png,processed/aligned/000408_20260226_023314/overlay.png,0.5063206553459167,0.3865478515625,0.556719970703125,secondary,494.0,00:08:14,493.23333333333335,00:08:13.233,20260226_023322.tiff,processed/aligned/000408_20260226_023314/mask_80c.png,0,0.0
000409_20260226_023315,exported,20260226_023315.tiff,2026-02-26 02:33:15,486.21735159817354,00:08:06.217,14587,raw/thermal/20260226_023315.tiff,processed/aligned/000409_20260226_023315/thermal.tiff,processed/aligned/000409_20260226_023315/thermal.png,processed/aligned/000409_20260226_023315/video.png,processed/aligned/000409_20260226_023315/overlay.png,0.46588756889104843,0.3420166015625,0.5403594970703125,secondary,494.0,00:08:14,493.23333333333335,00:08:13.233,20260226_023322.tiff,processed/aligned/000409_20260226_023315/mask_80c.png,0,0.0
000410_20260226_023316,exported,20260226_023316.tiff,2026-02-26 02:33:16,487.2196347031964,00:08:07.220,14617,raw/thermal/20260226_023316.tiff,processed/aligned/000410_20260226_023316/thermal.tiff,processed/aligned/000410_20260226_023316/thermal.png,processed/aligned/000410_20260226_023316/video.png,processed/aligned/000410_20260226_023316/overlay.png,0.4868835285305977,0.3599578857421875,0.5521453857421875,secondary,494.0,00:08:14,493.23333333333335,00:08:13.233,20260226_023322.tiff,processed/aligned/000410_20260226_023316/mask_80c.png,0,0.0
000411_20260226_023317,exported,20260226_023317.tiff,2026-02-26 02:33:17,488.2219178082192,00:08:08.222,14647,raw/thermal/20260226_023317.tiff,processed/aligned/000411_20260226_023317/thermal.tiff,processed/aligned/000411_20260226_023317/thermal.png,processed/aligned/000411_20260226_023317/video.png,processed/aligned/000411_20260226_023317/overlay.png,0.4753070995211601,0.2633819580078125,0.57166748046875,secondary,494.0,00:08:14,493.23333333333335,00:08:13.233,20260226_023322.tiff,processed/aligned/000411_20260226_023317/mask_80c.png,0,0.0
000412_20260226_023318,exported,20260226_023318.tiff,2026-02-26 02:33:18,489.22420091324204,00:08:09.224,14677,raw/thermal/20260226_023318.tiff,processed/aligned/000412_20260226_023318/thermal.tiff,processed/aligned/000412_20260226_023318/thermal.png,processed/aligned/000412_20260226_023318/video.png,processed/aligned/000412_20260226_023318/overlay.png,0.4670667499303818,0.302093505859375,0.5305389404296875,secondary,494.0,00:08:14,493.23333333333335,00:08:13.233,20260226_023322.tiff,processed/aligned/000412_20260226_023318/mask_80c.png,0,0.0
000413_20260226_023319,exported,20260226_023319.tiff,2026-02-26 02:33:19,490.22648401826484,00:08:10.226,14707,raw/thermal/20260226_023319.tiff,processed/aligned/000413_20260226_023319/thermal.tiff,processed/aligned/000413_20260226_023319/thermal.png,processed/aligned/000413_20260226_023319/video.png,processed/aligned/000413_20260226_023319/overlay.png,0.42634395509958267,0.225830078125,0.512994384765625,secondary,494.0,00:08:14,493.23333333333335,00:08:13.233,20260226_023322.tiff,processed/aligned/000413_20260226_023319/mask_80c.png,0,0.0
000414_20260226_023320,exported,20260226_023320.tiff,2026-02-26 02:33:20,491.2287671232877,00:08:11.229,14737,raw/thermal/20260226_023320.tiff,processed/aligned/000414_20260226_023320/thermal.tiff,processed/aligned/000414_20260226_023320/thermal.png,processed/aligned/000414_20260226_023320/video.png,processed/aligned/000414_20260226_023320/overlay.png,0.48653339594602585,0.283319091796875,0.580120849609375,secondary,494.0,00:08:14,493.23333333333335,00:08:13.233,20260226_023322.tiff,processed/aligned/000414_20260226_023320/mask_80c.png,0,0.0
000415_20260226_023321,exported,20260226_023321.tiff,2026-02-26 02:33:21,492.23105022831055,00:08:12.231,14767,raw/thermal/20260226_023321.tiff,processed/aligned/000415_20260226_023321/thermal.tiff,processed/aligned/000415_20260226_023321/thermal.png,processed/aligned/000415_20260226_023321/video.png,processed/aligned/000415_20260226_023321/overlay.png,0.4697442352771759,0.2883697509765625,0.540948486328125,secondary,494.0,00:08:14,493.23333333333335,00:08:13.233,20260226_023322.tiff,processed/aligned/000415_20260226_023321/mask_80c.png,0,0.0
000416_20260226_023322,exported,20260226_023322.tiff,2026-02-26 02:33:22,493.23333333333335,00:08:13.233,14797,raw/thermal/20260226_023322.tiff,processed/aligned/000416_20260226_023322/thermal.tiff,processed/aligned/000416_20260226_023322/thermal.png,processed/aligned/000416_20260226_023322/video.png,processed/aligned/000416_20260226_023322/overlay.png,0.5255326330661774,0.3345611572265625,0.572491455078125,secondary,494.0,00:08:14,493.23333333333335,00:08:13.233,20260226_023322.tiff,processed/aligned/000416_20260226_023322/mask_80c.png,0,0.0
000417_20260226_023323,exported,20260226_023323.tiff,2026-02-26 02:33:23,494.2356164383562,00:08:14.236,14827,raw/thermal/20260226_023323.tiff,processed/aligned/000417_20260226_023323/thermal.tiff,processed/aligned/000417_20260226_023323/thermal.png,processed/aligned/000417_20260226_023323/video.png,processed/aligned/000417_20260226_023323/overlay.png,0.5046425610780716,0.310577392578125,0.56810302734375,secondary,494.0,00:08:14,493.23333333333335,00:08:13.233,20260226_023322.tiff,processed/aligned/000417_20260226_023323/mask_80c.png,0,0.0
000418_20260226_023324,exported,20260226_023324.tiff,2026-02-26 02:33:24,495.237899543379,00:08:15.238,14857,raw/thermal/20260226_023324.tiff,processed/aligned/000418_20260226_023324/thermal.tiff,processed/aligned/000418_20260226_023324/thermal.png,processed/aligned/000418_20260226_023324/video.png,processed/aligned/000418_20260226_023324/overlay.png,0.49556421488523483,0.2755767822265625,0.5936248779296875,secondary,494.0,00:08:14,493.23333333333335,00:08:13.233,20260226_023322.tiff,processed/aligned/000418_20260226_023324/mask_80c.png,0,0.0
000419_20260226_023325,exported,20260226_023325.tiff,2026-02-26 02:33:25,496.24018264840186,00:08:16.240,14887,raw/thermal/20260226_023325.tiff,processed/aligned/000419_20260226_023325/thermal.tiff,processed/aligned/000419_20260226_023325/thermal.png,processed/aligned/000419_20260226_023325/video.png,processed/aligned/000419_20260226_023325/overlay.png,0.4222596660256386,0.166168212890625,0.5240234375,secondary,494.0,00:08:14,493.23333333333335,00:08:13.233,20260226_023322.tiff,processed/aligned/000419_20260226_023325/mask_80c.png,0,0.0
000420_20260226_023326,exported,20260226_023326.tiff,2026-02-26 02:33:26,497.2424657534247,00:08:17.242,14917,raw/thermal/20260226_023326.tiff,processed/aligned/000420_20260226_023326/thermal.tiff,processed/aligned/000420_20260226_023326/thermal.png,processed/aligned/000420_20260226_023326/video.png,processed/aligned/000420_20260226_023326/overlay.png,0.3613937422633171,0.1493377685546875,0.42725830078125,secondary,494.0,00:08:14,493.23333333333335,00:08:13.233,20260226_023322.tiff,processed/aligned/000420_20260226_023326/mask_80c.png,0,0.0
000421_20260226_023327,exported,20260226_023327.tiff,2026-02-26 02:33:27,498.2447488584475,00:08:18.245,14947,raw/thermal/20260226_023327.tiff,processed/aligned/000421_20260226_023327/thermal.tiff,processed/aligned/000421_20260226_023327/thermal.png,processed/aligned/000421_20260226_023327/video.png,processed/aligned/000421_20260226_023327/overlay.png,0.3830234855413437,0.148248291015625,0.4746978759765625,secondary,494.0,00:08:14,493.23333333333335,00:08:13.233,20260226_023322.tiff,processed/aligned/000421_20260226_023327/mask_80c.png,0,0.0
000422_20260226_023328,exported,20260226_023328.tiff,2026-02-26 02:33:28,499.24703196347036,00:08:19.247,14977,raw/thermal/20260226_023328.tiff,processed/aligned/000422_20260226_023328/thermal.tiff,processed/aligned/000422_20260226_023328/thermal.png,processed/aligned/000422_20260226_023328/video.png,processed/aligned/000422_20260226_023328/overlay.png,0.5687127709388733,0.3736328125,0.638067626953125,secondary,494.0,00:08:14,493.23333333333335,00:08:13.233,20260226_023322.tiff,processed/aligned/000422_20260226_023328/mask_80c.png,0,0.0
000423_20260226_023329,exported,20260226_023329.tiff,2026-02-26 02:33:29,500.24931506849316,00:08:20.249,15007,raw/thermal/20260226_023329.tiff,processed/aligned/000423_20260226_023329/thermal.tiff,processed/aligned/000423_20260226_023329/thermal.png,processed/aligned/000423_20260226_023329/video.png,processed/aligned/000423_20260226_023329/overlay.png,0.5823403745889664,0.4147796630859375,0.61505126953125,secondary,494.0,00:08:14,493.23333333333335,00:08:13.233,20260226_023322.tiff,processed/aligned/000423_20260226_023329/mask_80c.png,0,0.0
000424_20260226_023330,exported,20260226_023330.tiff,2026-02-26 02:33:30,501.251598173516,00:08:21.252,15038,raw/thermal/20260226_023330.tiff,processed/aligned/000424_20260226_023330/thermal.tiff,processed/aligned/000424_20260226_023330/thermal.png,processed/aligned/000424_20260226_023330/video.png,processed/aligned/000424_20260226_023330/overlay.png,0.5540528744459152,0.3563232421875,0.6032745361328125,secondary,494.0,00:08:14,493.23333333333335,00:08:13.233,20260226_023322.tiff,processed/aligned/000424_20260226_023330/mask_80c.png,0,0.0
000425_20260226_023331,exported,20260226_023331.tiff,2026-02-26 02:33:31,502.2538812785388,00:08:22.254,15068,raw/thermal/20260226_023331.tiff,processed/aligned/000425_20260226_023331/thermal.tiff,processed/aligned/000425_20260226_023331/thermal.png,processed/aligned/000425_20260226_023331/video.png,processed/aligned/000425_20260226_023331/overlay.png,0.592420369386673,0.4433624267578125,0.59161376953125,secondary,494.0,00:08:14,493.23333333333335,00:08:13.233,20260226_023322.tiff,processed/aligned/000425_20260226_023331/mask_80c.png,0,0.0
000426_20260226_023332,exported,20260226_023332.tiff,2026-02-26 02:33:32,503.25616438356167,00:08:23.256,15098,raw/thermal/20260226_023332.tiff,processed/aligned/000426_20260226_023332/thermal.tiff,processed/aligned/000426_20260226_023332/thermal.png,processed/aligned/000426_20260226_023332/video.png,processed/aligned/000426_20260226_023332/overlay.png,0.5890965163707733,0.4299072265625,0.563232421875,secondary,494.0,00:08:14,493.23333333333335,00:08:13.233,20260226_023322.tiff,processed/aligned/000426_20260226_023332/mask_80c.png,0,0.0
000427_20260226_023333,exported,20260226_023333.tiff,2026-02-26 02:33:33,504.2584474885845,00:08:24.258,15128,raw/thermal/20260226_023333.tiff,processed/aligned/000427_20260226_023333/thermal.tiff,processed/aligned/000427_20260226_023333/thermal.png,processed/aligned/000427_20260226_023333/video.png,processed/aligned/000427_20260226_023333/overlay.png,0.5653686076402664,0.37391357421875,0.544140625,secondary,494.0,00:08:14,493.23333333333335,00:08:13.233,20260226_023322.tiff,processed/aligned/000427_20260226_023333/mask_80c.png,0,0.0
000428_20260226_023334,exported,20260226_023334.tiff,2026-02-26 02:33:34,505.2607305936073,00:08:25.261,15158,raw/thermal/20260226_023334.tiff,processed/aligned/000428_20260226_023334/thermal.tiff,processed/aligned/000428_20260226_023334/thermal.png,processed/aligned/000428_20260226_023334/video.png,processed/aligned/000428_20260226_023334/overlay.png,0.5500701516866684,0.32236328125,0.529022216796875,secondary,494.0,00:08:14,493.23333333333335,00:08:13.233,20260226_023322.tiff,processed/aligned/000428_20260226_023334/mask_80c.png,0,0.0
000429_20260226_023335,exported,20260226_023335.tiff,2026-02-26 02:33:35,506.2630136986302,00:08:26.263,15188,raw/thermal/20260226_023335.tiff,processed/aligned/000429_20260226_023335/thermal.tiff,processed/aligned/000429_20260226_023335/thermal.png,processed/aligned/000429_20260226_023335/video.png,processed/aligned/000429_20260226_023335/overlay.png,0.5776595026254654,0.382269287109375,0.50380859375,secondary,494.0,00:08:14,493.23333333333335,00:08:13.233,20260226_023322.tiff,processed/aligned/000429_20260226_023335/mask_80c.png,0,0.0
000430_20260226_023336,exported,20260226_023336.tiff,2026-02-26 02:33:36,507.265296803653,00:08:27.265,15218,raw/thermal/20260226_023336.tiff,processed/aligned/000430_20260226_023336/thermal.tiff,processed/aligned/000430_20260226_023336/thermal.png,processed/aligned/000430_20260226_023336/video.png,processed/aligned/000430_20260226_023336/overlay.png,0.5795953571796417,0.3676116943359375,0.493011474609375,secondary,494.0,00:08:14,493.23333333333335,00:08:13.233,20260226_023322.tiff,processed/aligned/000430_20260226_023336/mask_80c.png,0,0.0
000431_20260226_023337,exported,20260226_023337.tiff,2026-02-26 02:33:37,508.2675799086758,00:08:28.268,15248,raw/thermal/20260226_023337.tiff,processed/aligned/000431_20260226_023337/thermal.tiff,processed/aligned/000431_20260226_023337/thermal.png,processed/aligned/000431_20260226_023337/video.png,processed/aligned/000431_20260226_023337/overlay.png,0.5743819773197174,0.329132080078125,0.5131256103515625,secondary,494.0,00:08:14,493.23333333333335,00:08:13.233,20260226_023322.tiff,processed/aligned/000431_20260226_023337/mask_80c.png,0,0.0
000432_20260226_023338,exported,20260226_023338.tiff,2026-02-26 02:33:38,509.2698630136987,00:08:29.270,15278,raw/thermal/20260226_023338.tiff,processed/aligned/000432_20260226_023338/thermal.tiff,processed/aligned/000432_20260226_023338/thermal.png,processed/aligned/000432_20260226_023338/video.png,processed/aligned/000432_20260226_023338/overlay.png,0.5900803357362747,0.346368408203125,0.5158477783203125,secondary,494.0,00:08:14,493.23333333333335,00:08:13.233,20260226_023322.tiff,processed/aligned/000432_20260226_023338/mask_80c.png,0,0.0
000433_20260226_023339,exported,20260226_023339.tiff,2026-02-26 02:33:39,510.2721461187215,00:08:30.272,15308,raw/thermal/20260226_023339.tiff,processed/aligned/000433_20260226_023339/thermal.tiff,processed/aligned/000433_20260226_023339/thermal.png,processed/aligned/000433_20260226_023339/video.png,processed/aligned/000433_20260226_023339/overlay.png,0.5933815836906433,0.334088134765625,0.4943603515625,secondary,494.0,00:08:14,493.23333333333335,00:08:13.233,20260226_023322.tiff,processed/aligned/000433_20260226_023339/mask_80c.png,0,0.0
000434_20260226_023340,exported,20260226_023340.tiff,2026-02-26 02:33:40,511.27442922374433,00:08:31.274,15338,raw/thermal/20260226_023340.tiff,processed/aligned/000434_20260226_023340/thermal.tiff,processed/aligned/000434_20260226_023340/thermal.png,processed/aligned/000434_20260226_023340/video.png,processed/aligned/000434_20260226_023340/overlay.png,0.5624538362026215,0.291412353515625,0.4293243408203125,secondary,494.0,00:08:14,493.23333333333335,00:08:13.233,20260226_023322.tiff,processed/aligned/000434_20260226_023340/mask_80c.png,0,0.0
000435_20260226_023341,exported,20260226_023341.tiff,2026-02-26 02:33:41,512.2767123287672,00:08:32.277,15368,raw/thermal/20260226_023341.tiff,processed/aligned/000435_20260226_023341/thermal.tiff,processed/aligned/000435_20260226_023341/thermal.png,processed/aligned/000435_20260226_023341/video.png,processed/aligned/000435_20260226_023341/overlay.png,0.4846334680914879,0.1913787841796875,0.345599365234375,secondary,494.0,00:08:14,493.23333333333335,00:08:13.233,20260226_023322.tiff,processed/aligned/000435_20260226_023341/mask_80c.png,0,0.0
000436_20260226_023342,exported,20260226_023342.tiff,2026-02-26 02:33:42,513.27899543379,00:08:33.279,15398,raw/thermal/20260226_023342.tiff,processed/aligned/000436_20260226_023342/thermal.tiff,processed/aligned/000436_20260226_023342/thermal.png,processed/aligned/000436_20260226_023342/video.png,processed/aligned/000436_20260226_023342/overlay.png,0.40542445331811905,0.1290130615234375,0.255413818359375,secondary,494.0,00:08:14,493.23333333333335,00:08:13.233,20260226_023322.tiff,processed/aligned/000436_20260226_023342/mask_80c.png,0,0.0
000437_20260226_023343,exported,20260226_023343.tiff,2026-02-26 02:33:43,514.2812785388128,00:08:34.281,15428,raw/thermal/20260226_023343.tiff,processed/aligned/000437_20260226_023343/thermal.tiff,processed/aligned/000437_20260226_023343/thermal.png,processed/aligned/000437_20260226_023343/video.png,processed/aligned/000437_20260226_023343/overlay.png,0.2807812765240669,0.06182861328125,0.11318359375,secondary,494.0,00:08:14,493.23333333333335,00:08:13.233,20260226_023322.tiff,processed/aligned/000437_20260226_023343/mask_80c.png,0,0.0
000438_20260226_023344,exported,20260226_023344.tiff,2026-02-26 02:33:44,515.2835616438356,00:08:35.284,15459,raw/thermal/20260226_023344.tiff,processed/aligned/000438_20260226_023344/thermal.tiff,processed/aligned/000438_20260226_023344/thermal.png,processed/aligned/000438_20260226_023344/video.png,processed/aligned/000438_20260226_023344/overlay.png,0.14166856813244522,0.006658935546875,0.045416259765625,secondary,494.0,00:08:14,493.23333333333335,00:08:13.233,20260226_023322.tiff,processed/aligned/000438_20260226_023344/mask_80c.png,0,0.0
000439_20260226_023345,exported,20260226_023345.tiff,2026-02-26 02:33:45,516.2858447488584,00:08:36.286,15489,raw/thermal/20260226_023345.tiff,processed/aligned/000439_20260226_023345/thermal.tiff,processed/aligned/000439_20260226_023345/thermal.png,processed/aligned/000439_20260226_023345/video.png,processed/aligned/000439_20260226_023345/overlay.png,0.16165582835674286,0.0,0.162646484375,secondary,494.0,00:08:14,493.23333333333335,00:08:13.233,20260226_023322.tiff,processed/aligned/000439_20260226_023345/mask_80c.png,0,0.0
