aligned_id,status,tiff_name,tiff_time_iso,video_time_s,video_time,video_frame_index,thermal_source_path,thermal_tiff_path,thermal_png_path,video_png_path,overlay_png_path,visual_score,thermal_edge_density,video_edge_density,anchor_segment,anchor_requested_video_time_s,anchor_requested_video_time,anchor_selected_video_time_s,anchor_selected_video_time,anchor_center_tiff,mask_80c_path,mask_positive_pixels,mask_positive_fraction
000001_20260226_030455,exported,20260226_030455.tiff,2026-02-26 03:04:55,287.5,00:04:47.500,8625,raw/thermal/20260226_030455.tiff,processed/aligned/000001_20260226_030455/thermal.tiff,processed/aligned/000001_20260226_030455/thermal.png,processed/aligned/000001_20260226_030455/video.png,processed/aligned/000001_20260226_030455/overlay.png,0.13749781693331897,0.0013580322265625,0.0423828125,primary,292.0,00:04:52,292.5,00:04:52.500,20260226_030500.tiff,processed/aligned/000001_20260226_030455/mask_80c.png,0,0.0
000002_20260226_030456,exported,20260226_030456.tiff,2026-02-26 03:04:56,288.5,00:04:48.500,8655,raw/thermal/20260226_030456.tiff,processed/aligned/000002_20260226_030456/thermal.tiff,processed/aligned/000002_20260226_030456/thermal.png,processed/aligned/000002_20260226_030456/video.png,processed/aligned/000002_20260226_030456/overlay.png,0.17054623924195766,0.0801513671875,0.065802001953125,primary,292.0,00:04:52,292.5,00:04:52.500,20260226_030500.tiff,processed/aligned/000002_20260226_030456/mask_80c.png,0,0.0
000003_20260226_030457,exported,20260226_030457.tiff,2026-02-26 03:04:57,289.5,00:04:49.500,8685,raw/thermal/20260226_030457.tiff,processed/aligned/000003_20260226_030457/thermal.tiff,processed/aligned/000003_20260226_030457/thermal.png,processed/aligned/000003_20260226_030457/video.png,processed/aligned/000003_20260226_030457/overlay.png,0.37550388276576996,0.1581878662109375,0.3700653076171875,primary,292.0,00:04:52,292.5,00:04:52.500,20260226_030500.tiff,processed/aligned/000003_20260226_030457/mask_80c.png,0,0.0
000004_20260226_030458,exported,20260226_030458.tiff,2026-02-26 03:04:58,290.5,00:04:50.500,8715,raw/thermal/20260226_030458.tiff,processed/aligned/000004_20260226_030458/thermal.tiff,processed/aligned/000004_20260226_030458/thermal.png,processed/aligned/000004_20260226_030458/video.png,processed/aligned/000004_20260226_030458/overlay.png,0.37612835317850113,0.15509033203125,0.441558837890625,primary,292.0,00:04:52,292.5,00:04:52.500,20260226_030500.tiff,processed/aligned/000004_20260226_030458/mask_80c.png,1,3.0517578125e-06
000005_20260226_030459,exported,20260226_030459.tiff,2026-02-26 03:04:59,291.5,00:04:51.500,8745,raw/thermal/20260226_030459.tiff,processed/aligned/000005_20260226_030459/thermal.tiff,processed/aligned/000005_20260226_030459/thermal.png,processed/aligned/000005_20260226_030459/video.png,processed/aligned/000005_20260226_030459/overlay.png,0.45380669832229614,0.28614501953125,0.4822906494140625,primary,292.0,00:04:52,292.5,00:04:52.500,20260226_030500.tiff,processed/aligned/000005_20260226_030459/mask_80c.png,0,0.0
000006_20260226_030500,exported,20260226_030500.tiff,2026-02-26 03:05:00,292.5,00:04:52.500,8775,raw/thermal/20260226_030500.tiff,processed/aligned/000006_20260226_030500/thermal.tiff,processed/aligned/000006_20260226_030500/thermal.png,processed/aligned/000006_20260226_030500/video.png,processed/aligned/000006_20260226_030500/overlay.png,0.42241333425045013,0.2223358154296875,0.46409912109375,primary,292.0,00:04:52,292.5,00:04:52.500,20260226_030500.tiff,processed/aligned/000006_20260226_030500/mask_80c.png,0,0.0
000007_20260226_030501,exported,20260226_030501.tiff,2026-02-26 03:05:01,293.5,00:04:53.500,8805,raw/thermal/20260226_030501.tiff,processed/aligned/000007_20260226_030501/thermal.tiff,processed/aligned/000007_20260226_030501/thermal.png,processed/aligned/000007_20260226_030501/video.png,processed/aligned/000007_20260226_030501/overlay.png,0.40231481939554214,0.2623260498046875,0.3513458251953125,primary,292.0,00:04:52,292.5,00:04:52.500,20260226_030500.tiff,processed/aligned/000007_20260226_030501/mask_80c.png,0,0.0
000008_20260226_030502,exported,20260226_030502.tiff,2026-02-26 03:05:02,294.5,00:04:54.500,8835,raw/thermal/20260226_030502.tiff,processed/aligned/000008_20260226_030502/thermal.tiff,processed/aligned/000008_20260226_030502/thermal.png,processed/aligned/000008_20260226_030502/video.png,processed/aligned/000008_20260226_030502/overlay.png,0.3599725067615509,0.2417205810546875,0.241241455078125,primary,292.0,00:04:52,292.5,00:04:52.500,20260226_030500.tiff,processed/aligned/000008_20260226_030502/mask_80c.png,11,3.35693359375e-05
000009_20260226_030503,exported,20260226_030503.tiff,2026-02-26 03:05:03,295.5,00:04:55.500,8865,raw/thermal/20260226_030503.tiff,processed/aligned/000009_20260226_030503/thermal.tiff,processed/aligned/000009_20260226_030503/thermal.png,processed/aligned/000009_20260226_030503/video.png,processed/aligned/000009_20260226_030503/overlay.png,0.30201825872063637,0.146502685546875,0.1922637939453125,primary,292.0,00:04:52,292.5,00:04:52.500,20260226_030500.tiff,processed/aligned/000009_20260226_030503/mask_80c.png,1,3.0517578125e-06
000010_20260226_030504,exported,20260226_030504.tiff,2026-02-26 03:05:04,296.5,00:04:56.500,8895,raw/thermal/20260226_030504.tiff,processed/aligned/000010_20260226_030504/thermal.tiff,processed/aligned/000010_20260226_030504/thermal.png,processed/aligned/000010_20260226_030504/video.png,processed/aligned/000010_20260226_030504/overlay.png,0.30349743738770485,0.2525421142578125,0.13958740234375,primary,292.0,00:04:52,292.5,00:04:52.500,20260226_030500.tiff,processed/aligned/000010_20260226_030504/mask_80c.png,24,7.32421875e-05
000011_20260226_030505,exported,20260226_030505.tiff,2026-02-26 03:05:05,297.5,00:04:57.500,8925,raw/thermal/20260226_030505.tiff,processed/aligned/000011_20260226_030505/thermal.tiff,processed/aligned/000011_20260226_030505/thermal.png,processed/aligned/000011_20260226_030505/video.png,processed/aligned/000011_20260226_030505/overlay.png,0.2664064094424248,0.17984619140625,0.0984161376953125,primary,292.0,00:04:52,292.5,00:04:52.500,20260226_030500.tiff,processed/aligned/000011_20260226_030505/mask_80c.png,3,9.1552734375e-06
000012_20260226_030506,exported,20260226_030506.tiff,2026-02-26 03:05:06,298.5,00:04:58.500,8955,raw/thermal/20260226_030506.tiff,processed/aligned/000012_20260226_030506/thermal.tiff,processed/aligned/000012_20260226_030506/thermal.png,processed/aligned/000012_20260226_030506/video.png,processed/aligned/000012_20260226_030506/overlay.png,0.18663541786372662,0.1149688720703125,0.015777587890625,primary,292.0,00:04:52,292.5,00:04:52.500,20260226_030500.tiff,processed/aligned/000012_20260226_030506/mask_80c.png,19,5.79833984375e-05
000013_20260226_030507,exported,20260226_030507.tiff,2026-02-26 03:05:07,299.5,00:04:59.500,8985,raw/thermal/20260226_030507.tiff,processed/aligned/000013_20260226_030507/thermal.tiff,processed/aligned/000013_20260226_030507/thermal.png,processed/aligned/000013_20260226_030507/video.png,processed/aligned/000013_20260226_030507/overlay.png,0.20096714980900288,0.12735595703125,0.0169036865234375,primary,292.0,00:04:52,292.5,00:04:52.500,20260226_030500.tiff,processed/aligned/000013_20260226_030507/mask_80c.png,2,6.103515625e-06
000014_20260226_030508,exported,20260226_030508.tiff,2026-02-26 03:05:08,300.5,00:05:00.500,9015,raw/thermal/20260226_030508.tiff,processed/aligned/000014_20260226_030508/thermal.tiff,processed/aligned/000014_20260226_030508/thermal.png,processed/aligned/000014_20260226_030508/video.png,processed/aligned/000014_20260226_030508/overlay.png,0.19830395095050335,0.1761566162109375,0.0101226806640625,primary,292.0,00:04:52,292.5,00:04:52.500,20260226_030500.tiff,processed/aligned/000014_20260226_030508/mask_80c.png,12,3.662109375e-05
000015_20260226_030509,exported,20260226_030509.tiff,2026-02-26 03:05:09,301.5,00:05:01.500,9045,raw/thermal/20260226_030509.tiff,processed/aligned/000015_20260226_030509/thermal.tiff,processed/aligned/000015_20260226_030509/thermal.png,processed/aligned/000015_20260226_030509/video.png,processed/aligned/000015_20260226_030509/overlay.png,0.18967989645898342,0.19805908203125,0.0057647705078125,primary,292.0,00:04:52,292.5,00:04:52.500,20260226_030500.tiff,processed/aligned/000015_20260226_030509/mask_80c.png,0,0.0
000016_20260226_030510,exported,20260226_030510.tiff,2026-02-26 03:05:10,302.5,00:05:02.500,9075,raw/thermal/20260226_030510.tiff,processed/aligned/000016_20260226_030510/thermal.tiff,processed/aligned/000016_20260226_030510/thermal.png,processed/aligned/000016_20260226_030510/video.png,processed/aligned/000016_20260226_030510/overlay.png,0.16577832400798798,0.182525634765625,0.0,primary,292.0,00:04:52,292.5,00:04:52.500,20260226_030500.tiff,processed/aligned/000016_20260226_030510/mask_80c.png,106,0.000323486328125
000017_20260226_030511,exported,20260226_030511.tiff,2026-02-26 03:05:11,303.5,00:05:03.500,9105,raw/thermal/20260226_030511.tiff,processed/aligned/000017_20260226_030511/thermal.tiff,processed/aligned/000017_20260226_030511/thermal.png,processed/aligned/000017_20260226_030511/video.png,processed/aligned/000017_20260226_030511/overlay.png,0.1609974205493927,0.120062255859375,0.0,primary,292.0,00:04:52,292.5,00:04:52.500,20260226_030500.tiff,processed/aligned/000017_20260226_030511/mask_80c.png,370,0.001129150390625
000018_20260226_030512,exported,20260226_030512.tiff,2026-02-26 03:05:12,304.5,00:05:04.500,9135,raw/thermal/20260226_030512.tiff,processed/aligned/000018_20260226_030512/thermal.tiff,processed/aligned/000018_20260226_030512/thermal.png,processed/aligned/000018_20260226_030512/video.png,processed/aligned/000018_20260226_030512/overlay.png,0.17221395438537002,0.131927490234375,0.00029296875,primary,292.0,00:04:52,292.5,00:04:52.500,20260226_030500.tiff,processed/aligned/000018_20260226_030512/mask_80c.png,0,0.0
000019_20260226_030513,exported,20260226_030513.tiff,2026-02-26 03:05:13,305.5,00:05:05.500,9165,raw/thermal/20260226_030513.tiff,processed/aligned/000019_20260226_030513/thermal.tiff,processed/aligned/000019_20260226_030513/thermal.png,processed/aligned/000019_20260226_030513/video.png,processed/aligned/000019_20260226_030513/overlay.png,0.17031200815108605,0.1104522705078125,0.00068359375,primary,292.0,00:04:52,292.5,00:04:52.500,20260226_030500.tiff,processed/aligned/000019_20260226_030513/mask_80c.png,0,0.0
000020_20260226_030514,exported,20260226_030514.tiff,2026-02-26 03:05:14,306.5,00:05:06.500,9195,raw/thermal/20260226_030514.tiff,processed/aligned/000020_20260226_030514/thermal.tiff,processed/aligned/000020_20260226_030514/thermal.png,processed/aligned/000020_20260226_030514/video.png,processed/aligned/000020_20260226_030514/overlay.png,0.17452503740787506,0.1664642333984375,0.000164794921875,primary,292.0,00:04:52,292.5,00:04:52.500,20260226_030500.tiff,processed/aligned/000020_20260226_030514/mask_80c.png,1,3.0517578125e-06
000021_20260226_030515,exported,20260226_030515.tiff,2026-02-26 03:05:15,307.5,00:05:07.500,9225,raw/thermal/20260226_030515.tiff,processed/aligned/000021_20260226_030515/thermal.tiff,processed/aligned/000021_20260226_030515/thermal.png,processed/aligned/000021_20260226_030515/video.png,processed/aligned/000021_20260226_030515/overlay.png,0.16345065832138062,0.2297210693359375,0.0,primary,292.0,00:04:52,292.5,00:04:52.500,20260226_030500.tiff,processed/aligned/000021_20260226_030515/mask_80c.png,446,0.001361083984375
000022_20260226_030516,exported,20260226_030516.tiff,2026-02-26 03:05:16,308.5,00:05:08.500,9255,raw/thermal/20260226_030516.tiff,processed/aligned/000022_20260226_030516/thermal.tiff,processed/aligned/000022_20260226_030516/thermal.png,processed/aligned/000022_20260226_030516/video.png,processed/aligned/000022_20260226_030516/overlay.png,0.15989534556865692,0.1288604736328125,0.0003997802734375,primary,292.0,00:04:52,292.5,00:04:52.500,20260226_030500.tiff,processed/aligned/000022_20260226_030516/mask_80c.png,470,0.001434326171875
000023_20260226_030517,exported,20260226_030517.tiff,2026-02-26 03:05:17,309.5,00:05:09.500,9285,raw/thermal/20260226_030517.tiff,processed/aligned/000023_20260226_030517/thermal.tiff,processed/aligned/000023_20260226_030517/thermal.png,processed/aligned/000023_20260226_030517/video.png,processed/aligned/000023_20260226_030517/overlay.png,0.18231971375644207,0.156732177734375,0.0019775390625,primary,292.0,00:04:52,292.5,00:04:52.500,20260226_030500.tiff,processed/aligned/000023_20260226_030517/mask_80c.png,377,0.0011505126953125
000024_20260226_030518,exported,20260226_030518.tiff,2026-02-26 03:05:18,310.5,00:05:10.500,9315,raw/thermal/20260226_030518.tiff,processed/aligned/000024_20260226_030518/thermal.tiff,processed/aligned/000024_20260226_030518/thermal.png,processed/aligned/000024_20260226_030518/video.png,processed/aligned/000024_20260226_030518/overlay.png,0.14147865772247314,0.1854400634765625,0.0,primary,292.0,00:04:52,292.5,00:04:52.500,20260226_030500.tiff,processed/aligned/000024_20260226_030518/mask_80c.png,3998,0.012200927734375
000025_20260226_030519,exported,20260226_030519.tiff,2026-02-26 03:05:19,311.5,00:05:11.500,9345,raw/thermal/20260226_030519.tiff,processed/aligned/000025_20260226_030519/thermal.tiff,processed/aligned/000025_20260226_030519/thermal.png,processed/aligned/000025_20260226_030519/video.png,processed/aligned/000025_20260226_030519/overlay.png,0.16500965773593634,0.2052581787109375,0.001092529296875,primary,292.0,00:04:52,292.5,00:04:52.500,20260226_030500.tiff,processed/aligned/000025_20260226_030519/mask_80c.png,1129,0.0034454345703125
000026_20260226_030520,exported,20260226_030520.tiff,2026-02-26 03:05:20,312.5,00:05:12.500,9375,raw/thermal/20260226_030520.tiff,processed/aligned/000026_20260226_030520/thermal.tiff,processed/aligned/000026_20260226_030520/thermal.png,processed/aligned/000026_20260226_030520/video.png,processed/aligned/000026_20260226_030520/overlay.png,0.13147857785224915,0.2050048828125,0.0,primary,292.0,00:04:52,292.5,00:04:52.500,20260226_030500.tiff,processed/aligned/000026_20260226_030520/mask_80c.png,11236,0.03428955078125
000027_20260226_030521,exported,20260226_030521.tiff,2026-02-26 03:05:21,313.5,00:05:13.500,9405,raw/thermal/20260226_030521.tiff,processed/aligned/000027_20260226_030521/thermal.tiff,processed/aligned/000027_20260226_030521/thermal.png,processed/aligned/000027_20260226_030521/video.png,processed/aligned/000027_20260226_030521/overlay.png,0.16570915281772614,0.1339935302734375,0.0,primary,292.0,00:04:52,292.5,00:04:52.500,20260226_030500.tiff,processed/aligned/000027_20260226_030521/mask_80c.png,265,0.0008087158203125
000028_20260226_030522,exported,20260226_030522.tiff,2026-02-26 03:05:22,314.5,00:05:14.500,9435,raw/thermal/20260226_030522.tiff,processed/aligned/000028_20260226_030522/thermal.tiff,processed/aligned/000028_20260226_030522/thermal.png,processed/aligned/000028_20260226_030522/video.png,processed/aligned/000028_20260226_030522/overlay.png,0.16579873859882355,0.143792724609375,0.0,primary,292.0,00:04:52,292.5,00:04:52.500,20260226_030500.tiff,processed/aligned/000028_20260226_030522/mask_80c.png,1120,0.00341796875
000029_20260226_030523,exported,20260226_030523.tiff,2026-02-26 03:05:23,315.5,00:05:15.500,9465,raw/thermal/20260226_030523.tiff,processed/aligned/000029_20260226_030523/thermal.tiff,processed/aligned/000029_20260226_030523/thermal.png,processed/aligned/000029_20260226_030523/video.png,processed/aligned/000029_20260226_030523/overlay.png,0.17556536197662354,0.0849700927734375,0.0,primary,292.0,00:04:52,292.5,00:04:52.500,20260226_030500.tiff,processed/aligned/000029_20260226_030523/mask_80c.png,23,7.01904296875e-05
000030_20260226_030524,exported,20260226_030524.tiff,2026-02-26 03:05:24,316.5,00:05:16.500,9495,raw/thermal/20260226_030524.tiff,processed/aligned/000030_20260226_030524/thermal.tiff,processed/aligned/000030_20260226_030524/thermal.png,processed/aligned/000030_20260226_030524/video.png,processed/aligned/000030_20260226_030524/overlay.png,0.1658279448747635,0.1285797119140625,0.0,primary,292.0,00:04:52,292.5,00:04:52.500,20260226_030500.tiff,processed/aligned/000030_20260226_030524/mask_80c.png,1928,0.0058837890625
000031_20260226_030525,exported,20260226_030525.tiff,2026-02-26 03:05:25,317.5,00:05:17.500,9525,raw/thermal/20260226_030525.tiff,processed/aligned/000031_20260226_030525/thermal.tiff,processed/aligned/000031_20260226_030525/thermal.png,processed/aligned/000031_20260226_030525/video.png,processed/aligned/000031_20260226_030525/overlay.png,0.13152682781219482,0.2569549560546875,0.0,primary,292.0,00:04:52,292.5,00:04:52.500,20260226_030500.tiff,processed/aligned/000031_20260226_030525/mask_80c.png,6479,0.0197723388671875
000032_20260226_030526,exported,20260226_030526.tiff,2026-02-26 03:05:26,318.5,00:05:18.500,9555,raw/thermal/20260226_030526.tiff,processed/aligned/000032_20260226_030526/thermal.tiff,processed/aligned/000032_20260226_030526/thermal.png,processed/aligned/000032_20260226_030526/video.png,processed/aligned/000032_20260226_030526/overlay.png,0.1405889391899109,0.1300628662109375,0.0,primary,292.0,00:04:52,292.5,00:04:52.500,20260226_030500.tiff,processed/aligned/000032_20260226_030526/mask_80c.png,7936,0.02421875
000033_20260226_030527,exported,20260226_030527.tiff,2026-02-26 03:05:27,319.5,00:05:19.500,9585,raw/thermal/20260226_030527.tiff,processed/aligned/000033_20260226_030527/thermal.tiff,processed/aligned/000033_20260226_030527/thermal.png,processed/aligned/000033_20260226_030527/video.png,processed/aligned/000033_20260226_030527/overlay.png,0.13655619323253632,0.1524810791015625,0.0,primary,292.0,00:04:52,292.5,00:04:52.500,20260226_030500.tiff,processed/aligned/000033_20260226_030527/mask_80c.png,4308,0.01314697265625
000034_20260226_030528,exported,20260226_030528.tiff,2026-02-26 03:05:28,320.5,00:05:20.500,9615,raw/thermal/20260226_030528.tiff,processed/aligned/000034_20260226_030528/thermal.tiff,processed/aligned/000034_20260226_030528/thermal.png,processed/aligned/000034_20260226_030528/video.png,processed/aligned/000034_20260226_030528/overlay.png,0.13954751193523407,0.12828369140625,0.0,primary,292.0,00:04:52,292.5,00:04:52.500,20260226_030500.tiff,processed/aligned/000034_20260226_030528/mask_80c.png,4992,0.015234375
000035_20260226_030529,exported,20260226_030529.tiff,2026-02-26 03:05:29,321.5,00:05:21.500,9645,raw/thermal/20260226_030529.tiff,processed/aligned/000035_20260226_030529/thermal.tiff,processed/aligned/000035_20260226_030529/thermal.png,processed/aligned/000035_20260226_030529/video.png,processed/aligned/000035_20260226_030529/overlay.png,0.13735000789165497,0.171929931640625,0.0,primary,292.0,00:04:52,292.5,00:04:52.500,20260226_030500.tiff,processed/aligned/000035_20260226_030529/mask_80c.png,6332,0.01932373046875
000036_20260226_030530,exported,20260226_030530.tiff,2026-02-26 03:05:30,322.5,00:05:22.500,9675,raw/thermal/20260226_030530.tiff,processed/aligned/000036_20260226_030530/thermal.tiff,processed/aligned/000036_20260226_030530/thermal.png,processed/aligned/000036_20260226_030530/video.png,processed/aligned/000036_20260226_030530/overlay.png,0.13153469562530518,0.1809844970703125,0.0,primary,292.0,00:04:52,292.5,00:04:52.500,20260226_030500.tiff,processed/aligned/000036_20260226_030530/mask_80c.png,6382,0.019476318359375
000037_20260226_030531,exported,20260226_030531.tiff,2026-02-26 03:05:31,323.5,00:05:23.500,9705,raw/thermal/20260226_030531.tiff,processed/aligned/000037_20260226_030531/thermal.tiff,processed/aligned/000037_20260226_030531/thermal.png,processed/aligned/000037_20260226_030531/video.png,processed/aligned/000037_20260226_030531/overlay.png,0.12158802151679993,0.22171630859375,0.000201416015625,primary,292.0,00:04:52,292.5,00:04:52.500,20260226_030500.tiff,processed/aligned/000037_20260226_030531/mask_80c.png,23057,0.0703643798828125
000038_20260226_030532,exported,20260226_030532.tiff,2026-02-26 03:05:32,324.5,00:05:24.500,9735,raw/thermal/20260226_030532.tiff,processed/aligned/000038_20260226_030532/thermal.tiff,processed/aligned/000038_20260226_030532/thermal.png,processed/aligned/000038_20260226_030532/video.png,processed/aligned/000038_20260226_030532/overlay.png,0.11739782243967056,0.2285797119140625,0.0,primary,292.0,00:04:52,292.5,00:04:52.500,20260226_030500.tiff,processed/aligned/000038_20260226_030532/mask_80c.png,33287,0.1015838623046875
000039_20260226_030533,exported,20260226_030533.tiff,2026-02-26 03:05:33,325.5,00:05:25.500,9765,raw/thermal/20260226_030533.tiff,processed/aligned/000039_20260226_030533/thermal.tiff,processed/aligned/000039_20260226_030533/thermal.png,processed/aligned/000039_20260226_030533/video.png,processed/aligned/000039_20260226_030533/overlay.png,0.10941056907176971,0.231243896484375,0.0,primary,292.0,00:04:52,292.5,00:04:52.500,20260226_030500.tiff,processed/aligned/000039_20260226_030533/mask_80c.png,41210,0.125762939453125
000040_20260226_030534,exported,20260226_030534.tiff,2026-02-26 03:05:34,326.5,00:05:26.500,9795,raw/thermal/20260226_030534.tiff,processed/aligned/000040_20260226_030534/thermal.tiff,processed/aligned/000040_20260226_030534/thermal.png,processed/aligned/000040_20260226_030534/video.png,processed/aligned/000040_20260226_030534/overlay.png,0.07860938459634781,0.1399749755859375,0.0036041259765625,primary,292.0,00:04:52,292.5,00:04:52.500,20260226_030500.tiff,processed/aligned/000040_20260226_030534/mask_80c.png,14174,0.043255615234375
000041_20260226_030535,exported,20260226_030535.tiff,2026-02-26 03:05:35,327.5,00:05:27.500,9825,raw/thermal/20260226_030535.tiff,processed/aligned/000041_20260226_030535/thermal.tiff,processed/aligned/000041_20260226_030535/thermal.png,processed/aligned/000041_20260226_030535/video.png,processed/aligned/000041_20260226_030535/overlay.png,0.12999153975397348,0.1087646484375,0.01282958984375,primary,292.0,00:04:52,292.5,00:04:52.500,20260226_030500.tiff,processed/aligned/000041_20260226_030535/mask_80c.png,33067,0.1009124755859375
000042_20260226_030536,exported,20260226_030536.tiff,2026-02-26 03:05:36,328.5,00:05:28.500,9855,raw/thermal/20260226_030536.tiff,processed/aligned/000042_20260226_030536/thermal.tiff,processed/aligned/000042_20260226_030536/thermal.png,processed/aligned/000042_20260226_030536/video.png,processed/aligned/000042_20260226_030536/overlay.png,0.2055155634880066,0.110772705078125,0.025164794921875,primary,292.0,00:04:52,292.5,00:04:52.500,20260226_030500.tiff,processed/aligned/000042_20260226_030536/mask_80c.png,0,0.0
000043_20260226_030537,exported,20260226_030537.tiff,2026-02-26 03:05:37,329.5,00:05:29.500,9885,raw/thermal/20260226_030537.tiff,processed/aligned/000043_20260226_030537/thermal.tiff,processed/aligned/000043_20260226_030537/thermal.png,processed/aligned/000043_20260226_030537/video.png,processed/aligned/000043_20260226_030537/overlay.png,0.09720419347286224,0.130023193359375,0.00113525390625,primary,292.0,00:04:52,292.5,00:04:52.500,20260226_030500.tiff,processed/aligned/000043_20260226_030537/mask_80c.png,19377,0.0591339111328125
000044_20260226_030538,exported,20260226_030538.tiff,2026-02-26 03:05:38,330.5,00:05:30.500,9915,raw/thermal/20260226_030538.tiff,processed/aligned/000044_20260226_030538/thermal.tiff,processed/aligned/000044_20260226_030538/thermal.png,processed/aligned/000044_20260226_030538/video.png,processed/aligned/000044_20260226_030538/overlay.png,0.13657252280972898,0.032623291015625,0.0212615966796875,primary,292.0,00:04:52,292.5,00:04:52.500,20260226_030500.tiff,processed/aligned/000044_20260226_030538/mask_80c.png,2182,0.006658935546875
000045_20260226_030539,exported,20260226_030539.tiff,2026-02-26 03:05:39,331.5,00:05:31.500,9945,raw/thermal/20260226_030539.tiff,processed/aligned/000045_20260226_030539/thermal.tiff,processed/aligned/000045_20260226_030539/thermal.png,processed/aligned/000045_20260226_030539/video.png,processed/aligned/000045_20260226_030539/overlay.png,0.15986079210415483,0.02064208984375,0.015264892578125,primary,292.0,00:04:52,292.5,00:04:52.500,20260226_030500.tiff,processed/aligned/000045_20260226_030539/mask_80c.png,137,0.0004180908203125
000046_20260226_030540,exported,20260226_030540.tiff,2026-02-26 03:05:40,332.5,00:05:32.500,9975,raw/thermal/20260226_030540.tiff,processed/aligned/000046_20260226_030540/thermal.tiff,processed/aligned/000046_20260226_030540/thermal.png,processed/aligned/000046_20260226_030540/video.png,processed/aligned/000046_20260226_030540/overlay.png,0.12449435505550355,0.0295135498046875,0.017889404296875,primary,292.0,00:04:52,292.5,00:04:52.500,20260226_030500.tiff,processed/aligned/000046_20260226_030540/mask_80c.png,2972,0.00906982421875
000047_20260226_030541,exported,20260226_030541.tiff,2026-02-26 03:05:41,333.5,00:05:33.500,10005,raw/thermal/20260226_030541.tiff,processed/aligned/000047_20260226_030541/thermal.tiff,processed/aligned/000047_20260226_030541/thermal.png,processed/aligned/000047_20260226_030541/video.png,processed/aligned/000047_20260226_030541/overlay.png,0.1595397498458624,0.0613525390625,0.005377197265625,primary,292.0,00:04:52,292.5,00:04:52.500,20260226_030500.tiff,processed/aligned/000047_20260226_030541/mask_80c.png,10496,0.03203125
000048_20260226_030542,exported,20260226_030542.tiff,2026-02-26 03:05:42,334.5,00:05:34.500,10035,raw/thermal/20260226_030542.tiff,processed/aligned/000048_20260226_030542/thermal.tiff,processed/aligned/000048_20260226_030542/thermal.png,processed/aligned/000048_20260226_030542/video.png,processed/aligned/000048_20260226_030542/overlay.png,0.16210067924112082,0.1197265625,0.0049774169921875,primary,292.0,00:04:52,292.5,00:04:52.500,20260226_030500.tiff,processed/aligned/000048_20260226_030542/mask_80c.png,18232,0.0556396484375
000049_20260226_030543,exported,20260226_030543.tiff,2026-02-26 03:05:43,335.5,00:05:35.500,10065,raw/thermal/20260226_030543.tiff,processed/aligned/000049_20260226_030543/thermal.tiff,processed/aligned/000049_20260226_030543/thermal.png,processed/aligned/000049_20260226_030543/video.png,processed/aligned/000049_20260226_030543/overlay.png,0.17257260996848345,0.0468658447265625,0.0031402587890625,primary,292.0,00:04:52,292.5,00:04:52.500,20260226_030500.tiff,processed/aligned/000049_20260226_030543/mask_80c.png,2522,0.007696533203125
000050_20260226_030544,exported,20260226_030544.tiff,2026-02-26 03:05:44,336.5,00:05:36.500,10095,raw/thermal/20260226_030544.tiff,processed/aligned/000050_20260226_030544/thermal.tiff,processed/aligned/000050_20260226_030544/thermal.png,processed/aligned/000050_20260226_030544/video.png,processed/aligned/000050_20260226_030544/overlay.png,0.16956094652414322,0.0350311279296875,0.011444091796875,primary,292.0,00:04:52,292.5,00:04:52.500,20260226_030500.tiff,processed/aligned/000050_20260226_030544/mask_80c.png,799,0.0024383544921875
000051_20260226_030545,exported,20260226_030545.tiff,2026-02-26 03:05:45,337.5,00:05:37.500,10125,raw/thermal/20260226_030545.tiff,processed/aligned/000051_20260226_030545/thermal.tiff,processed/aligned/000051_20260226_030545/thermal.png,processed/aligned/000051_20260226_030545/video.png,processed/aligned/000051_20260226_030545/overlay.png,0.12925394717603922,0.245147705078125,0.0094635009765625,primary,292.0,00:04:52,292.5,00:04:52.500,20260226_030500.tiff,processed/aligned/000051_20260226_030545/mask_80c.png,59194,0.180645751953125
000052_20260226_030546,exported,20260226_030546.tiff,2026-02-26 03:05:46,338.5,00:05:38.500,10155,raw/thermal/20260226_030546.tiff,processed/aligned/000052_20260226_030546/thermal.tiff,processed/aligned/000052_20260226_030546/thermal.png,processed/aligned/000052_20260226_030546/video.png,processed/aligned/000052_20260226_030546/overlay.png,0.13607953442260623,0.135833740234375,0.00264892578125,primary,292.0,00:04:52,292.5,00:04:52.500,20260226_030500.tiff,processed/aligned/000052_20260226_030546/mask_80c.png,10228,0.03121337890625
000053_20260226_030547,exported,20260226_030547.tiff,2026-02-26 03:05:47,339.5,00:05:39.500,10185,raw/thermal/20260226_030547.tiff,processed/aligned/000053_20260226_030547/thermal.tiff,processed/aligned/000053_20260226_030547/thermal.png,processed/aligned/000053_20260226_030547/video.png,processed/aligned/000053_20260226_030547/overlay.png,0.15889273397624493,0.2215576171875,0.0079833984375,primary,292.0,00:04:52,292.5,00:04:52.500,20260226_030500.tiff,processed/aligned/000053_20260226_030547/mask_80c.png,44635,0.1362152099609375
000054_20260226_030548,exported,20260226_030548.tiff,2026-02-26 03:05:48,340.5,00:05:40.500,10215,raw/thermal/20260226_030548.tiff,processed/aligned/000054_20260226_030548/thermal.tiff,processed/aligned/000054_20260226_030548/thermal.png,processed/aligned/000054_20260226_030548/video.png,processed/aligned/000054_20260226_030548/overlay.png,0.19741025939583778,0.2403350830078125,0.027105712890625,primary,292.0,00:04:52,292.5,00:04:52.500,20260226_030500.tiff,processed/aligned/000054_20260226_030548/mask_80c.png,52496,0.160205078125
000055_20260226_030549,exported,20260226_030549.tiff,2026-02-26 03:05:49,341.5,00:05:41.500,10245,raw/thermal/20260226_030549.tiff,processed/aligned/000055_20260226_030549/thermal.tiff,processed/aligned/000055_20260226_030549/thermal.png,processed/aligned/000055_20260226_030549/video.png,processed/aligned/000055_20260226_030549/overlay.png,0.19395345076918602,0.261419677734375,0.030291748046875,primary,292.0,00:04:52,292.5,00:04:52.500,20260226_030500.tiff,processed/aligned/000055_20260226_030549/mask_80c.png,75882,0.231573486328125
000056_20260226_030550,exported,20260226_030550.tiff,2026-02-26 03:05:50,342.5,00:05:42.500,10275,raw/thermal/20260226_030550.tiff,processed/aligned/000056_20260226_030550/thermal.tiff,processed/aligned/000056_20260226_030550/thermal.png,processed/aligned/000056_20260226_030550/video.png,processed/aligned/000056_20260226_030550/overlay.png,0.20693963766098022,0.2418487548828125,0.023748779296875,primary,292.0,00:04:52,292.5,00:04:52.500,20260226_030500.tiff,processed/aligned/000056_20260226_030550/mask_80c.png,56763,0.1732269287109375
000057_20260226_030551,exported,20260226_030551.tiff,2026-02-26 03:05:51,343.5,00:05:43.500,10305,raw/thermal/20260226_030551.tiff,processed/aligned/000057_20260226_030551/thermal.tiff,processed/aligned/000057_20260226_030551/thermal.png,processed/aligned/000057_20260226_030551/video.png,processed/aligned/000057_20260226_030551/overlay.png,0.11515266448259354,0.1263885498046875,0.004437255859375,primary,292.0,00:04:52,292.5,00:04:52.500,20260226_030500.tiff,processed/aligned/000057_20260226_030551/mask_80c.png,19567,0.0597137451171875
000058_20260226_030552,exported,20260226_030552.tiff,2026-02-26 03:05:52,344.5,00:05:44.500,10335,raw/thermal/20260226_030552.tiff,processed/aligned/000058_20260226_030552/thermal.tiff,processed/aligned/000058_20260226_030552/thermal.png,processed/aligned/000058_20260226_030552/video.png,processed/aligned/000058_20260226_030552/overlay.png,0.09382127970457077,0.11295166015625,0.004608154296875,primary,292.0,00:04:52,292.5,00:04:52.500,20260226_030500.tiff,processed/aligned/000058_20260226_030552/mask_80c.png,18064,0.055126953125
000059_20260226_030553,exported,20260226_030553.tiff,2026-02-26 03:05:53,345.5,00:05:45.500,10365,raw/thermal/20260226_030553.tiff,processed/aligned/000059_20260226_030553/thermal.tiff,processed/aligned/000059_20260226_030553/thermal.png,processed/aligned/000059_20260226_030553/video.png,processed/aligned/000059_20260226_030553/overlay.png,0.20242011919617653,0.26446533203125,0.013348388671875,primary,292.0,00:04:52,292.5,00:04:52.500,20260226_030500.tiff,processed/aligned/000059_20260226_030553/mask_80c.png,53929,0.1645782470703125
000060_20260226_030554,exported,20260226_030554.tiff,2026-02-26 03:05:54,346.5,00:05:46.500,10395,raw/thermal/20260226_030554.tiff,processed/aligned/000060_20260226_030554/thermal.tiff,processed/aligned/000060_20260226_030554/thermal.png,processed/aligned/000060_20260226_030554/video.png,processed/aligned/000060_20260226_030554/overlay.png,0.15605899039655924,0.2056915283203125,0.0016357421875,primary,292.0,00:04:52,292.5,00:04:52.500,20260226_030500.tiff,processed/aligned/000060_20260226_030554/mask_80c.png,38760,0.1182861328125
000061_20260226_030555,exported,20260226_030555.tiff,2026-02-26 03:05:55,347.5,00:05:47.500,10425,raw/thermal/20260226_030555.tiff,processed/aligned/000061_20260226_030555/thermal.tiff,processed/aligned/000061_20260226_030555/thermal.png,processed/aligned/000061_20260226_030555/video.png,processed/aligned/000061_20260226_030555/overlay.png,0.10689323395490646,0.1078704833984375,0.000140380859375,primary,292.0,00:04:52,292.5,00:04:52.500,20260226_030500.tiff,processed/aligned/000061_20260226_030555/mask_80c.png,11336,0.0345947265625
000062_20260226_030556,exported,20260226_030556.tiff,2026-02-26 03:05:56,348.5,00:05:48.500,10455,raw/thermal/20260226_030556.tiff,processed/aligned/000062_20260226_030556/thermal.tiff,processed/aligned/000062_20260226_030556/thermal.png,processed/aligned/000062_20260226_030556/video.png,processed/aligned/000062_20260226_030556/overlay.png,0.24457747302949429,0.05460205078125,0.120562744140625,primary,292.0,00:04:52,292.5,00:04:52.500,20260226_030500.tiff,processed/aligned/000062_20260226_030556/mask_80c.png,46,0.000140380859375
000063_20260226_030557,exported,20260226_030557.tiff,2026-02-26 03:05:57,349.5,00:05:49.500,10485,raw/thermal/20260226_030557.tiff,processed/aligned/000063_20260226_030557/thermal.tiff,processed/aligned/000063_20260226_030557/thermal.png,processed/aligned/000063_20260226_030557/video.png,processed/aligned/000063_20260226_030557/overlay.png,0.1661957148462534,0.0445556640625,0.071710205078125,primary,292.0,00:04:52,292.5,00:04:52.500,20260226_030500.tiff,processed/aligned/000063_20260226_030557/mask_80c.png,827,0.0025238037109375
000064_20260226_030558,exported,20260226_030558.tiff,2026-02-26 03:05:58,350.5,00:05:50.500,10515,raw/thermal/20260226_030558.tiff,processed/aligned/000064_20260226_030558/thermal.tiff,processed/aligned/000064_20260226_030558/thermal.png,processed/aligned/000064_20260226_030558/video.png,processed/aligned/000064_20260226_030558/overlay.png,0.19115129113197327,0.075286865234375,0.0580657958984375,primary,292.0,00:04:52,292.5,00:04:52.500,20260226_030500.tiff,processed/aligned/000064_20260226_030558/mask_80c.png,10352,0.031591796875
000065_20260226_030559,exported,20260226_030559.tiff,2026-02-26 03:05:59,351.5,00:05:51.500,10545,raw/thermal/20260226_030559.tiff,processed/aligned/000065_20260226_030559/thermal.tiff,processed/aligned/000065_20260226_030559/thermal.png,processed/aligned/000065_20260226_030559/video.png,processed/aligned/000065_20260226_030559/overlay.png,0.18173187877982855,0.043353271484375,0.0605377197265625,primary,292.0,00:04:52,292.5,00:04:52.500,20260226_030500.tiff,processed/aligned/000065_20260226_030559/mask_80c.png,83,0.0002532958984375
000066_20260226_030600,exported,20260226_030600.tiff,2026-02-26 03:06:00,352.5,00:05:52.500,10575,raw/thermal/20260226_030600.tiff,processed/aligned/000066_20260226_030600/thermal.tiff,processed/aligned/000066_20260226_030600/thermal.png,processed/aligned/000066_20260226_030600/video.png,processed/aligned/000066_20260226_030600/overlay.png,0.23776216059923172,0.0507965087890625,0.16431884765625,primary,292.0,00:04:52,292.5,00:04:52.500,20260226_030500.tiff,processed/aligned/000066_20260226_030600/mask_80c.png,375,0.0011444091796875
000067_20260226_030601,exported,20260226_030601.tiff,2026-02-26 03:06:01,353.5,00:05:53.500,10605,raw/thermal/20260226_030601.tiff,processed/aligned/000067_20260226_030601/thermal.tiff,processed/aligned/000067_20260226_030601/thermal.png,processed/aligned/000067_20260226_030601/video.png,processed/aligned/000067_20260226_030601/overlay.png,0.11580418329685926,0.097247314453125,0.0549835205078125,primary,292.0,00:04:52,292.5,00:04:52.500,20260226_030500.tiff,processed/aligned/000067_20260226_030601/mask_80c.png,10006,0.030535888671875
000068_20260226_030602,exported,20260226_030602.tiff,2026-02-26 03:06:02,354.5,00:05:54.500,10635,raw/thermal/20260226_030602.tiff,processed/aligned/000068_20260226_030602/thermal.tiff,processed/aligned/000068_20260226_030602/thermal.png,processed/aligned/000068_20260226_030602/video.png,processed/aligned/000068_20260226_030602/overlay.png,0.15686125308275223,0.04315185546875,0.113275146484375,primary,292.0,00:04:52,292.5,00:04:52.500,20260226_030500.tiff,processed/aligned/000068_20260226_030602/mask_80c.png,1386,0.004229736328125
000069_20260226_030603,exported,20260226_030603.tiff,2026-02-26 03:06:03,355.5,00:05:55.500,10665,raw/thermal/20260226_030603.tiff,processed/aligned/000069_20260226_030603/thermal.tiff,processed/aligned/000069_20260226_030603/thermal.png,processed/aligned/000069_20260226_030603/video.png,processed/aligned/000069_20260226_030603/overlay.png,0.21217219531536102,0.089617919921875,0.1439178466796875,primary,292.0,00:04:52,292.5,00:04:52.500,20260226_030500.tiff,processed/aligned/000069_20260226_030603/mask_80c.png,21371,0.0652191162109375
000070_20260226_030604,exported,20260226_030604.tiff,2026-02-26 03:06:04,356.5,00:05:56.500,10695,raw/thermal/20260226_030604.tiff,processed/aligned/000070_20260226_030604/thermal.tiff,processed/aligned/000070_20260226_030604/thermal.png,processed/aligned/000070_20260226_030604/video.png,processed/aligned/000070_20260226_030604/overlay.png,0.2141813039779663,0.034613037109375,0.11629638671875,primary,292.0,00:04:52,292.5,00:04:52.500,20260226_030500.tiff,processed/aligned/000070_20260226_030604/mask_80c.png,626,0.001910400390625
000071_20260226_030605,exported,20260226_030605.tiff,2026-02-26 03:06:05,357.5,00:05:57.500,10725,raw/thermal/20260226_030605.tiff,processed/aligned/000071_20260226_030605/thermal.tiff,processed/aligned/000071_20260226_030605/thermal.png,processed/aligned/000071_20260226_030605/video.png,processed/aligned/000071_20260226_030605/overlay.png,0.22156038135290146,0.0562225341796875,0.1061248779296875,primary,292.0,00:04:52,292.5,00:04:52.500,20260226_030500.tiff,processed/aligned/000071_20260226_030605/mask_80c.png,3845,0.0117340087890625
000072_20260226_030606,exported,20260226_030606.tiff,2026-02-26 03:06:06,358.5,00:05:58.500,10755,raw/thermal/20260226_030606.tiff,processed/aligned/000072_20260226_030606/thermal.tiff,processed/aligned/000072_20260226_030606/thermal.png,processed/aligned/000072_20260226_030606/video.png,processed/aligned/000072_20260226_030606/overlay.png,0.2200563047081232,0.0550018310546875,0.1116546630859375,primary,292.0,00:04:52,292.5,00:04:52.500,20260226_030500.tiff,processed/aligned/000072_20260226_030606/mask_80c.png,302,0.000921630859375
000073_20260226_030607,exported,20260226_030607.tiff,2026-02-26 03:06:07,359.5,00:05:59.500,10785,raw/thermal/20260226_030607.tiff,processed/aligned/000073_20260226_030607/thermal.tiff,processed/aligned/000073_20260226_030607/thermal.png,processed/aligned/000073_20260226_030607/video.png,processed/aligned/000073_20260226_030607/overlay.png,0.2194977067410946,0.0522979736328125,0.116424560546875,primary,292.0,00:04:52,292.5,00:04:52.500,20260226_030500.tiff,processed/aligned/000073_20260226_030607/mask_80c.png,304,0.000927734375
000074_20260226_030608,exported,20260226_030608.tiff,2026-02-26 03:06:08,360.5,00:06:00.500,10815,raw/thermal/20260226_030608.tiff,processed/aligned/000074_20260226_030608/thermal.tiff,processed/aligned/000074_20260226_030608/thermal.png,processed/aligned/000074_20260226_030608/video.png,processed/aligned/000074_20260226_030608/overlay.png,0.23307966254651546,0.0379364013671875,0.0984832763671875,primary,292.0,00:04:52,292.5,00:04:52.500,20260226_030500.tiff,processed/aligned/000074_20260226_030608/mask_80c.png,2036,0.00621337890625
000075_20260226_030609,exported,20260226_030609.tiff,2026-02-26 03:06:09,361.5,00:06:01.500,10845,raw/thermal/20260226_030609.tiff,processed/aligned/000075_20260226_030609/thermal.tiff,processed/aligned/000075_20260226_030609/thermal.png,processed/aligned/000075_20260226_030609/video.png,processed/aligned/000075_20260226_030609/overlay.png,0.2046581767499447,0.0444854736328125,0.09779052734375,primary,292.0,00:04:52,292.5,00:04:52.500,20260226_030500.tiff,processed/aligned/000075_20260226_030609/mask_80c.png,0,0.0
000076_20260226_030610,exported,20260226_030610.tiff,2026-02-26 03:06:10,362.5,00:06:02.500,10875,raw/thermal/20260226_030610.tiff,processed/aligned/000076_20260226_030610/thermal.tiff,processed/aligned/000076_20260226_030610/thermal.png,processed/aligned/000076_20260226_030610/video.png,processed/aligned/000076_20260226_030610/overlay.png,0.2198770698159933,0.0497467041015625,0.09921875,primary,292.0,00:04:52,292.5,00:04:52.500,20260226_030500.tiff,processed/aligned/000076_20260226_030610/mask_80c.png,1775,0.0054168701171875
000077_20260226_030611,exported,20260226_030611.tiff,2026-02-26 03:06:11,363.5,00:06:03.500,10905,raw/thermal/20260226_030611.tiff,processed/aligned/000077_20260226_030611/thermal.tiff,processed/aligned/000077_20260226_030611/thermal.png,processed/aligned/000077_20260226_030611/video.png,processed/aligned/000077_20260226_030611/overlay.png,0.19513890892267227,0.0339599609375,0.0658172607421875,primary,292.0,00:04:52,292.5,00:04:52.500,20260226_030500.tiff,processed/aligned/000077_20260226_030611/mask_80c.png,2692,0.00821533203125
000078_20260226_030612,exported,20260226_030612.tiff,2026-02-26 03:06:12,364.5,00:06:04.500,10935,raw/thermal/20260226_030612.tiff,processed/aligned/000078_20260226_030612/thermal.tiff,processed/aligned/000078_20260226_030612/thermal.png,processed/aligned/000078_20260226_030612/video.png,processed/aligned/000078_20260226_030612/overlay.png,0.21373546868562698,0.08310546875,0.0795379638671875,primary,292.0,00:04:52,292.5,00:04:52.500,20260226_030500.tiff,processed/aligned/000078_20260226_030612/mask_80c.png,6576,0.020068359375
000079_20260226_030613,exported,20260226_030613.tiff,2026-02-26 03:06:13,365.5,00:06:05.500,10965,raw/thermal/20260226_030613.tiff,processed/aligned/000079_20260226_030613/thermal.tiff,processed/aligned/000079_20260226_030613/thermal.png,processed/aligned/000079_20260226_030613/video.png,processed/aligned/000079_20260226_030613/overlay.png,0.21023371629416943,0.0605743408203125,0.096636962890625,primary,292.0,00:04:52,292.5,00:04:52.500,20260226_030500.tiff,processed/aligned/000079_20260226_030613/mask_80c.png,13113,0.0400177001953125
000080_20260226_030614,exported,20260226_030614.tiff,2026-02-26 03:06:14,366.5,00:06:06.500,10995,raw/thermal/20260226_030614.tiff,processed/aligned/000080_20260226_030614/thermal.tiff,processed/aligned/000080_20260226_030614/thermal.png,processed/aligned/000080_20260226_030614/video.png,processed/aligned/000080_20260226_030614/overlay.png,0.22640402615070343,0.067694091796875,0.098687744140625,primary,292.0,00:04:52,292.5,00:04:52.500,20260226_030500.tiff,processed/aligned/000080_20260226_030614/mask_80c.png,14635,0.0446624755859375
000081_20260226_030615,exported,20260226_030615.tiff,2026-02-26 03:06:15,367.5,00:06:07.500,11025,raw/thermal/20260226_030615.tiff,processed/aligned/000081_20260226_030615/thermal.tiff,processed/aligned/000081_20260226_030615/thermal.png,processed/aligned/000081_20260226_030615/video.png,processed/aligned/000081_20260226_030615/overlay.png,0.20563454926013947,0.0397735595703125,0.0831878662109375,primary,292.0,00:04:52,292.5,00:04:52.500,20260226_030500.tiff,processed/aligned/000081_20260226_030615/mask_80c.png,4563,0.0139251708984375
000082_20260226_030616,exported,20260226_030616.tiff,2026-02-26 03:06:16,368.5,00:06:08.500,11055,raw/thermal/20260226_030616.tiff,processed/aligned/000082_20260226_030616/thermal.tiff,processed/aligned/000082_20260226_030616/thermal.png,processed/aligned/000082_20260226_030616/video.png,processed/aligned/000082_20260226_030616/overlay.png,0.22226497903466225,0.0602691650390625,0.0930511474609375,primary,292.0,00:04:52,292.5,00:04:52.500,20260226_030500.tiff,processed/aligned/000082_20260226_030616/mask_80c.png,905,0.0027618408203125
000083_20260226_030617,exported,20260226_030617.tiff,2026-02-26 03:06:17,369.5,00:06:09.500,11085,raw/thermal/20260226_030617.tiff,processed/aligned/000083_20260226_030617/thermal.tiff,processed/aligned/000083_20260226_030617/thermal.png,processed/aligned/000083_20260226_030617/video.png,processed/aligned/000083_20260226_030617/overlay.png,0.21913575939834118,0.052862548828125,0.0942657470703125,primary,292.0,00:04:52,292.5,00:04:52.500,20260226_030500.tiff,processed/aligned/000083_20260226_030617/mask_80c.png,0,0.0
000084_20260226_030618,exported,20260226_030618.tiff,2026-02-26 03:06:18,370.5,00:06:10.500,11115,raw/thermal/20260226_030618.tiff,processed/aligned/000084_20260226_030618/thermal.tiff,processed/aligned/000084_20260226_030618/thermal.png,processed/aligned/000084_20260226_030618/video.png,processed/aligned/000084_20260226_030618/overlay.png,0.14271529577672482,0.0475677490234375,0.1238525390625,primary,292.0,00:04:52,292.5,00:04:52.500,20260226_030500.tiff,processed/aligned/000084_20260226_030618/mask_80c.png,18230,0.055633544921875
000085_20260226_030619,exported,20260226_030619.tiff,2026-02-26 03:06:19,371.5,00:06:11.500,11145,raw/thermal/20260226_030619.tiff,processed/aligned/000085_20260226_030619/thermal.tiff,processed/aligned/000085_20260226_030619/thermal.png,processed/aligned/000085_20260226_030619/video.png,processed/aligned/000085_20260226_030619/overlay.png,0.21146631613373756,0.1044403076171875,0.1066741943359375,primary,292.0,00:04:52,292.5,00:04:52.500,20260226_030500.tiff,processed/aligned/000085_20260226_030619/mask_80c.png,5717,0.0174468994140625
000086_20260226_030620,exported,20260226_030620.tiff,2026-02-26 03:06:20,372.5,00:06:12.500,11175,raw/thermal/20260226_030620.tiff,processed/aligned/000086_20260226_030620/thermal.tiff,processed/aligned/000086_20260226_030620/thermal.png,processed/aligned/000086_20260226_030620/video.png,processed/aligned/000086_20260226_030620/overlay.png,0.1846671737730503,0.06600341796875,0.105499267578125,primary,292.0,00:04:52,292.5,00:04:52.500,20260226_030500.tiff,processed/aligned/000086_20260226_030620/mask_80c.png,7031,0.0214569091796875
000087_20260226_030621,exported,20260226_030621.tiff,2026-02-26 03:06:21,373.5,00:06:13.500,11205,raw/thermal/20260226_030621.tiff,processed/aligned/000087_20260226_030621/thermal.tiff,processed/aligned/000087_20260226_030621/thermal.png,processed/aligned/000087_20260226_030621/video.png,processed/aligned/000087_20260226_030621/overlay.png,0.21306743659079075,0.0370635986328125,0.1357879638671875,primary,292.0,00:04:52,292.5,00:04:52.500,20260226_030500.tiff,processed/aligned/000087_20260226_030621/mask_80c.png,224,0.00068359375
000088_20260226_030622,exported,20260226_030622.tiff,2026-02-26 03:06:22,374.5,00:06:14.500,11235,raw/thermal/20260226_030622.tiff,processed/aligned/000088_20260226_030622/thermal.tiff,processed/aligned/000088_20260226_030622/thermal.png,processed/aligned/000088_20260226_030622/video.png,processed/aligned/000088_20260226_030622/overlay.png,0.13080741744488478,0.0597869873046875,0.16070556640625,primary,292.0,00:04:52,292.5,00:04:52.500,20260226_030500.tiff,processed/aligned/000088_20260226_030622/mask_80c.png,18424,0.0562255859375
000089_20260226_030623,exported,20260226_030623.tiff,2026-02-26 03:06:23,375.5,00:06:15.500,11265,raw/thermal/20260226_030623.tiff,processed/aligned/000089_20260226_030623/thermal.tiff,processed/aligned/000089_20260226_030623/thermal.png,processed/aligned/000089_20260226_030623/video.png,processed/aligned/000089_20260226_030623/overlay.png,0.1326947845518589,0.0899871826171875,0.1377593994140625,primary,292.0,00:04:52,292.5,00:04:52.500,20260226_030500.tiff,processed/aligned/000089_20260226_030623/mask_80c.png,32149,0.0981109619140625
000090_20260226_030624,exported,20260226_030624.tiff,2026-02-26 03:06:24,376.5,00:06:16.500,11295,raw/thermal/20260226_030624.tiff,processed/aligned/000090_20260226_030624/thermal.tiff,processed/aligned/000090_20260226_030624/thermal.png,processed/aligned/000090_20260226_030624/video.png,processed/aligned/000090_20260226_030624/overlay.png,0.13343694806098938,0.0619903564453125,0.219000244140625,primary,292.0,00:04:52,292.5,00:04:52.500,20260226_030500.tiff,processed/aligned/000090_20260226_030624/mask_80c.png,18097,0.0552276611328125
000091_20260226_030625,exported,20260226_030625.tiff,2026-02-26 03:06:25,377.5,00:06:17.500,11325,raw/thermal/20260226_030625.tiff,processed/aligned/000091_20260226_030625/thermal.tiff,processed/aligned/000091_20260226_030625/thermal.png,processed/aligned/000091_20260226_030625/video.png,processed/aligned/000091_20260226_030625/overlay.png,0.18204385600984097,0.082574462890625,0.291717529296875,primary,292.0,00:04:52,292.5,00:04:52.500,20260226_030500.tiff,processed/aligned/000091_20260226_030625/mask_80c.png,15152,0.046240234375
000092_20260226_030626,exported,20260226_030626.tiff,2026-02-26 03:06:26,378.5,00:06:18.500,11355,raw/thermal/20260226_030626.tiff,processed/aligned/000092_20260226_030626/thermal.tiff,processed/aligned/000092_20260226_030626/thermal.png,processed/aligned/000092_20260226_030626/video.png,processed/aligned/000092_20260226_030626/overlay.png,0.20286285132169724,0.0603271484375,0.513836669921875,primary,292.0,00:04:52,292.5,00:04:52.500,20260226_030500.tiff,processed/aligned/000092_20260226_030626/mask_80c.png,11648,0.035546875
000093_20260226_030627,exported,20260226_030627.tiff,2026-02-26 03:06:27,379.5,00:06:19.500,11385,raw/thermal/20260226_030627.tiff,processed/aligned/000093_20260226_030627/thermal.tiff,processed/aligned/000093_20260226_030627/thermal.png,processed/aligned/000093_20260226_030627/video.png,processed/aligned/000093_20260226_030627/overlay.png,0.2696329765021801,0.0715057373046875,0.6221160888671875,primary,292.0,00:04:52,292.5,00:04:52.500,20260226_030500.tiff,processed/aligned/000093_20260226_030627/mask_80c.png,7355,0.0224456787109375
000094_20260226_030628,exported,20260226_030628.tiff,2026-02-26 03:06:28,380.5,00:06:20.500,11415,raw/thermal/20260226_030628.tiff,processed/aligned/000094_20260226_030628/thermal.tiff,processed/aligned/000094_20260226_030628/thermal.png,processed/aligned/000094_20260226_030628/video.png,processed/aligned/000094_20260226_030628/overlay.png,0.2575865499675274,0.0409149169921875,0.6381072998046875,primary,292.0,00:04:52,292.5,00:04:52.500,20260226_030500.tiff,processed/aligned/000094_20260226_030628/mask_80c.png,4095,0.0124969482421875
000095_20260226_030629,exported,20260226_030629.tiff,2026-02-26 03:06:29,381.5,00:06:21.500,11445,raw/thermal/20260226_030629.tiff,processed/aligned/000095_20260226_030629/thermal.tiff,processed/aligned/000095_20260226_030629/thermal.png,processed/aligned/000095_20260226_030629/video.png,processed/aligned/000095_20260226_030629/overlay.png,0.4050613194704056,0.203668212890625,0.5933502197265625,primary,292.0,00:04:52,292.5,00:04:52.500,20260226_030500.tiff,processed/aligned/000095_20260226_030629/mask_80c.png,1479,0.0045135498046875
000096_20260226_030630,exported,20260226_030630.tiff,2026-02-26 03:06:30,382.5,00:06:22.500,11475,raw/thermal/20260226_030630.tiff,processed/aligned/000096_20260226_030630/thermal.tiff,processed/aligned/000096_20260226_030630/thermal.png,processed/aligned/000096_20260226_030630/video.png,processed/aligned/000096_20260226_030630/overlay.png,0.3248996362090111,0.1936248779296875,0.319781494140625,primary,292.0,00:04:52,292.5,00:04:52.500,20260226_030500.tiff,processed/aligned/000096_20260226_030630/mask_80c.png,0,0.0
000097_20260226_030631,exported,20260226_030631.tiff,2026-02-26 03:06:31,383.5,00:06:23.500,11505,raw/thermal/20260226_030631.tiff,processed/aligned/000097_20260226_030631/thermal.tiff,processed/aligned/000097_20260226_030631/thermal.png,processed/aligned/000097_20260226_030631/video.png,processed/aligned/000097_20260226_030631/overlay.png,0.37409011274576187,0.158599853515625,0.552008056640625,primary,292.0,00:04:52,292.5,00:04:52.500,20260226_030500.tiff,processed/aligned/000097_20260226_030631/mask_80c.png,1856,0.0056640625
000098_20260226_030632,exported,20260226_030632.tiff,2026-02-26 03:06:32,384.5,00:06:24.500,11535,raw/thermal/20260226_030632.tiff,processed/aligned/000098_20260226_030632/thermal.tiff,processed/aligned/000098_20260226_030632/thermal.png,processed/aligned/000098_20260226_030632/video.png,processed/aligned/000098_20260226_030632/overlay.png,0.40148884803056717,0.1874420166015625,0.567254638671875,primary,292.0,00:04:52,292.5,00:04:52.500,20260226_030500.tiff,processed/aligned/000098_20260226_030632/mask_80c.png,473,0.0014434814453125
000099_20260226_030633,exported,20260226_030633.tiff,2026-02-26 03:06:33,385.5,00:06:25.500,11565,raw/thermal/20260226_030633.tiff,processed/aligned/000099_20260226_030633/thermal.tiff,processed/aligned/000099_20260226_030633/thermal.png,processed/aligned/000099_20260226_030633/video.png,processed/aligned/000099_20260226_030633/overlay.png,0.40671175718307495,0.2176605224609375,0.540887451171875,primary,292.0,00:04:52,292.5,00:04:52.500,20260226_030500.tiff,processed/aligned/000099_20260226_030633/mask_80c.png,2013,0.0061431884765625
000100_20260226_030634,exported,20260226_030634.tiff,2026-02-26 03:06:34,386.5,00:06:26.500,11595,raw/thermal/20260226_030634.tiff,processed/aligned/000100_20260226_030634/thermal.tiff,processed/aligned/000100_20260226_030634/thermal.png,processed/aligned/000100_20260226_030634/video.png,processed/aligned/000100_20260226_030634/overlay.png,0.41733746230602264,0.2393096923828125,0.51728515625,primary,292.0,00:04:52,292.5,00:04:52.500,20260226_030500.tiff,processed/aligned/000100_20260226_030634/mask_80c.png,0,0.0
000101_20260226_030635,exported,20260226_030635.tiff,2026-02-26 03:06:35,387.5,00:06:27.500,11625,raw/thermal/20260226_030635.tiff,processed/aligned/000101_20260226_030635/thermal.tiff,processed/aligned/000101_20260226_030635/thermal.png,processed/aligned/000101_20260226_030635/video.png,processed/aligned/000101_20260226_030635/overlay.png,0.42362748086452484,0.246533203125,0.5330352783203125,primary,292.0,00:04:52,292.5,00:04:52.500,20260226_030500.tiff,processed/aligned/000101_20260226_030635/mask_80c.png,0,0.0
000102_20260226_030636,exported,20260226_030636.tiff,2026-02-26 03:06:36,388.5,00:06:28.500,11655,raw/thermal/20260226_030636.tiff,processed/aligned/000102_20260226_030636/thermal.tiff,processed/aligned/000102_20260226_030636/thermal.png,processed/aligned/000102_20260226_030636/video.png,processed/aligned/000102_20260226_030636/overlay.png,0.45696481317281723,0.301568603515625,0.5318206787109375,primary,292.0,00:04:52,292.5,00:04:52.500,20260226_030500.tiff,processed/aligned/000102_20260226_030636/mask_80c.png,0,0.0
000103_20260226_030637,exported,20260226_030637.tiff,2026-02-26 03:06:37,389.5,00:06:29.500,11685,raw/thermal/20260226_030637.tiff,processed/aligned/000103_20260226_030637/thermal.tiff,processed/aligned/000103_20260226_030637/thermal.png,processed/aligned/000103_20260226_030637/video.png,processed/aligned/000103_20260226_030637/overlay.png,0.28143563494086266,0.1165985107421875,0.34891357421875,primary,292.0,00:04:52,292.5,00:04:52.500,20260226_030500.tiff,processed/aligned/000103_20260226_030637/mask_80c.png,1064,0.0032470703125
000104_20260226_030638,exported,20260226_030638.tiff,2026-02-26 03:06:38,390.5,00:06:30.500,11715,raw/thermal/20260226_030638.tiff,processed/aligned/000104_20260226_030638/thermal.tiff,processed/aligned/000104_20260226_030638/thermal.png,processed/aligned/000104_20260226_030638/video.png,processed/aligned/000104_20260226_030638/overlay.png,0.3123760558664799,0.127459716796875,0.475140380859375,primary,292.0,00:04:52,292.5,00:04:52.500,20260226_030500.tiff,processed/aligned/000104_20260226_030638/mask_80c.png,2346,0.007159423828125
000105_20260226_030639,exported,20260226_030639.tiff,2026-02-26 03:06:39,391.5,00:06:31.500,11745,raw/thermal/20260226_030639.tiff,processed/aligned/000105_20260226_030639/thermal.tiff,processed/aligned/000105_20260226_030639/thermal.png,processed/aligned/000105_20260226_030639/video.png,processed/aligned/000105_20260226_030639/overlay.png,0.29067903757095337,0.0717010498046875,0.524505615234375,primary,292.0,00:04:52,292.5,00:04:52.500,20260226_030500.tiff,processed/aligned/000105_20260226_030639/mask_80c.png,3024,0.009228515625
000106_20260226_030640,exported,20260226_030640.tiff,2026-02-26 03:06:40,392.5,00:06:32.500,11775,raw/thermal/20260226_030640.tiff,processed/aligned/000106_20260226_030640/thermal.tiff,processed/aligned/000106_20260226_030640/thermal.png,processed/aligned/000106_20260226_030640/video.png,processed/aligned/000106_20260226_030640/overlay.png,0.30654121562838554,0.084600830078125,0.5756927490234375,primary,292.0,00:04:52,292.5,00:04:52.500,20260226_030500.tiff,processed/aligned/000106_20260226_030640/mask_80c.png,2511,0.0076629638671875
000107_20260226_030641,exported,20260226_030641.tiff,2026-02-26 03:06:41,393.5,00:06:33.500,11805,raw/thermal/20260226_030641.tiff,processed/aligned/000107_20260226_030641/thermal.tiff,processed/aligned/000107_20260226_030641/thermal.png,processed/aligned/000107_20260226_030641/video.png,processed/aligned/000107_20260226_030641/overlay.png,0.35938459634780884,0.134466552734375,0.5955413818359375,primary,292.0,00:04:52,292.5,00:04:52.500,20260226_030500.tiff,processed/aligned/000107_20260226_030641/mask_80c.png,1941,0.0059234619140625
000108_20260226_030642,exported,20260226_030642.tiff,2026-02-26 03:06:42,394.5,00:06:34.500,11835,raw/thermal/20260226_030642.tiff,processed/aligned/000108_20260226_030642/thermal.tiff,processed/aligned/000108_20260226_030642/thermal.png,processed/aligned/000108_20260226_030642/video.png,processed/aligned/000108_20260226_030642/overlay.png,0.30152878910303116,0.0707000732421875,0.6220611572265625,primary,292.0,00:04:52,292.5,00:04:52.500,20260226_030500.tiff,processed/aligned/000108_20260226_030642/mask_80c.png,1604,0.00489501953125
000109_20260226_030643,exported,20260226_030643.tiff,2026-02-26 03:06:43,395.5,00:06:35.500,11865,raw/thermal/20260226_030643.tiff,processed/aligned/000109_20260226_030643/thermal.tiff,processed/aligned/000109_20260226_030643/thermal.png,processed/aligned/000109_20260226_030643/video.png,processed/aligned/000109_20260226_030643/overlay.png,0.2686806432902813,0.059014892578125,0.6441070556640625,primary,292.0,00:04:52,292.5,00:04:52.500,20260226_030500.tiff,processed/aligned/000109_20260226_030643/mask_80c.png,1583,0.0048309326171875
000110_20260226_030644,exported,20260226_030644.tiff,2026-02-26 03:06:44,396.5,00:06:36.500,11895,raw/thermal/20260226_030644.tiff,processed/aligned/000110_20260226_030644/thermal.tiff,processed/aligned/000110_20260226_030644/thermal.png,processed/aligned/000110_20260226_030644/video.png,processed/aligned/000110_20260226_030644/overlay.png,0.4298848733305931,0.17935791015625,0.6783538818359375,primary,292.0,00:04:52,292.5,00:04:52.500,20260226_030500.tiff,processed/aligned/000110_20260226_030644/mask_80c.png,779,0.0023773193359375
000111_20260226_030645,exported,20260226_030645.tiff,2026-02-26 03:06:45,397.5,00:06:37.500,11925,raw/thermal/20260226_030645.tiff,processed/aligned/000111_20260226_030645/thermal.tiff,processed/aligned/000111_20260226_030645/thermal.png,processed/aligned/000111_20260226_030645/video.png,processed/aligned/000111_20260226_030645/overlay.png,0.35225629806518555,0.126324462890625,0.6399993896484375,primary,292.0,00:04:52,292.5,00:04:52.500,20260226_030500.tiff,processed/aligned/000111_20260226_030645/mask_80c.png,1629,0.0049713134765625
000112_20260226_030646,exported,20260226_030646.tiff,2026-02-26 03:06:46,398.5,00:06:38.500,11955,raw/thermal/20260226_030646.tiff,processed/aligned/000112_20260226_030646/thermal.tiff,processed/aligned/000112_20260226_030646/thermal.png,processed/aligned/000112_20260226_030646/video.png,processed/aligned/000112_20260226_030646/overlay.png,0.37185369431972504,0.1277984619140625,0.63175048828125,primary,292.0,00:04:52,292.5,00:04:52.500,20260226_030500.tiff,processed/aligned/000112_20260226_030646/mask_80c.png,0,0.0
000113_20260226_030647,exported,20260226_030647.tiff,2026-02-26 03:06:47,399.5,00:06:39.500,11985,raw/thermal/20260226_030647.tiff,processed/aligned/000113_20260226_030647/thermal.tiff,processed/aligned/000113_20260226_030647/thermal.png,processed/aligned/000113_20260226_030647/video.png,processed/aligned/000113_20260226_030647/overlay.png,0.41846509277820587,0.1764068603515625,0.631109619140625,primary,292.0,00:04:52,292.5,00:04:52.500,20260226_030500.tiff,processed/aligned/000113_20260226_030647/mask_80c.png,246,0.000750732421875
000114_20260226_030648,exported,20260226_030648.tiff,2026-02-26 03:06:48,400.5,00:06:40.500,12015,raw/thermal/20260226_030648.tiff,processed/aligned/000114_20260226_030648/thermal.tiff,processed/aligned/000114_20260226_030648/thermal.png,processed/aligned/000114_20260226_030648/video.png,processed/aligned/000114_20260226_030648/overlay.png,0.4262768253684044,0.1965606689453125,0.6173980712890625,primary,292.0,00:04:52,292.5,00:04:52.500,20260226_030500.tiff,processed/aligned/000114_20260226_030648/mask_80c.png,0,0.0
000115_20260226_030649,exported,20260226_030649.tiff,2026-02-26 03:06:49,401.5,00:06:41.500,12045,raw/thermal/20260226_030649.tiff,processed/aligned/000115_20260226_030649/thermal.tiff,processed/aligned/000115_20260226_030649/thermal.png,processed/aligned/000115_20260226_030649/video.png,processed/aligned/000115_20260226_030649/overlay.png,0.4055826887488365,0.2255340576171875,0.5055816650390625,primary,292.0,00:04:52,292.5,00:04:52.500,20260226_030500.tiff,processed/aligned/000115_20260226_030649/mask_80c.png,0,0.0
000116_20260226_030650,exported,20260226_030650.tiff,2026-02-26 03:06:50,402.5,00:06:42.500,12075,raw/thermal/20260226_030650.tiff,processed/aligned/000116_20260226_030650/thermal.tiff,processed/aligned/000116_20260226_030650/thermal.png,processed/aligned/000116_20260226_030650/video.png,processed/aligned/000116_20260226_030650/overlay.png,0.4443895220756531,0.22841796875,0.5767181396484375,primary,292.0,00:04:52,292.5,00:04:52.500,20260226_030500.tiff,processed/aligned/000116_20260226_030650/mask_80c.png,44,0.00013427734375
000117_20260226_030651,exported,20260226_030651.tiff,2026-02-26 03:06:51,403.5,00:06:43.500,12105,raw/thermal/20260226_030651.tiff,processed/aligned/000117_20260226_030651/thermal.tiff,processed/aligned/000117_20260226_030651/thermal.png,processed/aligned/000117_20260226_030651/video.png,processed/aligned/000117_20260226_030651/overlay.png,0.4429313614964485,0.2361114501953125,0.580865478515625,primary,292.0,00:04:52,292.5,00:04:52.500,20260226_030500.tiff,processed/aligned/000117_20260226_030651/mask_80c.png,13,3.96728515625e-05
000118_20260226_030652,exported,20260226_030652.tiff,2026-02-26 03:06:52,404.5,00:06:44.500,12135,raw/thermal/20260226_030652.tiff,processed/aligned/000118_20260226_030652/thermal.tiff,processed/aligned/000118_20260226_030652/thermal.png,processed/aligned/000118_20260226_030652/video.png,processed/aligned/000118_20260226_030652/overlay.png,0.42513272911310196,0.2139129638671875,0.538751220703125,primary,292.0,00:04:52,292.5,00:04:52.500,20260226_030500.tiff,processed/aligned/000118_20260226_030652/mask_80c.png,3,9.1552734375e-06
000119_20260226_030653,exported,20260226_030653.tiff,2026-02-26 03:06:53,405.5,00:06:45.500,12165,raw/thermal/20260226_030653.tiff,processed/aligned/000119_20260226_030653/thermal.tiff,processed/aligned/000119_20260226_030653/thermal.png,processed/aligned/000119_20260226_030653/video.png,processed/aligned/000119_20260226_030653/overlay.png,0.45985066145658493,0.3176025390625,0.5069793701171875,primary,292.0,00:04:52,292.5,00:04:52.500,20260226_030500.tiff,processed/aligned/000119_20260226_030653/mask_80c.png,0,0.0
000120_20260226_030654,exported,20260226_030654.tiff,2026-02-26 03:06:54,406.5,00:06:46.500,12195,raw/thermal/20260226_030654.tiff,processed/aligned/000120_20260226_030654/thermal.tiff,processed/aligned/000120_20260226_030654/thermal.png,processed/aligned/000120_20260226_030654/video.png,processed/aligned/000120_20260226_030654/overlay.png,0.5212316364049911,0.3481689453125,0.6355560302734375,primary,292.0,00:04:52,292.5,00:04:52.500,20260226_030500.tiff,processed/aligned/000120_20260226_030654/mask_80c.png,122,0.000372314453125
000121_20260226_030655,exported,20260226_030655.tiff,2026-02-26 03:06:55,407.5,00:06:47.500,12225,raw/thermal/20260226_030655.tiff,processed/aligned/000121_20260226_030655/thermal.tiff,processed/aligned/000121_20260226_030655/thermal.png,processed/aligned/000121_20260226_030655/video.png,processed/aligned/000121_20260226_030655/overlay.png,0.45929551124572754,0.248492431640625,0.6265777587890625,primary,292.0,00:04:52,292.5,00:04:52.500,20260226_030500.tiff,processed/aligned/000121_20260226_030655/mask_80c.png,154,0.000469970703125
000122_20260226_030656,exported,20260226_030656.tiff,2026-02-26 03:06:56,408.5,00:06:48.500,12255,raw/thermal/20260226_030656.tiff,processed/aligned/000122_20260226_030656/thermal.tiff,processed/aligned/000122_20260226_030656/thermal.png,processed/aligned/000122_20260226_030656/video.png,processed/aligned/000122_20260226_030656/overlay.png,0.4372677654027939,0.225067138671875,0.5827117919921875,primary,292.0,00:04:52,292.5,00:04:52.500,20260226_030500.tiff,processed/aligned/000122_20260226_030656/mask_80c.png,0,0.0
000123_20260226_030657,exported,20260226_030657.tiff,2026-02-26 03:06:57,409.5,00:06:49.500,12285,raw/thermal/20260226_030657.tiff,processed/aligned/000123_20260226_030657/thermal.tiff,processed/aligned/000123_20260226_030657/thermal.png,processed/aligned/000123_20260226_030657/video.png,processed/aligned/000123_20260226_030657/overlay.png,0.4440350979566574,0.246612548828125,0.5598052978515625,primary,292.0,00:04:52,292.5,00:04:52.500,20260226_030500.tiff,processed/aligned/000123_20260226_030657/mask_80c.png,0,0.0
000124_20260226_030658,exported,20260226_030658.tiff,2026-02-26 03:06:58,410.5,00:06:50.500,12315,raw/thermal/20260226_030658.tiff,processed/aligned/000124_20260226_030658/thermal.tiff,processed/aligned/000124_20260226_030658/thermal.png,processed/aligned/000124_20260226_030658/video.png,processed/aligned/000124_20260226_030658/overlay.png,0.3899363949894905,0.1642852783203125,0.594964599609375,primary,292.0,00:04:52,292.5,00:04:52.500,20260226_030500.tiff,processed/aligned/000124_20260226_030658/mask_80c.png,1083,0.0033050537109375
000125_20260226_030659,exported,20260226_030659.tiff,2026-02-26 03:06:59,411.5,00:06:51.500,12345,raw/thermal/20260226_030659.tiff,processed/aligned/000125_20260226_030659/thermal.tiff,processed/aligned/000125_20260226_030659/thermal.png,processed/aligned/000125_20260226_030659/video.png,processed/aligned/000125_20260226_030659/overlay.png,0.4213753491640091,0.225213623046875,0.56787109375,primary,292.0,00:04:52,292.5,00:04:52.500,20260226_030500.tiff,processed/aligned/000125_20260226_030659/mask_80c.png,996,0.00303955078125
000126_20260226_030700,exported,20260226_030700.tiff,2026-02-26 03:07:00,412.5,00:06:52.500,12375,raw/thermal/20260226_030700.tiff,processed/aligned/000126_20260226_030700/thermal.tiff,processed/aligned/000126_20260226_030700/thermal.png,processed/aligned/000126_20260226_030700/video.png,processed/aligned/000126_20260226_030700/overlay.png,0.39362651109695435,0.1759246826171875,0.534326171875,primary,292.0,00:04:52,292.5,00:04:52.500,20260226_030500.tiff,processed/aligned/000126_20260226_030700/mask_80c.png,892,0.00272216796875
000127_20260226_030701,exported,20260226_030701.tiff,2026-02-26 03:07:01,413.5,00:06:53.500,12405,raw/thermal/20260226_030701.tiff,processed/aligned/000127_20260226_030701/thermal.tiff,processed/aligned/000127_20260226_030701/thermal.png,processed/aligned/000127_20260226_030701/video.png,processed/aligned/000127_20260226_030701/overlay.png,0.3630729764699936,0.1357452392578125,0.5594635009765625,primary,292.0,00:04:52,292.5,00:04:52.500,20260226_030500.tiff,processed/aligned/000127_20260226_030701/mask_80c.png,801,0.0024444580078125
000128_20260226_030702,exported,20260226_030702.tiff,2026-02-26 03:07:02,414.5,00:06:54.500,12435,raw/thermal/20260226_030702.tiff,processed/aligned/000128_20260226_030702/thermal.tiff,processed/aligned/000128_20260226_030702/thermal.png,processed/aligned/000128_20260226_030702/video.png,processed/aligned/000128_20260226_030702/overlay.png,0.3447652533650398,0.106463623046875,0.5986419677734375,primary,292.0,00:04:52,292.5,00:04:52.500,20260226_030500.tiff,processed/aligned/000128_20260226_030702/mask_80c.png,201,0.0006134033203125
000129_20260226_030703,exported,20260226_030703.tiff,2026-02-26 03:07:03,415.5,00:06:55.500,12465,raw/thermal/20260226_030703.tiff,processed/aligned/000129_20260226_030703/thermal.tiff,processed/aligned/000129_20260226_030703/thermal.png,processed/aligned/000129_20260226_030703/video.png,processed/aligned/000129_20260226_030703/overlay.png,0.4076623022556305,0.1936279296875,0.5563140869140625,primary,292.0,00:04:52,292.5,00:04:52.500,20260226_030500.tiff,processed/aligned/000129_20260226_030703/mask_80c.png,331,0.0010101318359375
000130_20260226_030704,exported,20260226_030704.tiff,2026-02-26 03:07:04,416.5,00:06:56.500,12495,raw/thermal/20260226_030704.tiff,processed/aligned/000130_20260226_030704/thermal.tiff,processed/aligned/000130_20260226_030704/thermal.png,processed/aligned/000130_20260226_030704/video.png,processed/aligned/000130_20260226_030704/overlay.png,0.43982812762260437,0.2634918212890625,0.529833984375,primary,292.0,00:04:52,292.5,00:04:52.500,20260226_030500.tiff,processed/aligned/000130_20260226_030704/mask_80c.png,49,0.0001495361328125
000131_20260226_030705,exported,20260226_030705.tiff,2026-02-26 03:07:05,417.5,00:06:57.500,12525,raw/thermal/20260226_030705.tiff,processed/aligned/000131_20260226_030705/thermal.tiff,processed/aligned/000131_20260226_030705/thermal.png,processed/aligned/000131_20260226_030705/video.png,processed/aligned/000131_20260226_030705/overlay.png,0.397572323679924,0.2673309326171875,0.4206756591796875,primary,292.0,00:04:52,292.5,00:04:52.500,20260226_030500.tiff,processed/aligned/000131_20260226_030705/mask_80c.png,625,0.0019073486328125
000132_20260226_030706,exported,20260226_030706.tiff,2026-02-26 03:07:06,418.5,00:06:58.500,12555,raw/thermal/20260226_030706.tiff,processed/aligned/000132_20260226_030706/thermal.tiff,processed/aligned/000132_20260226_030706/thermal.png,processed/aligned/000132_20260226_030706/video.png,processed/aligned/000132_20260226_030706/overlay.png,0.36659203469753265,0.20869140625,0.402001953125,primary,292.0,00:04:52,292.5,00:04:52.500,20260226_030500.tiff,processed/aligned/000132_20260226_030706/mask_80c.png,904,0.0027587890625
000133_20260226_030707,exported,20260226_030707.tiff,2026-02-26 03:07:07,419.5,00:06:59.500,12585,raw/thermal/20260226_030707.tiff,processed/aligned/000133_20260226_030707/thermal.tiff,processed/aligned/000133_20260226_030707/thermal.png,processed/aligned/000133_20260226_030707/video.png,processed/aligned/000133_20260226_030707/overlay.png,0.4080396741628647,0.2588470458984375,0.45677490234375,primary,292.0,00:04:52,292.5,00:04:52.500,20260226_030500.tiff,processed/aligned/000133_20260226_030707/mask_80c.png,669,0.0020416259765625
000134_20260226_030708,exported,20260226_030708.tiff,2026-02-26 03:07:08,420.5,00:07:00.500,12615,raw/thermal/20260226_030708.tiff,processed/aligned/000134_20260226_030708/thermal.tiff,processed/aligned/000134_20260226_030708/thermal.png,processed/aligned/000134_20260226_030708/video.png,processed/aligned/000134_20260226_030708/overlay.png,0.41995246708393097,0.314862060546875,0.4236114501953125,primary,292.0,00:04:52,292.5,00:04:52.500,20260226_030500.tiff,processed/aligned/000134_20260226_030708/mask_80c.png,668,0.00203857421875
000135_20260226_030709,exported,20260226_030709.tiff,2026-02-26 03:07:09,421.5,00:07:01.500,12645,raw/thermal/20260226_030709.tiff,processed/aligned/000135_20260226_030709/thermal.tiff,processed/aligned/000135_20260226_030709/thermal.png,processed/aligned/000135_20260226_030709/video.png,processed/aligned/000135_20260226_030709/overlay.png,0.4882858097553253,0.3535858154296875,0.5458221435546875,primary,292.0,00:04:52,292.5,00:04:52.500,20260226_030500.tiff,processed/aligned/000135_20260226_030709/mask_80c.png,657,0.0020050048828125
000136_20260226_030710,exported,20260226_030710.tiff,2026-02-26 03:07:10,422.5,00:07:02.500,12675,raw/thermal/20260226_030710.tiff,processed/aligned/000136_20260226_030710/thermal.tiff,processed/aligned/000136_20260226_030710/thermal.png,processed/aligned/000136_20260226_030710/video.png,processed/aligned/000136_20260226_030710/overlay.png,0.4507013186812401,0.3144622802734375,0.4694854736328125,primary,292.0,00:04:52,292.5,00:04:52.500,20260226_030500.tiff,processed/aligned/000136_20260226_030710/mask_80c.png,333,0.0010162353515625
000137_20260226_030711,exported,20260226_030711.tiff,2026-02-26 03:07:11,423.5,00:07:03.500,12705,raw/thermal/20260226_030711.tiff,processed/aligned/000137_20260226_030711/thermal.tiff,processed/aligned/000137_20260226_030711/thermal.png,processed/aligned/000137_20260226_030711/video.png,processed/aligned/000137_20260226_030711/overlay.png,0.457632876932621,0.3554473876953125,0.461328125,primary,292.0,00:04:52,292.5,00:04:52.500,20260226_030500.tiff,processed/aligned/000137_20260226_030711/mask_80c.png,118,0.000360107421875
000138_20260226_030712,exported,20260226_030712.tiff,2026-02-26 03:07:12,424.5,00:07:04.500,12735,raw/thermal/20260226_030712.tiff,processed/aligned/000138_20260226_030712/thermal.tiff,processed/aligned/000138_20260226_030712/thermal.png,processed/aligned/000138_20260226_030712/video.png,processed/aligned/000138_20260226_030712/overlay.png,0.4487743303179741,0.3256866455078125,0.4371429443359375,primary,292.0,00:04:52,292.5,00:04:52.500,20260226_030500.tiff,processed/aligned/000138_20260226_030712/mask_80c.png,177,0.0005401611328125
000139_20260226_030713,exported,20260226_030713.tiff,2026-02-26 03:07:13,425.5,00:07:05.500,12765,raw/thermal/20260226_030713.tiff,processed/aligned/000139_20260226_030713/thermal.tiff,processed/aligned/000139_20260226_030713/thermal.png,processed/aligned/000139_20260226_030713/video.png,processed/aligned/000139_20260226_030713/overlay.png,0.4665408805012703,0.3582122802734375,0.486376953125,primary,292.0,00:04:52,292.5,00:04:52.500,20260226_030500.tiff,processed/aligned/000139_20260226_030713/mask_80c.png,170,0.000518798828125
000140_20260226_030714,exported,20260226_030714.tiff,2026-02-26 03:07:14,426.5,00:07:06.500,12795,raw/thermal/20260226_030714.tiff,processed/aligned/000140_20260226_030714/thermal.tiff,processed/aligned/000140_20260226_030714/thermal.png,processed/aligned/000140_20260226_030714/video.png,processed/aligned/000140_20260226_030714/overlay.png,0.46528559923171997,0.312628173828125,0.5299896240234375,primary,292.0,00:04:52,292.5,00:04:52.500,20260226_030500.tiff,processed/aligned/000140_20260226_030714/mask_80c.png,638,0.001947021484375
000141_20260226_030715,exported,20260226_030715.tiff,2026-02-26 03:07:15,427.5,00:07:07.500,12825,raw/thermal/20260226_030715.tiff,processed/aligned/000141_20260226_030715/thermal.tiff,processed/aligned/000141_20260226_030715/thermal.png,processed/aligned/000141_20260226_030715/video.png,processed/aligned/000141_20260226_030715/overlay.png,0.442012295126915,0.2838409423828125,0.516802978515625,primary,292.0,00:04:52,292.5,00:04:52.500,20260226_030500.tiff,processed/aligned/000141_20260226_030715/mask_80c.png,408,0.0012451171875
000142_20260226_030716,exported,20260226_030716.tiff,2026-02-26 03:07:16,428.5,00:07:08.500,12855,raw/thermal/20260226_030716.tiff,processed/aligned/000142_20260226_030716/thermal.tiff,processed/aligned/000142_20260226_030716/thermal.png,processed/aligned/000142_20260226_030716/video.png,processed/aligned/000142_20260226_030716/overlay.png,0.4558142423629761,0.310040283203125,0.5119049072265625,primary,292.0,00:04:52,292.5,00:04:52.500,20260226_030500.tiff,processed/aligned/000142_20260226_030716/mask_80c.png,548,0.00167236328125
000143_20260226_030717,exported,20260226_030717.tiff,2026-02-26 03:07:17,429.5,00:07:09.500,12885,raw/thermal/20260226_030717.tiff,processed/aligned/000143_20260226_030717/thermal.tiff,processed/aligned/000143_20260226_030717/thermal.png,processed/aligned/000143_20260226_030717/video.png,processed/aligned/000143_20260226_030717/overlay.png,0.4394944831728935,0.2732330322265625,0.525262451171875,primary,292.0,00:04:52,292.5,00:04:52.500,20260226_030500.tiff,processed/aligned/000143_20260226_030717/mask_80c.png,128,0.000390625
000144_20260226_030718,exported,20260226_030718.tiff,2026-02-26 03:07:18,430.5,00:07:10.500,12915,raw/thermal/20260226_030718.tiff,processed/aligned/000144_20260226_030718/thermal.tiff,processed/aligned/000144_20260226_030718/thermal.png,processed/aligned/000144_20260226_030718/video.png,processed/aligned/000144_20260226_030718/overlay.png,0.4440363496541977,0.2654388427734375,0.522039794921875,primary,292.0,00:04:52,292.5,00:04:52.500,20260226_030500.tiff,processed/aligned/000144_20260226_030718/mask_80c.png,12,3.662109375e-05
000145_20260226_030719,exported,20260226_030719.tiff,2026-02-26 03:07:19,431.5,00:07:11.500,12945,raw/thermal/20260226_030719.tiff,processed/aligned/000145_20260226_030719/thermal.tiff,processed/aligned/000145_20260226_030719/thermal.png,processed/aligned/000145_20260226_030719/video.png,processed/aligned/000145_20260226_030719/overlay.png,0.43732279539108276,0.25362548828125,0.50491943359375,primary,292.0,00:04:52,292.5,00:04:52.500,20260226_030500.tiff,processed/aligned/000145_20260226_030719/mask_80c.png,34,0.000103759765625
000146_20260226_030720,exported,20260226_030720.tiff,2026-02-26 03:07:20,432.5,00:07:12.500,12975,raw/thermal/20260226_030720.tiff,processed/aligned/000146_20260226_030720/thermal.tiff,processed/aligned/000146_20260226_030720/thermal.png,processed/aligned/000146_20260226_030720/video.png,processed/aligned/000146_20260226_030720/overlay.png,0.46588803082704544,0.299322509765625,0.5386993408203125,primary,292.0,00:04:52,292.5,00:04:52.500,20260226_030500.tiff,processed/aligned/000146_20260226_030720/mask_80c.png,123,0.0003753662109375
000147_20260226_030721,exported,20260226_030721.tiff,2026-02-26 03:07:21,433.5,00:07:13.500,13005,raw/thermal/20260226_030721.tiff,processed/aligned/000147_20260226_030721/thermal.tiff,processed/aligned/000147_20260226_030721/thermal.png,processed/aligned/000147_20260226_030721/video.png,processed/aligned/000147_20260226_030721/overlay.png,0.44879771023988724,0.2889617919921875,0.527764892578125,primary,292.0,00:04:52,292.5,00:04:52.500,20260226_030500.tiff,processed/aligned/000147_20260226_030721/mask_80c.png,182,0.000555419921875
000148_20260226_030722,exported,20260226_030722.tiff,2026-02-26 03:07:22,434.5,00:07:14.500,13035,raw/thermal/20260226_030722.tiff,processed/aligned/000148_20260226_030722/thermal.tiff,processed/aligned/000148_20260226_030722/thermal.png,processed/aligned/000148_20260226_030722/video.png,processed/aligned/000148_20260226_030722/overlay.png,0.4597235172986984,0.266961669921875,0.547296142578125,primary,292.0,00:04:52,292.5,00:04:52.500,20260226_030500.tiff,processed/aligned/000148_20260226_030722/mask_80c.png,192,0.0005859375
000149_20260226_030723,exported,20260226_030723.tiff,2026-02-26 03:07:23,435.5,00:07:15.500,13065,raw/thermal/20260226_030723.tiff,processed/aligned/000149_20260226_030723/thermal.tiff,processed/aligned/000149_20260226_030723/thermal.png,processed/aligned/000149_20260226_030723/video.png,processed/aligned/000149_20260226_030723/overlay.png,0.49829497188329697,0.345550537109375,0.53631591796875,primary,292.0,00:04:52,292.5,00:04:52.500,20260226_030500.tiff,processed/aligned/000149_20260226_030723/mask_80c.png,311,0.0009490966796875
000150_20260226_030724,exported,20260226_030724.tiff,2026-02-26 03:07:24,436.5,00:07:16.500,13095,raw/thermal/20260226_030724.tiff,processed/aligned/000150_20260226_030724/thermal.tiff,processed/aligned/000150_20260226_030724/thermal.png,processed/aligned/000150_20260226_030724/video.png,processed/aligned/000150_20260226_030724/overlay.png,0.4843064472079277,0.3055999755859375,0.57139892578125,primary,292.0,00:04:52,292.5,00:04:52.500,20260226_030500.tiff,processed/aligned/000150_20260226_030724/mask_80c.png,525,0.0016021728515625
000151_20260226_030725,exported,20260226_030725.tiff,2026-02-26 03:07:25,437.5,00:07:17.500,13125,raw/thermal/20260226_030725.tiff,processed/aligned/000151_20260226_030725/thermal.tiff,processed/aligned/000151_20260226_030725/thermal.png,processed/aligned/000151_20260226_030725/video.png,processed/aligned/000151_20260226_030725/overlay.png,0.466736800968647,0.297869873046875,0.559515380859375,primary,292.0,00:04:52,292.5,00:04:52.500,20260226_030500.tiff,processed/aligned/000151_20260226_030725/mask_80c.png,568,0.0017333984375
000152_20260226_030726,exported,20260226_030726.tiff,2026-02-26 03:07:26,438.5,00:07:18.500,13155,raw/thermal/20260226_030726.tiff,processed/aligned/000152_20260226_030726/thermal.tiff,processed/aligned/000152_20260226_030726/thermal.png,processed/aligned/000152_20260226_030726/video.png,processed/aligned/000152_20260226_030726/overlay.png,0.4647730514407158,0.3006072998046875,0.5533599853515625,primary,292.0,00:04:52,292.5,00:04:52.500,20260226_030500.tiff,processed/aligned/000152_20260226_030726/mask_80c.png,410,0.001251220703125
000153_20260226_030727,exported,20260226_030727.tiff,2026-02-26 03:07:27,439.5,00:07:19.500,13185,raw/thermal/20260226_030727.tiff,processed/aligned/000153_20260226_030727/thermal.tiff,processed/aligned/000153_20260226_030727/thermal.png,processed/aligned/000153_20260226_030727/video.png,processed/aligned/000153_20260226_030727/overlay.png,0.39847762882709503,0.19942626953125,0.5435577392578125,primary,292.0,00:04:52,292.5,00:04:52.500,20260226_030500.tiff,processed/aligned/000153_20260226_030727/mask_80c.png,449,0.0013702392578125
000154_20260226_030728,exported,20260226_030728.tiff,2026-02-26 03:07:28,440.5,00:07:20.500,13215,raw/thermal/20260226_030728.tiff,processed/aligned/000154_20260226_030728/thermal.tiff,processed/aligned/000154_20260226_030728/thermal.png,processed/aligned/000154_20260226_030728/video.png,processed/aligned/000154_20260226_030728/overlay.png,0.3656458258628845,0.1246307373046875,0.5490966796875,primary,292.0,00:04:52,292.5,00:04:52.500,20260226_030500.tiff,processed/aligned/000154_20260226_030728/mask_80c.png,221,0.0006744384765625
000155_20260226_030729,exported,20260226_030729.tiff,2026-02-26 03:07:29,441.5,00:07:21.500,13245,raw/thermal/20260226_030729.tiff,processed/aligned/000155_20260226_030729/thermal.tiff,processed/aligned/000155_20260226_030729/thermal.png,processed/aligned/000155_20260226_030729/video.png,processed/aligned/000155_20260226_030729/overlay.png,0.41364961117506027,0.1901214599609375,0.563140869140625,primary,292.0,00:04:52,292.5,00:04:52.500,20260226_030500.tiff,processed/aligned/000155_20260226_030729/mask_80c.png,59,0.0001800537109375
000156_20260226_030730,exported,20260226_030730.tiff,2026-02-26 03:07:30,442.5,00:07:22.500,13275,raw/thermal/20260226_030730.tiff,processed/aligned/000156_20260226_030730/thermal.tiff,processed/aligned/000156_20260226_030730/thermal.png,processed/aligned/000156_20260226_030730/video.png,processed/aligned/000156_20260226_030730/overlay.png,0.387065090239048,0.160101318359375,0.540155029296875,primary,292.0,00:04:52,292.5,00:04:52.500,20260226_030500.tiff,processed/aligned/000156_20260226_030730/mask_80c.png,338,0.001031494140625
000157_20260226_030731,exported,20260226_030731.tiff,2026-02-26 03:07:31,443.5,00:07:23.500,13305,raw/thermal/20260226_030731.tiff,processed/aligned/000157_20260226_030731/thermal.tiff,processed/aligned/000157_20260226_030731/thermal.png,processed/aligned/000157_20260226_030731/video.png,processed/aligned/000157_20260226_030731/overlay.png,0.45202287286520004,0.2757781982421875,0.530316162109375,primary,292.0,00:04:52,292.5,00:04:52.500,20260226_030500.tiff,processed/aligned/000157_20260226_030731/mask_80c.png,363,0.0011077880859375
000158_20260226_030732,exported,20260226_030732.tiff,2026-02-26 03:07:32,444.5,00:07:24.500,13335,raw/thermal/20260226_030732.tiff,processed/aligned/000158_20260226_030732/thermal.tiff,processed/aligned/000158_20260226_030732/thermal.png,processed/aligned/000158_20260226_030732/video.png,processed/aligned/000158_20260226_030732/overlay.png,0.41680577397346497,0.2160552978515625,0.54228515625,primary,292.0,00:04:52,292.5,00:04:52.500,20260226_030500.tiff,processed/aligned/000158_20260226_030732/mask_80c.png,881,0.0026885986328125
000159_20260226_030733,exported,20260226_030733.tiff,2026-02-26 03:07:33,445.5,00:07:25.500,13365,raw/thermal/20260226_030733.tiff,processed/aligned/000159_20260226_030733/thermal.tiff,processed/aligned/000159_20260226_030733/thermal.png,processed/aligned/000159_20260226_030733/video.png,processed/aligned/000159_20260226_030733/overlay.png,0.43493039160966873,0.254266357421875,0.5492340087890625,primary,292.0,00:04:52,292.5,00:04:52.500,20260226_030500.tiff,processed/aligned/000159_20260226_030733/mask_80c.png,867,0.0026458740234375
000160_20260226_030734,exported,20260226_030734.tiff,2026-02-26 03:07:34,446.5,00:07:26.500,13395,raw/thermal/20260226_030734.tiff,processed/aligned/000160_20260226_030734/thermal.tiff,processed/aligned/000160_20260226_030734/thermal.png,processed/aligned/000160_20260226_030734/video.png,processed/aligned/000160_20260226_030734/overlay.png,0.4224311038851738,0.23753662109375,0.503436279296875,primary,292.0,00:04:52,292.5,00:04:52.500,20260226_030500.tiff,processed/aligned/000160_20260226_030734/mask_80c.png,245,0.0007476806640625
000161_20260226_030735,exported,20260226_030735.tiff,2026-02-26 03:07:35,447.5,00:07:27.500,13425,raw/thermal/20260226_030735.tiff,processed/aligned/000161_20260226_030735/thermal.tiff,processed/aligned/000161_20260226_030735/thermal.png,processed/aligned/000161_20260226_030735/video.png,processed/aligned/000161_20260226_030735/overlay.png,0.419963963329792,0.20242919921875,0.5674041748046875,primary,292.0,00:04:52,292.5,00:04:52.500,20260226_030500.tiff,processed/aligned/000161_20260226_030735/mask_80c.png,324,0.00098876953125
000162_20260226_030736,exported,20260226_030736.tiff,2026-02-26 03:07:36,448.5,00:07:28.500,13455,raw/thermal/20260226_030736.tiff,processed/aligned/000162_20260226_030736/thermal.tiff,processed/aligned/000162_20260226_030736/thermal.png,processed/aligned/000162_20260226_030736/video.png,processed/aligned/000162_20260226_030736/overlay.png,0.42570456862449646,0.2063018798828125,0.5998046875,primary,292.0,00:04:52,292.5,00:04:52.500,20260226_030500.tiff,processed/aligned/000162_20260226_030736/mask_80c.png,232,0.0007080078125
000163_20260226_030737,exported,20260226_030737.tiff,2026-02-26 03:07:37,449.5,00:07:29.500,13485,raw/thermal/20260226_030737.tiff,processed/aligned/000163_20260226_030737/thermal.tiff,processed/aligned/000163_20260226_030737/thermal.png,processed/aligned/000163_20260226_030737/video.png,processed/aligned/000163_20260226_030737/overlay.png,0.4282468482851982,0.1909210205078125,0.6390594482421875,primary,292.0,00:04:52,292.5,00:04:52.500,20260226_030500.tiff,processed/aligned/000163_20260226_030737/mask_80c.png,152,0.0004638671875
000164_20260226_030738,exported,20260226_030738.tiff,2026-02-26 03:07:38,450.5,00:07:30.500,13515,raw/thermal/20260226_030738.tiff,processed/aligned/000164_20260226_030738/thermal.tiff,processed/aligned/000164_20260226_030738/thermal.png,processed/aligned/000164_20260226_030738/video.png,processed/aligned/000164_20260226_030738/overlay.png,0.3972049057483673,0.1518035888671875,0.617193603515625,primary,292.0,00:04:52,292.5,00:04:52.500,20260226_030500.tiff,processed/aligned/000164_20260226_030738/mask_80c.png,132,0.00040283203125
000165_20260226_030739,exported,20260226_030739.tiff,2026-02-26 03:07:39,451.5,00:07:31.500,13545,raw/thermal/20260226_030739.tiff,processed/aligned/000165_20260226_030739/thermal.tiff,processed/aligned/000165_20260226_030739/thermal.png,processed/aligned/000165_20260226_030739/video.png,processed/aligned/000165_20260226_030739/overlay.png,0.4083179831504822,0.1561370849609375,0.6408966064453125,primary,292.0,00:04:52,292.5,00:04:52.500,20260226_030500.tiff,processed/aligned/000165_20260226_030739/mask_80c.png,37,0.0001129150390625
000166_20260226_030740,exported,20260226_030740.tiff,2026-02-26 03:07:40,452.5,00:07:32.500,13575,raw/thermal/20260226_030740.tiff,processed/aligned/000166_20260226_030740/thermal.tiff,processed/aligned/000166_20260226_030740/thermal.png,processed/aligned/000166_20260226_030740/video.png,processed/aligned/000166_20260226_030740/overlay.png,0.41692642122507095,0.156744384765625,0.669903564453125,primary,292.0,00:04:52,292.5,00:04:52.500,20260226_030500.tiff,processed/aligned/000166_20260226_030740/mask_80c.png,20,6.103515625e-05
000167_20260226_030741,exported,20260226_030741.tiff,2026-02-26 03:07:41,453.5,00:07:33.500,13605,raw/thermal/20260226_030741.tiff,processed/aligned/000167_20260226_030741/thermal.tiff,processed/aligned/000167_20260226_030741/thermal.png,processed/aligned/000167_20260226_030741/video.png,processed/aligned/000167_20260226_030741/overlay.png,0.40731625258922577,0.1641754150390625,0.689422607421875,primary,292.0,00:04:52,292.5,00:04:52.500,20260226_030500.tiff,processed/aligned/000167_20260226_030741/mask_80c.png,2095,0.0063934326171875
000168_20260226_030742,exported,20260226_030742.tiff,2026-02-26 03:07:42,454.5,00:07:34.500,13635,raw/thermal/20260226_030742.tiff,processed/aligned/000168_20260226_030742/thermal.tiff,processed/aligned/000168_20260226_030742/thermal.png,processed/aligned/000168_20260226_030742/video.png,processed/aligned/000168_20260226_030742/overlay.png,0.3316515237092972,0.137152099609375,0.678753662109375,primary,292.0,00:04:52,292.5,00:04:52.500,20260226_030500.tiff,processed/aligned/000168_20260226_030742/mask_80c.png,5206,0.015887451171875
000169_20260226_030743,exported,20260226_030743.tiff,2026-02-26 03:07:43,455.5,00:07:35.500,13665,raw/thermal/20260226_030743.tiff,processed/aligned/000169_20260226_030743/thermal.tiff,processed/aligned/000169_20260226_030743/thermal.png,processed/aligned/000169_20260226_030743/video.png,processed/aligned/000169_20260226_030743/overlay.png,0.2726028636097908,0.13218994140625,0.6432342529296875,primary,292.0,00:04:52,292.5,00:04:52.500,20260226_030500.tiff,processed/aligned/000169_20260226_030743/mask_80c.png,12178,0.037164306640625
000170_20260226_030744,exported,20260226_030744.tiff,2026-02-26 03:07:44,456.5,00:07:36.500,13695,raw/thermal/20260226_030744.tiff,processed/aligned/000170_20260226_030744/thermal.tiff,processed/aligned/000170_20260226_030744/thermal.png,processed/aligned/000170_20260226_030744/video.png,processed/aligned/000170_20260226_030744/overlay.png,0.2623760923743248,0.142340087890625,0.6159820556640625,primary,292.0,00:04:52,292.5,00:04:52.500,20260226_030500.tiff,processed/aligned/000170_20260226_030744/mask_80c.png,23663,0.0722137451171875
000171_20260226_030745,exported,20260226_030745.tiff,2026-02-26 03:07:45,457.5,00:07:37.500,13725,raw/thermal/20260226_030745.tiff,processed/aligned/000171_20260226_030745/thermal.tiff,processed/aligned/000171_20260226_030745/thermal.png,processed/aligned/000171_20260226_030745/video.png,processed/aligned/000171_20260226_030745/overlay.png,0.33189575374126434,0.239080810546875,0.6054290771484375,primary,292.0,00:04:52,292.5,00:04:52.500,20260226_030500.tiff,processed/aligned/000171_20260226_030745/mask_80c.png,27608,0.0842529296875
000172_20260226_030746,exported,20260226_030746.tiff,2026-02-26 03:07:46,458.5,00:07:38.500,13755,raw/thermal/20260226_030746.tiff,processed/aligned/000172_20260226_030746/thermal.tiff,processed/aligned/000172_20260226_030746/thermal.png,processed/aligned/000172_20260226_030746/video.png,processed/aligned/000172_20260226_030746/overlay.png,0.279566153883934,0.1815185546875,0.6118499755859375,primary,292.0,00:04:52,292.5,00:04:52.500,20260226_030500.tiff,processed/aligned/000172_20260226_030746/mask_80c.png,31955,0.0975189208984375
000173_20260226_030747,exported,20260226_030747.tiff,2026-02-26 03:07:47,459.5,00:07:39.500,13785,raw/thermal/20260226_030747.tiff,processed/aligned/000173_20260226_030747/thermal.tiff,processed/aligned/000173_20260226_030747/thermal.png,processed/aligned/000173_20260226_030747/video.png,processed/aligned/000173_20260226_030747/overlay.png,0.2828909531235695,0.1970123291015625,0.599371337890625,primary,292.0,00:04:52,292.5,00:04:52.500,20260226_030500.tiff,processed/aligned/000173_20260226_030747/mask_80c.png,30505,0.0930938720703125
000174_20260226_030748,exported,20260226_030748.tiff,2026-02-26 03:07:48,460.5,00:07:40.500,13815,raw/thermal/20260226_030748.tiff,processed/aligned/000174_20260226_030748/thermal.tiff,processed/aligned/000174_20260226_030748/thermal.png,processed/aligned/000174_20260226_030748/video.png,processed/aligned/000174_20260226_030748/overlay.png,0.26864905655384064,0.1774383544921875,0.6124053955078125,primary,292.0,00:04:52,292.5,00:04:52.500,20260226_030500.tiff,processed/aligned/000174_20260226_030748/mask_80c.png,27014,0.082440185546875
000175_20260226_030749,exported,20260226_030749.tiff,2026-02-26 03:07:49,461.5,00:07:41.500,13845,raw/thermal/20260226_030749.tiff,processed/aligned/000175_20260226_030749/thermal.tiff,processed/aligned/000175_20260226_030749/thermal.png,processed/aligned/000175_20260226_030749/video.png,processed/aligned/000175_20260226_030749/overlay.png,0.32499411702156067,0.224420166015625,0.5821624755859375,primary,292.0,00:04:52,292.5,00:04:52.500,20260226_030500.tiff,processed/aligned/000175_20260226_030749/mask_80c.png,23458,0.071588134765625
000176_20260226_030750,exported,20260226_030750.tiff,2026-02-26 03:07:50,462.5,00:07:42.500,13875,raw/thermal/20260226_030750.tiff,processed/aligned/000176_20260226_030750/thermal.tiff,processed/aligned/000176_20260226_030750/thermal.png,processed/aligned/000176_20260226_030750/video.png,processed/aligned/000176_20260226_030750/overlay.png,0.2928623892366886,0.14464111328125,0.4950439453125,primary,292.0,00:04:52,292.5,00:04:52.500,20260226_030500.tiff,processed/aligned/000176_20260226_030750/mask_80c.png,11814,0.036053466796875
000177_20260226_030751,exported,20260226_030751.tiff,2026-02-26 03:07:51,463.5,00:07:43.500,13905,raw/thermal/20260226_030751.tiff,processed/aligned/000177_20260226_030751/thermal.tiff,processed/aligned/000177_20260226_030751/thermal.png,processed/aligned/000177_20260226_030751/video.png,processed/aligned/000177_20260226_030751/overlay.png,0.3155033439397812,0.1881866455078125,0.4874420166015625,primary,292.0,00:04:52,292.5,00:04:52.500,20260226_030500.tiff,processed/aligned/000177_20260226_030751/mask_80c.png,7235,0.0220794677734375
000178_20260226_030752,exported,20260226_030752.tiff,2026-02-26 03:07:52,464.5,00:07:44.500,13935,raw/thermal/20260226_030752.tiff,processed/aligned/000178_20260226_030752/thermal.tiff,processed/aligned/000178_20260226_030752/thermal.png,processed/aligned/000178_20260226_030752/video.png,processed/aligned/000178_20260226_030752/overlay.png,0.29211346060037613,0.147509765625,0.48673095703125,primary,292.0,00:04:52,292.5,00:04:52.500,20260226_030500.tiff,processed/aligned/000178_20260226_030752/mask_80c.png,7958,0.024285888671875
000179_20260226_030753,exported,20260226_030753.tiff,2026-02-26 03:07:53,465.5,00:07:45.500,13965,raw/thermal/20260226_030753.tiff,processed/aligned/000179_20260226_030753/thermal.tiff,processed/aligned/000179_20260226_030753/thermal.png,processed/aligned/000179_20260226_030753/video.png,processed/aligned/000179_20260226_030753/overlay.png,0.30855485796928406,0.1761932373046875,0.51976318359375,primary,292.0,00:04:52,292.5,00:04:52.500,20260226_030500.tiff,processed/aligned/000179_20260226_030753/mask_80c.png,9095,0.0277557373046875
000180_20260226_030754,exported,20260226_030754.tiff,2026-02-26 03:07:54,466.5,00:07:46.500,13995,raw/thermal/20260226_030754.tiff,processed/aligned/000180_20260226_030754/thermal.tiff,processed/aligned/000180_20260226_030754/thermal.png,processed/aligned/000180_20260226_030754/video.png,processed/aligned/000180_20260226_030754/overlay.png,0.32919152826070786,0.2404022216796875,0.4949249267578125,primary,292.0,00:04:52,292.5,00:04:52.500,20260226_030500.tiff,processed/aligned/000180_20260226_030754/mask_80c.png,12211,0.0372650146484375
000181_20260226_030755,exported,20260226_030755.tiff,2026-02-26 03:07:55,467.5,00:07:47.500,14025,raw/thermal/20260226_030755.tiff,processed/aligned/000181_20260226_030755/thermal.tiff,processed/aligned/000181_20260226_030755/thermal.png,processed/aligned/000181_20260226_030755/video.png,processed/aligned/000181_20260226_030755/overlay.png,0.2853325605392456,0.1567230224609375,0.4904144287109375,primary,292.0,00:04:52,292.5,00:04:52.500,20260226_030500.tiff,processed/aligned/000181_20260226_030755/mask_80c.png,9865,0.0301055908203125
000182_20260226_030756,exported,20260226_030756.tiff,2026-02-26 03:07:56,468.5,00:07:48.500,14055,raw/thermal/20260226_030756.tiff,processed/aligned/000182_20260226_030756/thermal.tiff,processed/aligned/000182_20260226_030756/thermal.png,processed/aligned/000182_20260226_030756/video.png,processed/aligned/000182_20260226_030756/overlay.png,0.30676212906837463,0.1720672607421875,0.5307861328125,primary,292.0,00:04:52,292.5,00:04:52.500,20260226_030500.tiff,processed/aligned/000182_20260226_030756/mask_80c.png,6765,0.0206451416015625
000183_20260226_030757,exported,20260226_030757.tiff,2026-02-26 03:07:57,469.5,00:07:49.500,14085,raw/thermal/20260226_030757.tiff,processed/aligned/000183_20260226_030757/thermal.tiff,processed/aligned/000183_20260226_030757/thermal.png,processed/aligned/000183_20260226_030757/video.png,processed/aligned/000183_20260226_030757/overlay.png,0.3832262456417084,0.2184906005859375,0.5830413818359375,primary,292.0,00:04:52,292.5,00:04:52.500,20260226_030500.tiff,processed/aligned/000183_20260226_030757/mask_80c.png,5600,0.01708984375
000184_20260226_030758,exported,20260226_030758.tiff,2026-02-26 03:07:58,470.5,00:07:50.500,14115,raw/thermal/20260226_030758.tiff,processed/aligned/000184_20260226_030758/thermal.tiff,processed/aligned/000184_20260226_030758/thermal.png,processed/aligned/000184_20260226_030758/video.png,processed/aligned/000184_20260226_030758/overlay.png,0.39262833446264267,0.2181793212890625,0.57109375,primary,292.0,00:04:52,292.5,00:04:52.500,20260226_030500.tiff,processed/aligned/000184_20260226_030758/mask_80c.png,3531,0.0107757568359375
000185_20260226_030759,exported,20260226_030759.tiff,2026-02-26 03:07:59,471.5,00:07:51.500,14145,raw/thermal/20260226_030759.tiff,processed/aligned/000185_20260226_030759/thermal.tiff,processed/aligned/000185_20260226_030759/thermal.png,processed/aligned/000185_20260226_030759/video.png,processed/aligned/000185_20260226_030759/overlay.png,0.3414345681667328,0.278399658203125,0.5027862548828125,primary,292.0,00:04:52,292.5,00:04:52.500,20260226_030500.tiff,processed/aligned/000185_20260226_030759/mask_80c.png,6352,0.019384765625
000186_20260226_030800,exported,20260226_030800.tiff,2026-02-26 03:08:00,472.5,00:07:52.500,14175,raw/thermal/20260226_030800.tiff,processed/aligned/000186_20260226_030800/thermal.tiff,processed/aligned/000186_20260226_030800/thermal.png,processed/aligned/000186_20260226_030800/video.png,processed/aligned/000186_20260226_030800/overlay.png,0.2787961922585964,0.221759033203125,0.407879638671875,primary,292.0,00:04:52,292.5,00:04:52.500,20260226_030500.tiff,processed/aligned/000186_20260226_030800/mask_80c.png,9720,0.0296630859375
000187_20260226_030801,exported,20260226_030801.tiff,2026-02-26 03:08:01,473.5,00:07:53.500,14205,raw/thermal/20260226_030801.tiff,processed/aligned/000187_20260226_030801/thermal.tiff,processed/aligned/000187_20260226_030801/thermal.png,processed/aligned/000187_20260226_030801/video.png,processed/aligned/000187_20260226_030801/overlay.png,0.30596671253442764,0.168487548828125,0.314947509765625,primary,292.0,00:04:52,292.5,00:04:52.500,20260226_030500.tiff,processed/aligned/000187_20260226_030801/mask_80c.png,14703,0.0448699951171875
000188_20260226_030802,exported,20260226_030802.tiff,2026-02-26 03:08:02,474.5,00:07:54.500,14235,raw/thermal/20260226_030802.tiff,processed/aligned/000188_20260226_030802/thermal.tiff,processed/aligned/000188_20260226_030802/thermal.png,processed/aligned/000188_20260226_030802/video.png,processed/aligned/000188_20260226_030802/overlay.png,0.34826309233903885,0.2255279541015625,0.21807861328125,primary,292.0,00:04:52,292.5,00:04:52.500,20260226_030500.tiff,processed/aligned/000188_20260226_030802/mask_80c.png,24274,0.074078369140625
000189_20260226_030803,exported,20260226_030803.tiff,2026-02-26 03:08:03,475.5,00:07:55.500,14265,raw/thermal/20260226_030803.tiff,processed/aligned/000189_20260226_030803/thermal.tiff,processed/aligned/000189_20260226_030803/thermal.png,processed/aligned/000189_20260226_030803/video.png,processed/aligned/000189_20260226_030803/overlay.png,0.3634047210216522,0.250244140625,0.21817626953125,primary,292.0,00:04:52,292.5,00:04:52.500,20260226_030500.tiff,processed/aligned/000189_20260226_030803/mask_80c.png,28056,0.0856201171875
000190_20260226_030804,exported,20260226_030804.tiff,2026-02-26 03:08:04,476.5,00:07:56.500,14295,raw/thermal/20260226_030804.tiff,processed/aligned/000190_20260226_030804/thermal.tiff,processed/aligned/000190_20260226_030804/thermal.png,processed/aligned/000190_20260226_030804/video.png,processed/aligned/000190_20260226_030804/overlay.png,0.30216531828045845,0.114654541015625,0.17159423828125,primary,292.0,00:04:52,292.5,00:04:52.500,20260226_030500.tiff,processed/aligned/000190_20260226_030804/mask_80c.png,12512,0.03818359375
000191_20260226_030805,exported,20260226_030805.tiff,2026-02-26 03:08:05,477.5,00:07:57.500,14325,raw/thermal/20260226_030805.tiff,processed/aligned/000191_20260226_030805/thermal.tiff,processed/aligned/000191_20260226_030805/thermal.png,processed/aligned/000191_20260226_030805/video.png,processed/aligned/000191_20260226_030805/overlay.png,0.2887023314833641,0.1294403076171875,0.1794677734375,primary,292.0,00:04:52,292.5,00:04:52.500,20260226_030500.tiff,processed/aligned/000191_20260226_030805/mask_80c.png,7905,0.0241241455078125
000192_20260226_030806,exported,20260226_030806.tiff,2026-02-26 03:08:06,478.5,00:07:58.500,14355,raw/thermal/20260226_030806.tiff,processed/aligned/000192_20260226_030806/thermal.tiff,processed/aligned/000192_20260226_030806/thermal.png,processed/aligned/000192_20260226_030806/video.png,processed/aligned/000192_20260226_030806/overlay.png,0.3376835212111473,0.162847900390625,0.2156646728515625,primary,292.0,00:04:52,292.5,00:04:52.500,20260226_030500.tiff,processed/aligned/000192_20260226_030806/mask_80c.png,15191,0.0463592529296875
000193_20260226_030807,exported,20260226_030807.tiff,2026-02-26 03:08:07,479.5,00:07:59.500,14385,raw/thermal/20260226_030807.tiff,processed/aligned/000193_20260226_030807/thermal.tiff,processed/aligned/000193_20260226_030807/thermal.png,processed/aligned/000193_20260226_030807/video.png,processed/aligned/000193_20260226_030807/overlay.png,0.3435330241918564,0.1853607177734375,0.263348388671875,primary,292.0,00:04:52,292.5,00:04:52.500,20260226_030500.tiff,processed/aligned/000193_20260226_030807/mask_80c.png,32093,0.0979400634765625
000194_20260226_030808,exported,20260226_030808.tiff,2026-02-26 03:08:08,480.5,00:08:00.500,14415,raw/thermal/20260226_030808.tiff,processed/aligned/000194_20260226_030808/thermal.tiff,processed/aligned/000194_20260226_030808/thermal.png,processed/aligned/000194_20260226_030808/video.png,processed/aligned/000194_20260226_030808/overlay.png,0.2923159971833229,0.1116424560546875,0.2092010498046875,primary,292.0,00:04:52,292.5,00:04:52.500,20260226_030500.tiff,processed/aligned/000194_20260226_030808/mask_80c.png,1330,0.004058837890625
000195_20260226_030809,exported,20260226_030809.tiff,2026-02-26 03:08:09,481.5,00:08:01.500,14445,raw/thermal/20260226_030809.tiff,processed/aligned/000195_20260226_030809/thermal.tiff,processed/aligned/000195_20260226_030809/thermal.png,processed/aligned/000195_20260226_030809/video.png,processed/aligned/000195_20260226_030809/overlay.png,0.2691127173602581,0.114324951171875,0.210919189453125,primary,292.0,00:04:52,292.5,00:04:52.500,20260226_030500.tiff,processed/aligned/000195_20260226_030809/mask_80c.png,143,0.0004364013671875
000196_20260226_030810,exported,20260226_030810.tiff,2026-02-26 03:08:10,482.5,00:08:02.500,14475,raw/thermal/20260226_030810.tiff,processed/aligned/000196_20260226_030810/thermal.tiff,processed/aligned/000196_20260226_030810/thermal.png,processed/aligned/000196_20260226_030810/video.png,processed/aligned/000196_20260226_030810/overlay.png,0.2471843659877777,0.097845458984375,0.2118133544921875,primary,292.0,00:04:52,292.5,00:04:52.500,20260226_030500.tiff,processed/aligned/000196_20260226_030810/mask_80c.png,11554,0.035260009765625
000197_20260226_030811,exported,20260226_030811.tiff,2026-02-26 03:08:11,483.5,00:08:03.500,14505,raw/thermal/20260226_030811.tiff,processed/aligned/000197_20260226_030811/thermal.tiff,processed/aligned/000197_20260226_030811/thermal.png,processed/aligned/000197_20260226_030811/video.png,processed/aligned/000197_20260226_030811/overlay.png,0.20690015330910683,0.12344970703125,0.200592041015625,primary,292.0,00:04:52,292.5,00:04:52.500,20260226_030500.tiff,processed/aligned/000197_20260226_030811/mask_80c.png,35021,0.1068756103515625
000198_20260226_030812,exported,20260226_030812.tiff,2026-02-26 03:08:12,484.5,00:08:04.500,14535,raw/thermal/20260226_030812.tiff,processed/aligned/000198_20260226_030812/thermal.tiff,processed/aligned/000198_20260226_030812/thermal.png,processed/aligned/000198_20260226_030812/video.png,processed/aligned/000198_20260226_030812/overlay.png,0.21667028591036797,0.2465087890625,0.1613677978515625,primary,292.0,00:04:52,292.5,00:04:52.500,20260226_030500.tiff,processed/aligned/000198_20260226_030812/mask_80c.png,80571,0.2458831787109375
000199_20260226_030813,exported,20260226_030813.tiff,2026-02-26 03:08:13,485.5,00:08:05.500,14565,raw/thermal/20260226_030813.tiff,processed/aligned/000199_20260226_030813/thermal.tiff,processed/aligned/000199_20260226_030813/thermal.png,processed/aligned/000199_20260226_030813/video.png,processed/aligned/000199_20260226_030813/overlay.png,0.24335171654820442,0.2647705078125,0.181170654296875,primary,292.0,00:04:52,292.5,00:04:52.500,20260226_030500.tiff,processed/aligned/000199_20260226_030813/mask_80c.png,104836,0.31993408203125
000200_20260226_030814,exported,20260226_030814.tiff,2026-02-26 03:08:14,486.5,00:08:06.500,14595,raw/thermal/20260226_030814.tiff,processed/aligned/000200_20260226_030814/thermal.tiff,processed/aligned/000200_20260226_030814/thermal.png,processed/aligned/000200_20260226_030814/video.png,processed/aligned/000200_20260226_030814/overlay.png,0.2203332632780075,0.2332794189453125,0.177215576171875,primary,292.0,00:04:52,292.5,00:04:52.500,20260226_030500.tiff,processed/aligned/000200_20260226_030814/mask_80c.png,172205,0.5255279541015625
000201_20260226_030815,exported,20260226_030815.tiff,2026-02-26 03:08:15,487.5,00:08:07.500,14625,raw/thermal/20260226_030815.tiff,processed/aligned/000201_20260226_030815/thermal.tiff,processed/aligned/000201_20260226_030815/thermal.png,processed/aligned/000201_20260226_030815/video.png,processed/aligned/000201_20260226_030815/overlay.png,0.23176852613687515,0.2358917236328125,0.1495880126953125,primary,292.0,00:04:52,292.5,00:04:52.500,20260226_030500.tiff,processed/aligned/000201_20260226_030815/mask_80c.png,88995,0.2715911865234375
000202_20260226_030816,exported,20260226_030816.tiff,2026-02-26 03:08:16,488.5,00:08:08.500,14655,raw/thermal/20260226_030816.tiff,processed/aligned/000202_20260226_030816/thermal.tiff,processed/aligned/000202_20260226_030816/thermal.png,processed/aligned/000202_20260226_030816/video.png,processed/aligned/000202_20260226_030816/overlay.png,0.219137042760849,0.2505828857421875,0.188104248046875,primary,292.0,00:04:52,292.5,00:04:52.500,20260226_030500.tiff,processed/aligned/000202_20260226_030816/mask_80c.png,113064,0.3450439453125
000203_20260226_030817,exported,20260226_030817.tiff,2026-02-26 03:08:17,489.5,00:08:09.500,14685,raw/thermal/20260226_030817.tiff,processed/aligned/000203_20260226_030817/thermal.tiff,processed/aligned/000203_20260226_030817/thermal.png,processed/aligned/000203_20260226_030817/video.png,processed/aligned/000203_20260226_030817/overlay.png,0.29727134481072426,0.2480377197265625,0.3360382080078125,primary,292.0,00:04:52,292.5,00:04:52.500,20260226_030500.tiff,processed/aligned/000203_20260226_030817/mask_80c.png,133795,0.4083099365234375
000204_20260226_030818,exported,20260226_030818.tiff,2026-02-26 03:08:18,490.5,00:08:10.500,14715,raw/thermal/20260226_030818.tiff,processed/aligned/000204_20260226_030818/thermal.tiff,processed/aligned/000204_20260226_030818/thermal.png,processed/aligned/000204_20260226_030818/video.png,processed/aligned/000204_20260226_030818/overlay.png,0.3631536513566971,0.2775177001953125,0.41138916015625,primary,292.0,00:04:52,292.5,00:04:52.500,20260226_030500.tiff,processed/aligned/000204_20260226_030818/mask_80c.png,102245,0.3120269775390625
000205_20260226_030819,exported,20260226_030819.tiff,2026-02-26 03:08:19,491.5,00:08:11.500,14745,raw/thermal/20260226_030819.tiff,processed/aligned/000205_20260226_030819/thermal.tiff,processed/aligned/000205_20260226_030819/thermal.png,processed/aligned/000205_20260226_030819/video.png,processed/aligned/000205_20260226_030819/overlay.png,0.36389395594596863,0.26025390625,0.40513916015625,primary,292.0,00:04:52,292.5,00:04:52.500,20260226_030500.tiff,processed/aligned/000205_20260226_030819/mask_80c.png,98383,0.3002410888671875
000206_20260226_030820,exported,20260226_030820.tiff,2026-02-26 03:08:20,492.5,00:08:12.500,14775,raw/thermal/20260226_030820.tiff,processed/aligned/000206_20260226_030820/thermal.tiff,processed/aligned/000206_20260226_030820/thermal.png,processed/aligned/000206_20260226_030820/video.png,processed/aligned/000206_20260226_030820/overlay.png,0.3964140936732292,0.2494232177734375,0.4460205078125,primary,292.0,00:04:52,292.5,00:04:52.500,20260226_030500.tiff,processed/aligned/000206_20260226_030820/mask_80c.png,86938,0.265313720703125
000207_20260226_030821,exported,20260226_030821.tiff,2026-02-26 03:08:21,493.5,00:08:13.500,14805,raw/thermal/20260226_030821.tiff,processed/aligned/000207_20260226_030821/thermal.tiff,processed/aligned/000207_20260226_030821/thermal.png,processed/aligned/000207_20260226_030821/video.png,processed/aligned/000207_20260226_030821/overlay.png,0.40169888734817505,0.27933349609375,0.419842529296875,primary,292.0,00:04:52,292.5,00:04:52.500,20260226_030500.tiff,processed/aligned/000207_20260226_030821/mask_80c.png,90813,0.2771392822265625
000208_20260226_030822,exported,20260226_030822.tiff,2026-02-26 03:08:22,494.5,00:08:14.500,14835,raw/thermal/20260226_030822.tiff,processed/aligned/000208_20260226_030822/thermal.tiff,processed/aligned/000208_20260226_030822/thermal.png,processed/aligned/000208_20260226_030822/video.png,processed/aligned/000208_20260226_030822/overlay.png,0.36694198846817017,0.273004150390625,0.3918609619140625,primary,292.0,00:04:52,292.5,00:04:52.500,20260226_030500.tiff,processed/aligned/000208_20260226_030822/mask_80c.png,52817,0.1611846923828125
000209_20260226_030823,exported,20260226_030823.tiff,2026-02-26 03:08:23,495.5,00:08:15.500,14865,raw/thermal/20260226_030823.tiff,processed/aligned/000209_20260226_030823/thermal.tiff,processed/aligned/000209_20260226_030823/thermal.png,processed/aligned/000209_20260226_030823/video.png,processed/aligned/000209_20260226_030823/overlay.png,0.32296839356422424,0.24783935546875,0.50367431640625,primary,292.0,00:04:52,292.5,00:04:52.500,20260226_030500.tiff,processed/aligned/000209_20260226_030823/mask_80c.png,38015,0.1160125732421875
000210_20260226_030824,exported,20260226_030824.tiff,2026-02-26 03:08:24,496.5,00:08:16.500,14895,raw/thermal/20260226_030824.tiff,processed/aligned/000210_20260226_030824/thermal.tiff,processed/aligned/000210_20260226_030824/thermal.png,processed/aligned/000210_20260226_030824/video.png,processed/aligned/000210_20260226_030824/overlay.png,0.28735537081956863,0.224267578125,0.565106201171875,primary,292.0,00:04:52,292.5,00:04:52.500,20260226_030500.tiff,processed/aligned/000210_20260226_030824/mask_80c.png,31218,0.095269775390625
000211_20260226_030825,exported,20260226_030825.tiff,2026-02-26 03:08:25,497.5,00:08:17.500,14925,raw/thermal/20260226_030825.tiff,processed/aligned/000211_20260226_030825/thermal.tiff,processed/aligned/000211_20260226_030825/thermal.png,processed/aligned/000211_20260226_030825/video.png,processed/aligned/000211_20260226_030825/overlay.png,0.2475558966398239,0.15220947265625,0.6046783447265625,primary,292.0,00:04:52,292.5,00:04:52.500,20260226_030500.tiff,processed/aligned/000211_20260226_030825/mask_80c.png,19513,0.0595489501953125
000212_20260226_030826,exported,20260226_030826.tiff,2026-02-26 03:08:26,498.5,00:08:18.500,14955,raw/thermal/20260226_030826.tiff,processed/aligned/000212_20260226_030826/thermal.tiff,processed/aligned/000212_20260226_030826/thermal.png,processed/aligned/000212_20260226_030826/video.png,processed/aligned/000212_20260226_030826/overlay.png,0.2871137633919716,0.1656097412109375,0.6138824462890625,primary,292.0,00:04:52,292.5,00:04:52.500,20260226_030500.tiff,processed/aligned/000212_20260226_030826/mask_80c.png,8550,0.026092529296875
000213_20260226_030827,exported,20260226_030827.tiff,2026-02-26 03:08:27,499.5,00:08:19.500,14985,raw/thermal/20260226_030827.tiff,processed/aligned/000213_20260226_030827/thermal.tiff,processed/aligned/000213_20260226_030827/thermal.png,processed/aligned/000213_20260226_030827/video.png,processed/aligned/000213_20260226_030827/overlay.png,0.25476672127842903,0.139788818359375,0.589434814453125,primary,292.0,00:04:52,292.5,00:04:52.500,20260226_030500.tiff,processed/aligned/000213_20260226_030827/mask_80c.png,10221,0.0311920166015625
000214_20260226_030828,exported,20260226_030828.tiff,2026-02-26 03:08:28,500.5,00:08:20.500,15015,raw/thermal/20260226_030828.tiff,processed/aligned/000214_20260226_030828/thermal.tiff,processed/aligned/000214_20260226_030828/thermal.png,processed/aligned/000214_20260226_030828/video.png,processed/aligned/000214_20260226_030828/overlay.png,0.22857104241847992,0.1337646484375,0.5445037841796875,primary,292.0,00:04:52,292.5,00:04:52.500,20260226_030500.tiff,processed/aligned/000214_20260226_030828/mask_80c.png,8293,0.0253082275390625
000215_20260226_030829,exported,20260226_030829.tiff,2026-02-26 03:08:29,501.5,00:08:21.500,15045,raw/thermal/20260226_030829.tiff,processed/aligned/000215_20260226_030829/thermal.tiff,processed/aligned/000215_20260226_030829/thermal.png,processed/aligned/000215_20260226_030829/video.png,processed/aligned/000215_20260226_030829/overlay.png,0.30238188058137894,0.1351776123046875,0.5740020751953125,primary,292.0,00:04:52,292.5,00:04:52.500,20260226_030500.tiff,processed/aligned/000215_20260226_030829/mask_80c.png,3582,0.010931396484375
000216_20260226_030830,exported,20260226_030830.tiff,2026-02-26 03:08:30,502.5,00:08:22.500,15075,raw/thermal/20260226_030830.tiff,processed/aligned/000216_20260226_030830/thermal.tiff,processed/aligned/000216_20260226_030830/thermal.png,processed/aligned/000216_20260226_030830/video.png,processed/aligned/000216_20260226_030830/overlay.png,0.31566663086414337,0.07344970703125,0.6503387451171875,primary,292.0,00:04:52,292.5,00:04:52.500,20260226_030500.tiff,processed/aligned/000216_20260226_030830/mask_80c.png,1613,0.0049224853515625
000217_20260226_030831,exported,20260226_030831.tiff,2026-02-26 03:08:31,503.5,00:08:23.500,15105,raw/thermal/20260226_030831.tiff,processed/aligned/000217_20260226_030831/thermal.tiff,processed/aligned/000217_20260226_030831/thermal.png,processed/aligned/000217_20260226_030831/video.png,processed/aligned/000217_20260226_030831/overlay.png,0.295133613049984,0.059283447265625,0.644622802734375,primary,292.0,00:04:52,292.5,00:04:52.500,20260226_030500.tiff,processed/aligned/000217_20260226_030831/mask_80c.png,1120,0.00341796875
000218_20260226_030832,exported,20260226_030832.tiff,2026-02-26 03:08:32,504.5,00:08:24.500,15135,raw/thermal/20260226_030832.tiff,processed/aligned/000218_20260226_030832/thermal.tiff,processed/aligned/000218_20260226_030832/thermal.png,processed/aligned/000218_20260226_030832/video.png,processed/aligned/000218_20260226_030832/overlay.png,0.238022793084383,0.0731903076171875,0.545159912109375,primary,292.0,00:04:52,292.5,00:04:52.500,20260226_030500.tiff,processed/aligned/000218_20260226_030832/mask_80c.png,1949,0.0059478759765625
000219_20260226_030833,exported,20260226_030833.tiff,2026-02-26 03:08:33,505.5,00:08:25.500,15165,raw/thermal/20260226_030833.tiff,processed/aligned/000219_20260226_030833/thermal.tiff,processed/aligned/000219_20260226_030833/thermal.png,processed/aligned/000219_20260226_030833/video.png,processed/aligned/000219_20260226_030833/overlay.png,0.32646866142749786,0.1260772705078125,0.611688232421875,primary,292.0,00:04:52,292.5,00:04:52.500,20260226_030500.tiff,processed/aligned/000219_20260226_030833/mask_80c.png,1610,0.004913330078125
000220_20260226_030834,exported,20260226_030834.tiff,2026-02-26 03:08:34,506.5666666666667,00:08:26.567,15197,raw/thermal/20260226_030834.tiff,processed/aligned/000220_20260226_030834/thermal.tiff,processed/aligned/000220_20260226_030834/thermal.png,processed/aligned/000220_20260226_030834/video.png,processed/aligned/000220_20260226_030834/overlay.png,0.38159308582544327,0.1254180908203125,0.607879638671875,secondary,720.0,00:12:00,720.5666666666667,00:12:00.567,20260226_031208.tiff,processed/aligned/000220_20260226_030834/mask_80c.png,13,3.96728515625e-05
000221_20260226_030835,exported,20260226_030835.tiff,2026-02-26 03:08:35,507.5666666666667,00:08:27.567,15227,raw/thermal/20260226_030835.tiff,processed/aligned/000221_20260226_030835/thermal.tiff,processed/aligned/000221_20260226_030835/thermal.png,processed/aligned/000221_20260226_030835/video.png,processed/aligned/000221_20260226_030835/overlay.png,0.2815869525074959,0.0415496826171875,0.5175567626953125,secondary,720.0,00:12:00,720.5666666666667,00:12:00.567,20260226_031208.tiff,processed/aligned/000221_20260226_030835/mask_80c.png,227,0.0006927490234375
000222_20260226_030836,exported,20260226_030836.tiff,2026-02-26 03:08:36,508.5666666666667,00:08:28.567,15257,raw/thermal/20260226_030836.tiff,processed/aligned/000222_20260226_030836/thermal.tiff,processed/aligned/000222_20260226_030836/thermal.png,processed/aligned/000222_20260226_030836/video.png,processed/aligned/000222_20260226_030836/overlay.png,0.3004128262400627,0.0747283935546875,0.4647979736328125,secondary,720.0,00:12:00,720.5666666666667,00:12:00.567,20260226_031208.tiff,processed/aligned/000222_20260226_030836/mask_80c.png,653,0.0019927978515625
000223_20260226_030837,exported,20260226_030837.tiff,2026-02-26 03:08:37,509.5666666666667,00:08:29.567,15287,raw/thermal/20260226_030837.tiff,processed/aligned/000223_20260226_030837/thermal.tiff,processed/aligned/000223_20260226_030837/thermal.png,processed/aligned/000223_20260226_030837/video.png,processed/aligned/000223_20260226_030837/overlay.png,0.3529980778694153,0.150994873046875,0.3730133056640625,secondary,720.0,00:12:00,720.5666666666667,00:12:00.567,20260226_031208.tiff,processed/aligned/000223_20260226_030837/mask_80c.png,490,0.001495361328125
000224_20260226_030838,exported,20260226_030838.tiff,2026-02-26 03:08:38,510.5666666666667,00:08:30.567,15317,raw/thermal/20260226_030838.tiff,processed/aligned/000224_20260226_030838/thermal.tiff,processed/aligned/000224_20260226_030838/thermal.png,processed/aligned/000224_20260226_030838/video.png,processed/aligned/000224_20260226_030838/overlay.png,0.4382631853222847,0.2585601806640625,0.4927978515625,secondary,720.0,00:12:00,720.5666666666667,00:12:00.567,20260226_031208.tiff,processed/aligned/000224_20260226_030838/mask_80c.png,315,0.0009613037109375
000225_20260226_030839,exported,20260226_030839.tiff,2026-02-26 03:08:39,511.5666666666667,00:08:31.567,15347,raw/thermal/20260226_030839.tiff,processed/aligned/000225_20260226_030839/thermal.tiff,processed/aligned/000225_20260226_030839/thermal.png,processed/aligned/000225_20260226_030839/video.png,processed/aligned/000225_20260226_030839/overlay.png,0.4375932738184929,0.224884033203125,0.597760009765625,secondary,720.0,00:12:00,720.5666666666667,00:12:00.567,20260226_031208.tiff,processed/aligned/000225_20260226_030839/mask_80c.png,5,1.52587890625e-05
000226_20260226_030840,exported,20260226_030840.tiff,2026-02-26 03:08:40,512.5666666666667,00:08:32.567,15377,raw/thermal/20260226_030840.tiff,processed/aligned/000226_20260226_030840/thermal.tiff,processed/aligned/000226_20260226_030840/thermal.png,processed/aligned/000226_20260226_030840/video.png,processed/aligned/000226_20260226_030840/overlay.png,0.4804663881659508,0.3001373291015625,0.555035400390625,secondary,720.0,00:12:00,720.5666666666667,00:12:00.567,20260226_031208.tiff,processed/aligned/000226_20260226_030840/mask_80c.png,211,0.0006439208984375
000227_20260226_030841,exported,20260226_030841.tiff,2026-02-26 03:08:41,513.5666666666667,00:08:33.567,15407,raw/thermal/20260226_030841.tiff,processed/aligned/000227_20260226_030841/thermal.tiff,processed/aligned/000227_20260226_030841/thermal.png,processed/aligned/000227_20260226_030841/video.png,processed/aligned/000227_20260226_030841/overlay.png,0.4265880659222603,0.207293701171875,0.5714935302734375,secondary,720.0,00:12:00,720.5666666666667,00:12:00.567,20260226_031208.tiff,processed/aligned/000227_20260226_030841/mask_80c.png,130,0.000396728515625
000228_20260226_030842,exported,20260226_030842.tiff,2026-02-26 03:08:42,514.5666666666667,00:08:34.567,15437,raw/thermal/20260226_030842.tiff,processed/aligned/000228_20260226_030842/thermal.tiff,processed/aligned/000228_20260226_030842/thermal.png,processed/aligned/000228_20260226_030842/video.png,processed/aligned/000228_20260226_030842/overlay.png,0.38649625331163406,0.1507843017578125,0.577679443359375,secondary,720.0,00:12:00,720.5666666666667,00:12:00.567,20260226_031208.tiff,processed/aligned/000228_20260226_030842/mask_80c.png,120,0.0003662109375
000229_20260226_030843,exported,20260226_030843.tiff,2026-02-26 03:08:43,515.5666666666667,00:08:35.567,15467,raw/thermal/20260226_030843.tiff,processed/aligned/000229_20260226_030843/thermal.tiff,processed/aligned/000229_20260226_030843/thermal.png,processed/aligned/000229_20260226_030843/video.png,processed/aligned/000229_20260226_030843/overlay.png,0.3544451966881752,0.128765869140625,0.4999664306640625,secondary,720.0,00:12:00,720.5666666666667,00:12:00.567,20260226_031208.tiff,processed/aligned/000229_20260226_030843/mask_80c.png,0,0.0
000230_20260226_030844,exported,20260226_030844.tiff,2026-02-26 03:08:44,516.5666666666667,00:08:36.567,15497,raw/thermal/20260226_030844.tiff,processed/aligned/000230_20260226_030844/thermal.tiff,processed/aligned/000230_20260226_030844/thermal.png,processed/aligned/000230_20260226_030844/video.png,processed/aligned/000230_20260226_030844/overlay.png,0.4169614538550377,0.1950653076171875,0.542742919921875,secondary,720.0,00:12:00,720.5666666666667,00:12:00.567,20260226_031208.tiff,processed/aligned/000230_20260226_030844/mask_80c.png,35,0.0001068115234375
000231_20260226_030845,exported,20260226_030845.tiff,2026-02-26 03:08:45,517.5666666666667,00:08:37.567,15527,raw/thermal/20260226_030845.tiff,processed/aligned/000231_20260226_030845/thermal.tiff,processed/aligned/000231_20260226_030845/thermal.png,processed/aligned/000231_20260226_030845/video.png,processed/aligned/000231_20260226_030845/overlay.png,0.4478810876607895,0.230828857421875,0.6040863037109375,secondary,720.0,00:12:00,720.5666666666667,00:12:00.567,20260226_031208.tiff,processed/aligned/000231_20260226_030845/mask_80c.png,61,0.0001861572265625
000232_20260226_030846,exported,20260226_030846.tiff,2026-02-26 03:08:46,518.5666666666667,00:08:38.567,15557,raw/thermal/20260226_030846.tiff,processed/aligned/000232_20260226_030846/thermal.tiff,processed/aligned/000232_20260226_030846/thermal.png,processed/aligned/000232_20260226_030846/video.png,processed/aligned/000232_20260226_030846/overlay.png,0.4979149252176285,0.2934814453125,0.62764892578125,secondary,720.0,00:12:00,720.5666666666667,00:12:00.567,20260226_031208.tiff,processed/aligned/000232_20260226_030846/mask_80c.png,2,6.103515625e-06
000233_20260226_030847,exported,20260226_030847.tiff,2026-02-26 03:08:47,519.5666666666667,00:08:39.567,15587,raw/thermal/20260226_030847.tiff,processed/aligned/000233_20260226_030847/thermal.tiff,processed/aligned/000233_20260226_030847/thermal.png,processed/aligned/000233_20260226_030847/video.png,processed/aligned/000233_20260226_030847/overlay.png,0.5095168426632881,0.314666748046875,0.6289398193359375,secondary,720.0,00:12:00,720.5666666666667,00:12:00.567,20260226_031208.tiff,processed/aligned/000233_20260226_030847/mask_80c.png,97,0.0002960205078125
000234_20260226_030848,exported,20260226_030848.tiff,2026-02-26 03:08:48,520.5666666666667,00:08:40.567,15617,raw/thermal/20260226_030848.tiff,processed/aligned/000234_20260226_030848/thermal.tiff,processed/aligned/000234_20260226_030848/thermal.png,processed/aligned/000234_20260226_030848/video.png,processed/aligned/000234_20260226_030848/overlay.png,0.5271115973591805,0.344818115234375,0.645355224609375,secondary,720.0,00:12:00,720.5666666666667,00:12:00.567,20260226_031208.tiff,processed/aligned/000234_20260226_030848/mask_80c.png,431,0.0013153076171875
000235_20260226_030849,exported,20260226_030849.tiff,2026-02-26 03:08:49,521.5666666666667,00:08:41.567,15647,raw/thermal/20260226_030849.tiff,processed/aligned/000235_20260226_030849/thermal.tiff,processed/aligned/000235_20260226_030849/thermal.png,processed/aligned/000235_20260226_030849/video.png,processed/aligned/000235_20260226_030849/overlay.png,0.534413531422615,0.3983978271484375,0.596087646484375,secondary,720.0,00:12:00,720.5666666666667,00:12:00.567,20260226_031208.tiff,processed/aligned/000235_20260226_030849/mask_80c.png,178,0.000543212890625
000236_20260226_030850,exported,20260226_030850.tiff,2026-02-26 03:08:50,522.5666666666667,00:08:42.567,15677,raw/thermal/20260226_030850.tiff,processed/aligned/000236_20260226_030850/thermal.tiff,processed/aligned/000236_20260226_030850/thermal.png,processed/aligned/000236_20260226_030850/video.png,processed/aligned/000236_20260226_030850/overlay.png,0.48057033866643906,0.3022216796875,0.5702392578125,secondary,720.0,00:12:00,720.5666666666667,00:12:00.567,20260226_031208.tiff,processed/aligned/000236_20260226_030850/mask_80c.png,406,0.001239013671875
000237_20260226_030851,exported,20260226_030851.tiff,2026-02-26 03:08:51,523.5666666666667,00:08:43.567,15707,raw/thermal/20260226_030851.tiff,processed/aligned/000237_20260226_030851/thermal.tiff,processed/aligned/000237_20260226_030851/thermal.png,processed/aligned/000237_20260226_030851/video.png,processed/aligned/000237_20260226_030851/overlay.png,0.411741279065609,0.1925567626953125,0.5594940185546875,secondary,720.0,00:12:00,720.5666666666667,00:12:00.567,20260226_031208.tiff,processed/aligned/000237_20260226_030851/mask_80c.png,447,0.0013641357421875
000238_20260226_030852,exported,20260226_030852.tiff,2026-02-26 03:08:52,524.5666666666667,00:08:44.567,15737,raw/thermal/20260226_030852.tiff,processed/aligned/000238_20260226_030852/thermal.tiff,processed/aligned/000238_20260226_030852/thermal.png,processed/aligned/000238_20260226_030852/video.png,processed/aligned/000238_20260226_030852/overlay.png,0.4447754696011543,0.2530670166015625,0.546527099609375,secondary,720.0,00:12:00,720.5666666666667,00:12:00.567,20260226_031208.tiff,processed/aligned/000238_20260226_030852/mask_80c.png,598,0.001824951171875
000239_20260226_030853,exported,20260226_030853.tiff,2026-02-26 03:08:53,525.5666666666667,00:08:45.567,15767,raw/thermal/20260226_030853.tiff,processed/aligned/000239_20260226_030853/thermal.tiff,processed/aligned/000239_20260226_030853/thermal.png,processed/aligned/000239_20260226_030853/video.png,processed/aligned/000239_20260226_030853/overlay.png,0.4097377136349678,0.18800048828125,0.539556884765625,secondary,720.0,00:12:00,720.5666666666667,00:12:00.567,20260226_031208.tiff,processed/aligned/000239_20260226_030853/mask_80c.png,720,0.002197265625
000240_20260226_030854,exported,20260226_030854.tiff,2026-02-26 03:08:54,526.5666666666667,00:08:46.567,15797,raw/thermal/20260226_030854.tiff,processed/aligned/000240_20260226_030854/thermal.tiff,processed/aligned/000240_20260226_030854/thermal.png,processed/aligned/000240_20260226_030854/video.png,processed/aligned/000240_20260226_030854/overlay.png,0.44576430320739746,0.268841552734375,0.526531982421875,secondary,720.0,00:12:00,720.5666666666667,00:12:00.567,20260226_031208.tiff,processed/aligned/000240_20260226_030854/mask_80c.png,516,0.00157470703125
000241_20260226_030855,exported,20260226_030855.tiff,2026-02-26 03:08:55,527.5666666666667,00:08:47.567,15827,raw/thermal/20260226_030855.tiff,processed/aligned/000241_20260226_030855/thermal.tiff,processed/aligned/000241_20260226_030855/thermal.png,processed/aligned/000241_20260226_030855/video.png,processed/aligned/000241_20260226_030855/overlay.png,0.3539453223347664,0.1170684814453125,0.544293212890625,secondary,720.0,00:12:00,720.5666666666667,00:12:00.567,20260226_031208.tiff,processed/aligned/000241_20260226_030855/mask_80c.png,457,0.0013946533203125
000242_20260226_030856,exported,20260226_030856.tiff,2026-02-26 03:08:56,528.5666666666667,00:08:48.567,15857,raw/thermal/20260226_030856.tiff,processed/aligned/000242_20260226_030856/thermal.tiff,processed/aligned/000242_20260226_030856/thermal.png,processed/aligned/000242_20260226_030856/video.png,processed/aligned/000242_20260226_030856/overlay.png,0.46573544293642044,0.3310699462890625,0.507958984375,secondary,720.0,00:12:00,720.5666666666667,00:12:00.567,20260226_031208.tiff,processed/aligned/000242_20260226_030856/mask_80c.png,174,0.000531005859375
000243_20260226_030857,exported,20260226_030857.tiff,2026-02-26 03:08:57,529.5666666666667,00:08:49.567,15887,raw/thermal/20260226_030857.tiff,processed/aligned/000243_20260226_030857/thermal.tiff,processed/aligned/000243_20260226_030857/thermal.png,processed/aligned/000243_20260226_030857/video.png,processed/aligned/000243_20260226_030857/overlay.png,0.41712983697652817,0.23543701171875,0.49798583984375,secondary,720.0,00:12:00,720.5666666666667,00:12:00.567,20260226_031208.tiff,processed/aligned/000243_20260226_030857/mask_80c.png,317,0.0009674072265625
000244_20260226_030858,exported,20260226_030858.tiff,2026-02-26 03:08:58,530.5666666666667,00:08:50.567,15917,raw/thermal/20260226_030858.tiff,processed/aligned/000244_20260226_030858/thermal.tiff,processed/aligned/000244_20260226_030858/thermal.png,processed/aligned/000244_20260226_030858/video.png,processed/aligned/000244_20260226_030858/overlay.png,0.3938724920153618,0.1874725341796875,0.5020050048828125,secondary,720.0,00:12:00,720.5666666666667,00:12:00.567,20260226_031208.tiff,processed/aligned/000244_20260226_030858/mask_80c.png,215,0.0006561279296875
000245_20260226_030859,exported,20260226_030859.tiff,2026-02-26 03:08:59,531.5666666666667,00:08:51.567,15947,raw/thermal/20260226_030859.tiff,processed/aligned/000245_20260226_030859/thermal.tiff,processed/aligned/000245_20260226_030859/thermal.png,processed/aligned/000245_20260226_030859/video.png,processed/aligned/000245_20260226_030859/overlay.png,0.46943917125463486,0.298358154296875,0.55406494140625,secondary,720.0,00:12:00,720.5666666666667,00:12:00.567,20260226_031208.tiff,processed/aligned/000245_20260226_030859/mask_80c.png,293,0.0008941650390625
000246_20260226_030900,exported,20260226_030900.tiff,2026-02-26 03:09:00,532.5666666666667,00:08:52.567,15977,raw/thermal/20260226_030900.tiff,processed/aligned/000246_20260226_030900/thermal.tiff,processed/aligned/000246_20260226_030900/thermal.png,processed/aligned/000246_20260226_030900/video.png,processed/aligned/000246_20260226_030900/overlay.png,0.3930625319480896,0.1719512939453125,0.5568695068359375,secondary,720.0,00:12:00,720.5666666666667,00:12:00.567,20260226_031208.tiff,processed/aligned/000246_20260226_030900/mask_80c.png,1128,0.0034423828125
000247_20260226_030901,exported,20260226_030901.tiff,2026-02-26 03:09:01,533.5666666666667,00:08:53.567,16007,raw/thermal/20260226_030901.tiff,processed/aligned/000247_20260226_030901/thermal.tiff,processed/aligned/000247_20260226_030901/thermal.png,processed/aligned/000247_20260226_030901/video.png,processed/aligned/000247_20260226_030901/overlay.png,0.4103013128042221,0.1985595703125,0.5755645751953125,secondary,720.0,00:12:00,720.5666666666667,00:12:00.567,20260226_031208.tiff,processed/aligned/000247_20260226_030901/mask_80c.png,1079,0.0032928466796875
000248_20260226_030902,exported,20260226_030902.tiff,2026-02-26 03:09:02,534.5666666666667,00:08:54.567,16037,raw/thermal/20260226_030902.tiff,processed/aligned/000248_20260226_030902/thermal.tiff,processed/aligned/000248_20260226_030902/thermal.png,processed/aligned/000248_20260226_030902/video.png,processed/aligned/000248_20260226_030902/overlay.png,0.30982790514826775,0.0798187255859375,0.6225341796875,secondary,720.0,00:12:00,720.5666666666667,00:12:00.567,20260226_031208.tiff,processed/aligned/000248_20260226_030902/mask_80c.png,579,0.0017669677734375
000249_20260226_030903,exported,20260226_030903.tiff,2026-02-26 03:09:03,535.5666666666667,00:08:55.567,16067,raw/thermal/20260226_030903.tiff,processed/aligned/000249_20260226_030903/thermal.tiff,processed/aligned/000249_20260226_030903/thermal.png,processed/aligned/000249_20260226_030903/video.png,processed/aligned/000249_20260226_030903/overlay.png,0.4072863385081291,0.1688507080078125,0.5784759521484375,secondary,720.0,00:12:00,720.5666666666667,00:12:00.567,20260226_031208.tiff,processed/aligned/000249_20260226_030903/mask_80c.png,218,0.000665283203125
000250_20260226_030904,exported,20260226_030904.tiff,2026-02-26 03:09:04,536.5666666666667,00:08:56.567,16097,raw/thermal/20260226_030904.tiff,processed/aligned/000250_20260226_030904/thermal.tiff,processed/aligned/000250_20260226_030904/thermal.png,processed/aligned/000250_20260226_030904/video.png,processed/aligned/000250_20260226_030904/overlay.png,0.39709553867578506,0.1335540771484375,0.633782958984375,secondary,720.0,00:12:00,720.5666666666667,00:12:00.567,20260226_031208.tiff,processed/aligned/000250_20260226_030904/mask_80c.png,0,0.0
000251_20260226_030905,exported,20260226_030905.tiff,2026-02-26 03:09:05,537.5666666666667,00:08:57.567,16127,raw/thermal/20260226_030905.tiff,processed/aligned/000251_20260226_030905/thermal.tiff,processed/aligned/000251_20260226_030905/thermal.png,processed/aligned/000251_20260226_030905/video.png,processed/aligned/000251_20260226_030905/overlay.png,0.4497486278414726,0.209637451171875,0.6259185791015625,secondary,720.0,00:12:00,720.5666666666667,00:12:00.567,20260226_031208.tiff,processed/aligned/000251_20260226_030905/mask_80c.png,231,0.0007049560546875
000252_20260226_030906,exported,20260226_030906.tiff,2026-02-26 03:09:06,538.5666666666667,00:08:58.567,16157,raw/thermal/20260226_030906.tiff,processed/aligned/000252_20260226_030906/thermal.tiff,processed/aligned/000252_20260226_030906/thermal.png,processed/aligned/000252_20260226_030906/video.png,processed/aligned/000252_20260226_030906/overlay.png,0.4074230194091797,0.1619537353515625,0.6428985595703125,secondary,720.0,00:12:00,720.5666666666667,00:12:00.567,20260226_031208.tiff,processed/aligned/000252_20260226_030906/mask_80c.png,813,0.0024810791015625
000253_20260226_030907,exported,20260226_030907.tiff,2026-02-26 03:09:07,539.5666666666667,00:08:59.567,16187,raw/thermal/20260226_030907.tiff,processed/aligned/000253_20260226_030907/thermal.tiff,processed/aligned/000253_20260226_030907/thermal.png,processed/aligned/000253_20260226_030907/video.png,processed/aligned/000253_20260226_030907/overlay.png,0.32576458901166916,0.1428253173828125,0.5908355712890625,secondary,720.0,00:12:00,720.5666666666667,00:12:00.567,20260226_031208.tiff,processed/aligned/000253_20260226_030907/mask_80c.png,6852,0.02091064453125
000254_20260226_030908,exported,20260226_030908.tiff,2026-02-26 03:09:08,540.5666666666667,00:09:00.567,16217,raw/thermal/20260226_030908.tiff,processed/aligned/000254_20260226_030908/thermal.tiff,processed/aligned/000254_20260226_030908/thermal.png,processed/aligned/000254_20260226_030908/video.png,processed/aligned/000254_20260226_030908/overlay.png,0.3272370547056198,0.2025115966796875,0.5165985107421875,secondary,720.0,00:12:00,720.5666666666667,00:12:00.567,20260226_031208.tiff,processed/aligned/000254_20260226_030908/mask_80c.png,9138,0.027886962890625
000255_20260226_030909,exported,20260226_030909.tiff,2026-02-26 03:09:09,541.5666666666667,00:09:01.567,16247,raw/thermal/20260226_030909.tiff,processed/aligned/000255_20260226_030909/thermal.tiff,processed/aligned/000255_20260226_030909/thermal.png,processed/aligned/000255_20260226_030909/video.png,processed/aligned/000255_20260226_030909/overlay.png,0.2731863483786583,0.2155670166015625,0.449871826171875,secondary,720.0,00:12:00,720.5666666666667,00:12:00.567,20260226_031208.tiff,processed/aligned/000255_20260226_030909/mask_80c.png,18421,0.0562164306640625
000256_20260226_030910,exported,20260226_030910.tiff,2026-02-26 03:09:10,542.5666666666667,00:09:02.567,16277,raw/thermal/20260226_030910.tiff,processed/aligned/000256_20260226_030910/thermal.tiff,processed/aligned/000256_20260226_030910/thermal.png,processed/aligned/000256_20260226_030910/video.png,processed/aligned/000256_20260226_030910/overlay.png,0.25271719321608543,0.29371337890625,0.3295989990234375,secondary,720.0,00:12:00,720.5666666666667,00:12:00.567,20260226_031208.tiff,processed/aligned/000256_20260226_030910/mask_80c.png,24595,0.0750579833984375
000257_20260226_030911,exported,20260226_030911.tiff,2026-02-26 03:09:11,543.5666666666667,00:09:03.567,16307,raw/thermal/20260226_030911.tiff,processed/aligned/000257_20260226_030911/thermal.tiff,processed/aligned/000257_20260226_030911/thermal.png,processed/aligned/000257_20260226_030911/video.png,processed/aligned/000257_20260226_030911/overlay.png,0.2253868132829666,0.2966339111328125,0.2782745361328125,secondary,720.0,00:12:00,720.5666666666667,00:12:00.567,20260226_031208.tiff,processed/aligned/000257_20260226_030911/mask_80c.png,25550,0.077972412109375
000258_20260226_030912,exported,20260226_030912.tiff,2026-02-26 03:09:12,544.5666666666667,00:09:04.567,16337,raw/thermal/20260226_030912.tiff,processed/aligned/000258_20260226_030912/thermal.tiff,processed/aligned/000258_20260226_030912/thermal.png,processed/aligned/000258_20260226_030912/video.png,processed/aligned/000258_20260226_030912/overlay.png,0.19862020015716553,0.3328887939453125,0.2415252685546875,secondary,720.0,00:12:00,720.5666666666667,00:12:00.567,20260226_031208.tiff,processed/aligned/000258_20260226_030912/mask_80c.png,23995,0.0732269287109375
000259_20260226_030913,exported,20260226_030913.tiff,2026-02-26 03:09:13,545.5666666666667,00:09:05.567,16367,raw/thermal/20260226_030913.tiff,processed/aligned/000259_20260226_030913/thermal.tiff,processed/aligned/000259_20260226_030913/thermal.png,processed/aligned/000259_20260226_030913/video.png,processed/aligned/000259_20260226_030913/overlay.png,0.1665919627994299,0.304168701171875,0.16602783203125,secondary,720.0,00:12:00,720.5666666666667,00:12:00.567,20260226_031208.tiff,processed/aligned/000259_20260226_030913/mask_80c.png,55440,0.169189453125
000260_20260226_030914,exported,20260226_030914.tiff,2026-02-26 03:09:14,546.5666666666667,00:09:06.567,16397,raw/thermal/20260226_030914.tiff,processed/aligned/000260_20260226_030914/thermal.tiff,processed/aligned/000260_20260226_030914/thermal.png,processed/aligned/000260_20260226_030914/video.png,processed/aligned/000260_20260226_030914/overlay.png,0.1694407444447279,0.3189453125,0.11541748046875,secondary,720.0,00:12:00,720.5666666666667,00:12:00.567,20260226_031208.tiff,processed/aligned/000260_20260226_030914/mask_80c.png,76304,0.232861328125
000261_20260226_030915,exported,20260226_030915.tiff,2026-02-26 03:09:15,547.5666666666667,00:09:07.567,16427,raw/thermal/20260226_030915.tiff,processed/aligned/000261_20260226_030915/thermal.tiff,processed/aligned/000261_20260226_030915/thermal.png,processed/aligned/000261_20260226_030915/video.png,processed/aligned/000261_20260226_030915/overlay.png,0.21305320411920547,0.3626068115234375,0.12269287109375,secondary,720.0,00:12:00,720.5666666666667,00:12:00.567,20260226_031208.tiff,processed/aligned/000261_20260226_030915/mask_80c.png,85700,0.26153564453125
000262_20260226_030916,exported,20260226_030916.tiff,2026-02-26 03:09:16,548.5666666666667,00:09:08.567,16457,raw/thermal/20260226_030916.tiff,processed/aligned/000262_20260226_030916/thermal.tiff,processed/aligned/000262_20260226_030916/thermal.png,processed/aligned/000262_20260226_030916/video.png,processed/aligned/000262_20260226_030916/overlay.png,0.3043553829193115,0.35408935546875,0.19532470703125,secondary,720.0,00:12:00,720.5666666666667,00:12:00.567,20260226_031208.tiff,processed/aligned/000262_20260226_030916/mask_80c.png,94555,0.2885589599609375
000263_20260226_030917,exported,20260226_030917.tiff,2026-02-26 03:09:17,549.5666666666667,00:09:09.567,16487,raw/thermal/20260226_030917.tiff,processed/aligned/000263_20260226_030917/thermal.tiff,processed/aligned/000263_20260226_030917/thermal.png,processed/aligned/000263_20260226_030917/video.png,processed/aligned/000263_20260226_030917/overlay.png,0.33643315732479095,0.3726776123046875,0.2097625732421875,secondary,720.0,00:12:00,720.5666666666667,00:12:00.567,20260226_031208.tiff,processed/aligned/000263_20260226_030917/mask_80c.png,129240,0.3944091796875
000264_20260226_030918,exported,20260226_030918.tiff,2026-02-26 03:09:18,550.5666666666667,00:09:10.567,16517,raw/thermal/20260226_030918.tiff,processed/aligned/000264_20260226_030918/thermal.tiff,processed/aligned/000264_20260226_030918/thermal.png,processed/aligned/000264_20260226_030918/video.png,processed/aligned/000264_20260226_030918/overlay.png,0.3519480377435684,0.3503173828125,0.2413787841796875,secondary,720.0,00:12:00,720.5666666666667,00:12:00.567,20260226_031208.tiff,processed/aligned/000264_20260226_030918/mask_80c.png,181480,0.5538330078125
000265_20260226_030919,exported,20260226_030919.tiff,2026-02-26 03:09:19,551.5666666666667,00:09:11.567,16547,raw/thermal/20260226_030919.tiff,processed/aligned/000265_20260226_030919/thermal.tiff,processed/aligned/000265_20260226_030919/thermal.png,processed/aligned/000265_20260226_030919/video.png,processed/aligned/000265_20260226_030919/overlay.png,0.3335173726081848,0.2878082275390625,0.24224853515625,secondary,720.0,00:12:00,720.5666666666667,00:12:00.567,20260226_031208.tiff,processed/aligned/000265_20260226_030919/mask_80c.png,211926,0.646746826171875
000266_20260226_030920,exported,20260226_030920.tiff,2026-02-26 03:09:20,552.5666666666667,00:09:12.567,16577,raw/thermal/20260226_030920.tiff,processed/aligned/000266_20260226_030920/thermal.tiff,processed/aligned/000266_20260226_030920/thermal.png,processed/aligned/000266_20260226_030920/video.png,processed/aligned/000266_20260226_030920/overlay.png,0.3158862665295601,0.3227447509765625,0.1608184814453125,secondary,720.0,00:12:00,720.5666666666667,00:12:00.567,20260226_031208.tiff,processed/aligned/000266_20260226_030920/mask_80c.png,263048,0.8027587890625
000267_20260226_030921,exported,20260226_030921.tiff,2026-02-26 03:09:21,553.5666666666667,00:09:13.567,16607,raw/thermal/20260226_030921.tiff,processed/aligned/000267_20260226_030921/thermal.tiff,processed/aligned/000267_20260226_030921/thermal.png,processed/aligned/000267_20260226_030921/video.png,processed/aligned/000267_20260226_030921/overlay.png,0.2909107692539692,0.34947509765625,0.0754669189453125,secondary,720.0,00:12:00,720.5666666666667,00:12:00.567,20260226_031208.tiff,processed/aligned/000267_20260226_030921/mask_80c.png,167665,0.5116729736328125
000268_20260226_030922,exported,20260226_030922.tiff,2026-02-26 03:09:22,554.5666666666667,00:09:14.567,16637,raw/thermal/20260226_030922.tiff,processed/aligned/000268_20260226_030922/thermal.tiff,processed/aligned/000268_20260226_030922/thermal.png,processed/aligned/000268_20260226_030922/video.png,processed/aligned/000268_20260226_030922/overlay.png,0.2961939685046673,0.30946044921875,0.0761474609375,secondary,720.0,00:12:00,720.5666666666667,00:12:00.567,20260226_031208.tiff,processed/aligned/000268_20260226_030922/mask_80c.png,110795,0.3381195068359375
000269_20260226_030923,exported,20260226_030923.tiff,2026-02-26 03:09:23,555.5666666666667,00:09:15.567,16667,raw/thermal/20260226_030923.tiff,processed/aligned/000269_20260226_030923/thermal.tiff,processed/aligned/000269_20260226_030923/thermal.png,processed/aligned/000269_20260226_030923/video.png,processed/aligned/000269_20260226_030923/overlay.png,0.2569093145430088,0.2844207763671875,0.033258056640625,secondary,720.0,00:12:00,720.5666666666667,00:12:00.567,20260226_031208.tiff,processed/aligned/000269_20260226_030923/mask_80c.png,58263,0.1778045654296875
000270_20260226_030924,exported,20260226_030924.tiff,2026-02-26 03:09:24,556.5666666666667,00:09:16.567,16697,raw/thermal/20260226_030924.tiff,processed/aligned/000270_20260226_030924/thermal.tiff,processed/aligned/000270_20260226_030924/thermal.png,processed/aligned/000270_20260226_030924/video.png,processed/aligned/000270_20260226_030924/overlay.png,0.2813887521624565,0.3173553466796875,0.047747802734375,secondary,720.0,00:12:00,720.5666666666667,00:12:00.567,20260226_031208.tiff,processed/aligned/000270_20260226_030924/mask_80c.png,74095,0.2261199951171875
000271_20260226_030925,exported,20260226_030925.tiff,2026-02-26 03:09:25,557.5666666666667,00:09:17.567,16727,raw/thermal/20260226_030925.tiff,processed/aligned/000271_20260226_030925/thermal.tiff,processed/aligned/000271_20260226_030925/thermal.png,processed/aligned/000271_20260226_030925/video.png,processed/aligned/000271_20260226_030925/overlay.png,0.3131004795432091,0.3547393798828125,0.076611328125,secondary,720.0,00:12:00,720.5666666666667,00:12:00.567,20260226_031208.tiff,processed/aligned/000271_20260226_030925/mask_80c.png,102930,0.314117431640625
000272_20260226_030926,exported,20260226_030926.tiff,2026-02-26 03:09:26,558.5666666666667,00:09:18.567,16757,raw/thermal/20260226_030926.tiff,processed/aligned/000272_20260226_030926/thermal.tiff,processed/aligned/000272_20260226_030926/thermal.png,processed/aligned/000272_20260226_030926/video.png,processed/aligned/000272_20260226_030926/overlay.png,0.2955577000975609,0.3097869873046875,0.0643463134765625,secondary,720.0,00:12:00,720.5666666666667,00:12:00.567,20260226_031208.tiff,processed/aligned/000272_20260226_030926/mask_80c.png,92925,0.2835845947265625
000273_20260226_030927,exported,20260226_030927.tiff,2026-02-26 03:09:27,559.5666666666667,00:09:19.567,16787,raw/thermal/20260226_030927.tiff,processed/aligned/000273_20260226_030927/thermal.tiff,processed/aligned/000273_20260226_030927/thermal.png,processed/aligned/000273_20260226_030927/video.png,processed/aligned/000273_20260226_030927/overlay.png,0.27154870331287384,0.29022216796875,0.037823486328125,secondary,720.0,00:12:00,720.5666666666667,00:12:00.567,20260226_031208.tiff,processed/aligned/000273_20260226_030927/mask_80c.png,64302,0.196234130859375
000274_20260226_030928,exported,20260226_030928.tiff,2026-02-26 03:09:28,560.5666666666667,00:09:20.567,16817,raw/thermal/20260226_030928.tiff,processed/aligned/000274_20260226_030928/thermal.tiff,processed/aligned/000274_20260226_030928/thermal.png,processed/aligned/000274_20260226_030928/video.png,processed/aligned/000274_20260226_030928/overlay.png,0.2543933615088463,0.1904449462890625,0.0377838134765625,secondary,720.0,00:12:00,720.5666666666667,00:12:00.567,20260226_031208.tiff,processed/aligned/000274_20260226_030928/mask_80c.png,22425,0.0684356689453125
000275_20260226_030929,exported,20260226_030929.tiff,2026-02-26 03:09:29,561.5666666666667,00:09:21.567,16847,raw/thermal/20260226_030929.tiff,processed/aligned/000275_20260226_030929/thermal.tiff,processed/aligned/000275_20260226_030929/thermal.png,processed/aligned/000275_20260226_030929/video.png,processed/aligned/000275_20260226_030929/overlay.png,0.21749954670667648,0.232611083984375,0.0386260986328125,secondary,720.0,00:12:00,720.5666666666667,00:12:00.567,20260226_031208.tiff,processed/aligned/000275_20260226_030929/mask_80c.png,27124,0.08277587890625
000276_20260226_030930,exported,20260226_030930.tiff,2026-02-26 03:09:30,562.5666666666667,00:09:22.567,16877,raw/thermal/20260226_030930.tiff,processed/aligned/000276_20260226_030930/thermal.tiff,processed/aligned/000276_20260226_030930/thermal.png,processed/aligned/000276_20260226_030930/video.png,processed/aligned/000276_20260226_030930/overlay.png,0.2363063171505928,0.2020263671875,0.0446563720703125,secondary,720.0,00:12:00,720.5666666666667,00:12:00.567,20260226_031208.tiff,processed/aligned/000276_20260226_030930/mask_80c.png,29478,0.089959716796875
000277_20260226_030931,exported,20260226_030931.tiff,2026-02-26 03:09:31,563.5666666666667,00:09:23.567,16907,raw/thermal/20260226_030931.tiff,processed/aligned/000277_20260226_030931/thermal.tiff,processed/aligned/000277_20260226_030931/thermal.png,processed/aligned/000277_20260226_030931/video.png,processed/aligned/000277_20260226_030931/overlay.png,0.2501979246735573,0.2135955810546875,0.06190185546875,secondary,720.0,00:12:00,720.5666666666667,00:12:00.567,20260226_031208.tiff,processed/aligned/000277_20260226_030931/mask_80c.png,43165,0.1317291259765625
000278_20260226_030932,exported,20260226_030932.tiff,2026-02-26 03:09:32,564.5666666666667,00:09:24.567,16937,raw/thermal/20260226_030932.tiff,processed/aligned/000278_20260226_030932/thermal.tiff,processed/aligned/000278_20260226_030932/thermal.png,processed/aligned/000278_20260226_030932/video.png,processed/aligned/000278_20260226_030932/overlay.png,0.28491780906915665,0.2224945068359375,0.0884674072265625,secondary,720.0,00:12:00,720.5666666666667,00:12:00.567,20260226_031208.tiff,processed/aligned/000278_20260226_030932/mask_80c.png,50182,0.153143310546875
000279_20260226_030933,exported,20260226_030933.tiff,2026-02-26 03:09:33,565.5666666666667,00:09:25.567,16967,raw/thermal/20260226_030933.tiff,processed/aligned/000279_20260226_030933/thermal.tiff,processed/aligned/000279_20260226_030933/thermal.png,processed/aligned/000279_20260226_030933/video.png,processed/aligned/000279_20260226_030933/overlay.png,0.28494440391659737,0.25084228515625,0.0811798095703125,secondary,720.0,00:12:00,720.5666666666667,00:12:00.567,20260226_031208.tiff,processed/aligned/000279_20260226_030933/mask_80c.png,80689,0.2462432861328125
000280_20260226_030934,exported,20260226_030934.tiff,2026-02-26 03:09:34,566.5666666666667,00:09:26.567,16997,raw/thermal/20260226_030934.tiff,processed/aligned/000280_20260226_030934/thermal.tiff,processed/aligned/000280_20260226_030934/thermal.png,processed/aligned/000280_20260226_030934/video.png,processed/aligned/000280_20260226_030934/overlay.png,0.19901788420975208,0.2572265625,0.0419647216796875,secondary,720.0,00:12:00,720.5666666666667,00:12:00.567,20260226_031208.tiff,processed/aligned/000280_20260226_030934/mask_80c.png,109543,0.3342987060546875
000281_20260226_030935,exported,20260226_030935.tiff,2026-02-26 03:09:35,567.5666666666667,00:09:27.567,17027,raw/thermal/20260226_030935.tiff,processed/aligned/000281_20260226_030935/thermal.tiff,processed/aligned/000281_20260226_030935/thermal.png,processed/aligned/000281_20260226_030935/video.png,processed/aligned/000281_20260226_030935/overlay.png,0.15882479958236217,0.2702392578125,0.0145751953125,secondary,720.0,00:12:00,720.5666666666667,00:12:00.567,20260226_031208.tiff,processed/aligned/000281_20260226_030935/mask_80c.png,125667,0.3835052490234375
000282_20260226_030936,exported,20260226_030936.tiff,2026-02-26 03:09:36,568.5666666666667,00:09:28.567,17057,raw/thermal/20260226_030936.tiff,processed/aligned/000282_20260226_030936/thermal.tiff,processed/aligned/000282_20260226_030936/thermal.png,processed/aligned/000282_20260226_030936/video.png,processed/aligned/000282_20260226_030936/overlay.png,0.12665109219960868,0.2889434814453125,0.0108795166015625,secondary,720.0,00:12:00,720.5666666666667,00:12:00.567,20260226_031208.tiff,processed/aligned/000282_20260226_030936/mask_80c.png,48257,0.1472686767578125
000283_20260226_030937,exported,20260226_030937.tiff,2026-02-26 03:09:37,569.5666666666667,00:09:29.567,17087,raw/thermal/20260226_030937.tiff,processed/aligned/000283_20260226_030937/thermal.tiff,processed/aligned/000283_20260226_030937/thermal.png,processed/aligned/000283_20260226_030937/video.png,processed/aligned/000283_20260226_030937/overlay.png,0.12130840541794896,0.3043853759765625,0.010882568359375,secondary,720.0,00:12:00,720.5666666666667,00:12:00.567,20260226_031208.tiff,processed/aligned/000283_20260226_030937/mask_80c.png,63184,0.192822265625
000284_20260226_030938,exported,20260226_030938.tiff,2026-02-26 03:09:38,570.5666666666667,00:09:30.567,17117,raw/thermal/20260226_030938.tiff,processed/aligned/000284_20260226_030938/thermal.tiff,processed/aligned/000284_20260226_030938/thermal.png,processed/aligned/000284_20260226_030938/video.png,processed/aligned/000284_20260226_030938/overlay.png,0.15663379151374102,0.3222076416015625,0.01937255859375,secondary,720.0,00:12:00,720.5666666666667,00:12:00.567,20260226_031208.tiff,processed/aligned/000284_20260226_030938/mask_80c.png,94909,0.2896392822265625
000285_20260226_030939,exported,20260226_030939.tiff,2026-02-26 03:09:39,571.5666666666667,00:09:31.567,17147,raw/thermal/20260226_030939.tiff,processed/aligned/000285_20260226_030939/thermal.tiff,processed/aligned/000285_20260226_030939/thermal.png,processed/aligned/000285_20260226_030939/video.png,processed/aligned/000285_20260226_030939/overlay.png,0.13972320035099983,0.2954193115234375,0.014105224609375,secondary,720.0,00:12:00,720.5666666666667,00:12:00.567,20260226_031208.tiff,processed/aligned/000285_20260226_030939/mask_80c.png,107474,0.327984619140625
000286_20260226_030940,exported,20260226_030940.tiff,2026-02-26 03:09:40,572.5666666666667,00:09:32.567,17177,raw/thermal/20260226_030940.tiff,processed/aligned/000286_20260226_030940/thermal.tiff,processed/aligned/000286_20260226_030940/thermal.png,processed/aligned/000286_20260226_030940/video.png,processed/aligned/000286_20260226_030940/overlay.png,0.10584917454980314,0.2743743896484375,0.0185638427734375,secondary,720.0,00:12:00,720.5666666666667,00:12:00.567,20260226_031208.tiff,processed/aligned/000286_20260226_030940/mask_80c.png,58578,0.178765869140625
000287_20260226_030941,exported,20260226_030941.tiff,2026-02-26 03:09:41,573.5666666666667,00:09:33.567,17207,raw/thermal/20260226_030941.tiff,processed/aligned/000287_20260226_030941/thermal.tiff,processed/aligned/000287_20260226_030941/thermal.png,processed/aligned/000287_20260226_030941/video.png,processed/aligned/000287_20260226_030941/overlay.png,0.10324513147497782,0.2579071044921875,0.01173095703125,secondary,720.0,00:12:00,720.5666666666667,00:12:00.567,20260226_031208.tiff,processed/aligned/000287_20260226_030941/mask_80c.png,45304,0.1382568359375
000288_20260226_030942,exported,20260226_030942.tiff,2026-02-26 03:09:42,574.5666666666667,00:09:34.567,17237,raw/thermal/20260226_030942.tiff,processed/aligned/000288_20260226_030942/thermal.tiff,processed/aligned/000288_20260226_030942/thermal.png,processed/aligned/000288_20260226_030942/video.png,processed/aligned/000288_20260226_030942/overlay.png,0.10661809325392824,0.2263397216796875,0.00963134765625,secondary,720.0,00:12:00,720.5666666666667,00:12:00.567,20260226_031208.tiff,processed/aligned/000288_20260226_030942/mask_80c.png,48162,0.146978759765625
000289_20260226_030943,exported,20260226_030943.tiff,2026-02-26 03:09:43,575.5666666666667,00:09:35.567,17267,raw/thermal/20260226_030943.tiff,processed/aligned/000289_20260226_030943/thermal.tiff,processed/aligned/000289_20260226_030943/thermal.png,processed/aligned/000289_20260226_030943/video.png,processed/aligned/000289_20260226_030943/overlay.png,0.1046270951628685,0.2321044921875,0.00262451171875,secondary,720.0,00:12:00,720.5666666666667,00:12:00.567,20260226_031208.tiff,processed/aligned/000289_20260226_030943/mask_80c.png,145422,0.443792724609375
000290_20260226_030944,exported,20260226_030944.tiff,2026-02-26 03:09:44,576.5666666666667,00:09:36.567,17297,raw/thermal/20260226_030944.tiff,processed/aligned/000290_20260226_030944/thermal.tiff,processed/aligned/000290_20260226_030944/thermal.png,processed/aligned/000290_20260226_030944/video.png,processed/aligned/000290_20260226_030944/overlay.png,0.11798200209159404,0.2438995361328125,0.003375244140625,secondary,720.0,00:12:00,720.5666666666667,00:12:00.567,20260226_031208.tiff,processed/aligned/000290_20260226_030944/mask_80c.png,129370,0.394805908203125
000291_20260226_030945,exported,20260226_030945.tiff,2026-02-26 03:09:45,577.5666666666667,00:09:37.567,17327,raw/thermal/20260226_030945.tiff,processed/aligned/000291_20260226_030945/thermal.tiff,processed/aligned/000291_20260226_030945/thermal.png,processed/aligned/000291_20260226_030945/video.png,processed/aligned/000291_20260226_030945/overlay.png,0.14197002351284027,0.17586669921875,0.0,secondary,720.0,00:12:00,720.5666666666667,00:12:00.567,20260226_031208.tiff,processed/aligned/000291_20260226_030945/mask_80c.png,222992,0.680517578125
000292_20260226_030946,exported,20260226_030946.tiff,2026-02-26 03:09:46,578.5666666666667,00:09:38.567,17357,raw/thermal/20260226_030946.tiff,processed/aligned/000292_20260226_030946/thermal.tiff,processed/aligned/000292_20260226_030946/thermal.png,processed/aligned/000292_20260226_030946/video.png,processed/aligned/000292_20260226_030946/overlay.png,0.14294129610061646,0.1457427978515625,0.0,secondary,720.0,00:12:00,720.5666666666667,00:12:00.567,20260226_031208.tiff,processed/aligned/000292_20260226_030946/mask_80c.png,214867,0.6557220458984375
000293_20260226_030947,exported,20260226_030947.tiff,2026-02-26 03:09:47,579.5666666666667,00:09:39.567,17387,raw/thermal/20260226_030947.tiff,processed/aligned/000293_20260226_030947/thermal.tiff,processed/aligned/000293_20260226_030947/thermal.png,processed/aligned/000293_20260226_030947/video.png,processed/aligned/000293_20260226_030947/overlay.png,0.14898216724395752,0.1016021728515625,0.0,secondary,720.0,00:12:00,720.5666666666667,00:12:00.567,20260226_031208.tiff,processed/aligned/000293_20260226_030947/mask_80c.png,244308,0.74556884765625
000294_20260226_030948,exported,20260226_030948.tiff,2026-02-26 03:09:48,580.5666666666667,00:09:40.567,17417,raw/thermal/20260226_030948.tiff,processed/aligned/000294_20260226_030948/thermal.tiff,processed/aligned/000294_20260226_030948/thermal.png,processed/aligned/000294_20260226_030948/video.png,processed/aligned/000294_20260226_030948/overlay.png,0.14539118111133575,0.1448577880859375,0.00111083984375,secondary,720.0,00:12:00,720.5666666666667,00:12:00.567,20260226_031208.tiff,processed/aligned/000294_20260226_030948/mask_80c.png,252953,0.7719512939453125
000295_20260226_030949,exported,20260226_030949.tiff,2026-02-26 03:09:49,581.5666666666667,00:09:41.567,17447,raw/thermal/20260226_030949.tiff,processed/aligned/000295_20260226_030949/thermal.tiff,processed/aligned/000295_20260226_030949/thermal.png,processed/aligned/000295_20260226_030949/video.png,processed/aligned/000295_20260226_030949/overlay.png,0.1452490238007158,0.1495574951171875,0.0001129150390625,secondary,720.0,00:12:00,720.5666666666667,00:12:00.567,20260226_031208.tiff,processed/aligned/000295_20260226_030949/mask_80c.png,270249,0.8247344970703125
000296_20260226_030950,exported,20260226_030950.tiff,2026-02-26 03:09:50,582.5666666666667,00:09:42.567,17477,raw/thermal/20260226_030950.tiff,processed/aligned/000296_20260226_030950/thermal.tiff,processed/aligned/000296_20260226_030950/thermal.png,processed/aligned/000296_20260226_030950/video.png,processed/aligned/000296_20260226_030950/overlay.png,0.1538694225018844,0.154541015625,0.00135498046875,secondary,720.0,00:12:00,720.5666666666667,00:12:00.567,20260226_031208.tiff,processed/aligned/000296_20260226_030950/mask_80c.png,255424,0.7794921875
000297_20260226_030951,exported,20260226_030951.tiff,2026-02-26 03:09:51,583.5666666666667,00:09:43.567,17507,raw/thermal/20260226_030951.tiff,processed/aligned/000297_20260226_030951/thermal.tiff,processed/aligned/000297_20260226_030951/thermal.png,processed/aligned/000297_20260226_030951/video.png,processed/aligned/000297_20260226_030951/overlay.png,0.155625119805336,0.156707763671875,0.0,secondary,720.0,00:12:00,720.5666666666667,00:12:00.567,20260226_031208.tiff,processed/aligned/000297_20260226_030951/mask_80c.png,250103,0.7632537841796875
000298_20260226_030952,exported,20260226_030952.tiff,2026-02-26 03:09:52,584.5666666666667,00:09:44.567,17537,raw/thermal/20260226_030952.tiff,processed/aligned/000298_20260226_030952/thermal.tiff,processed/aligned/000298_20260226_030952/thermal.png,processed/aligned/000298_20260226_030952/video.png,processed/aligned/000298_20260226_030952/overlay.png,0.14317092392593622,0.136346435546875,0.011358642578125,secondary,720.0,00:12:00,720.5666666666667,00:12:00.567,20260226_031208.tiff,processed/aligned/000298_20260226_030952/mask_80c.png,237984,0.72626953125
000299_20260226_030953,exported,20260226_030953.tiff,2026-02-26 03:09:53,585.5666666666667,00:09:45.567,17567,raw/thermal/20260226_030953.tiff,processed/aligned/000299_20260226_030953/thermal.tiff,processed/aligned/000299_20260226_030953/thermal.png,processed/aligned/000299_20260226_030953/video.png,processed/aligned/000299_20260226_030953/overlay.png,0.18978865444660187,0.1728424072265625,0.06556396484375,secondary,720.0,00:12:00,720.5666666666667,00:12:00.567,20260226_031208.tiff,processed/aligned/000299_20260226_030953/mask_80c.png,212809,0.6494415283203125
000300_20260226_030954,exported,20260226_030954.tiff,2026-02-26 03:09:54,586.5666666666667,00:09:46.567,17597,raw/thermal/20260226_030954.tiff,processed/aligned/000300_20260226_030954/thermal.tiff,processed/aligned/000300_20260226_030954/thermal.png,processed/aligned/000300_20260226_030954/video.png,processed/aligned/000300_20260226_030954/overlay.png,0.20571987330913544,0.1764068603515625,0.086383056640625,secondary,720.0,00:12:00,720.5666666666667,00:12:00.567,20260226_031208.tiff,processed/aligned/000300_20260226_030954/mask_80c.png,195751,0.5973846435546875
000301_20260226_030955,exported,20260226_030955.tiff,2026-02-26 03:09:55,587.5666666666667,00:09:47.567,17627,raw/thermal/20260226_030955.tiff,processed/aligned/000301_20260226_030955/thermal.tiff,processed/aligned/000301_20260226_030955/thermal.png,processed/aligned/000301_20260226_030955/video.png,processed/aligned/000301_20260226_030955/overlay.png,0.36445385217666626,0.2758148193359375,0.2418701171875,secondary,720.0,00:12:00,720.5666666666667,00:12:00.567,20260226_031208.tiff,processed/aligned/000301_20260226_030955/mask_80c.png,151141,0.4612457275390625
000302_20260226_030956,exported,20260226_030956.tiff,2026-02-26 03:09:56,588.5666666666667,00:09:48.567,17657,raw/thermal/20260226_030956.tiff,processed/aligned/000302_20260226_030956/thermal.tiff,processed/aligned/000302_20260226_030956/thermal.png,processed/aligned/000302_20260226_030956/video.png,processed/aligned/000302_20260226_030956/overlay.png,0.3129620999097824,0.2488372802734375,0.1833831787109375,secondary,720.0,00:12:00,720.5666666666667,00:12:00.567,20260226_031208.tiff,processed/aligned/000302_20260226_030956/mask_80c.png,174851,0.5336029052734375
000303_20260226_030957,exported,20260226_030957.tiff,2026-02-26 03:09:57,589.5666666666667,00:09:49.567,17687,raw/thermal/20260226_030957.tiff,processed/aligned/000303_20260226_030957/thermal.tiff,processed/aligned/000303_20260226_030957/thermal.png,processed/aligned/000303_20260226_030957/video.png,processed/aligned/000303_20260226_030957/overlay.png,0.2687967009842396,0.23502197265625,0.094622802734375,secondary,720.0,00:12:00,720.5666666666667,00:12:00.567,20260226_031208.tiff,processed/aligned/000303_20260226_030957/mask_80c.png,184118,0.561883544921875
000304_20260226_030958,exported,20260226_030958.tiff,2026-02-26 03:09:58,590.5666666666667,00:09:50.567,17717,raw/thermal/20260226_030958.tiff,processed/aligned/000304_20260226_030958/thermal.tiff,processed/aligned/000304_20260226_030958/thermal.png,processed/aligned/000304_20260226_030958/video.png,processed/aligned/000304_20260226_030958/overlay.png,0.29589924961328506,0.2018310546875,0.1740264892578125,secondary,720.0,00:12:00,720.5666666666667,00:12:00.567,20260226_031208.tiff,processed/aligned/000304_20260226_030958/mask_80c.png,183795,0.5608978271484375
000305_20260226_030959,exported,20260226_030959.tiff,2026-02-26 03:09:59,591.5666666666667,00:09:51.567,17747,raw/thermal/20260226_030959.tiff,processed/aligned/000305_20260226_030959/thermal.tiff,processed/aligned/000305_20260226_030959/thermal.png,processed/aligned/000305_20260226_030959/video.png,processed/aligned/000305_20260226_030959/overlay.png,0.3413563594222069,0.256781005859375,0.2222015380859375,secondary,720.0,00:12:00,720.5666666666667,00:12:00.567,20260226_031208.tiff,processed/aligned/000305_20260226_030959/mask_80c.png,82082,0.250494384765625
000306_20260226_031000,exported,20260226_031000.tiff,2026-02-26 03:10:00,592.5666666666667,00:09:52.567,17777,raw/thermal/20260226_031000.tiff,processed/aligned/000306_20260226_031000/thermal.tiff,processed/aligned/000306_20260226_031000/thermal.png,processed/aligned/000306_20260226_031000/video.png,processed/aligned/000306_20260226_031000/overlay.png,0.312424398958683,0.2615478515625,0.2484771728515625,secondary,720.0,00:12:00,720.5666666666667,00:12:00.567,20260226_031208.tiff,processed/aligned/000306_20260226_031000/mask_80c.png,85229,0.2600982666015625
000307_20260226_031001,exported,20260226_031001.tiff,2026-02-26 03:10:01,593.5666666666667,00:09:53.567,17807,raw/thermal/20260226_031001.tiff,processed/aligned/000307_20260226_031001/thermal.tiff,processed/aligned/000307_20260226_031001/thermal.png,processed/aligned/000307_20260226_031001/video.png,processed/aligned/000307_20260226_031001/overlay.png,0.3004462942481041,0.2606292724609375,0.2600921630859375,secondary,720.0,00:12:00,720.5666666666667,00:12:00.567,20260226_031208.tiff,processed/aligned/000307_20260226_031001/mask_80c.png,54053,0.1649566650390625
000308_20260226_031002,exported,20260226_031002.tiff,2026-02-26 03:10:02,594.5666666666667,00:09:54.567,17837,raw/thermal/20260226_031002.tiff,processed/aligned/000308_20260226_031002/thermal.tiff,processed/aligned/000308_20260226_031002/thermal.png,processed/aligned/000308_20260226_031002/video.png,processed/aligned/000308_20260226_031002/overlay.png,0.24337505921721458,0.273138427734375,0.2395721435546875,secondary,720.0,00:12:00,720.5666666666667,00:12:00.567,20260226_031208.tiff,processed/aligned/000308_20260226_031002/mask_80c.png,40464,0.123486328125
000309_20260226_031003,exported,20260226_031003.tiff,2026-02-26 03:10:03,595.5666666666667,00:09:55.567,17867,raw/thermal/20260226_031003.tiff,processed/aligned/000309_20260226_031003/thermal.tiff,processed/aligned/000309_20260226_031003/thermal.png,processed/aligned/000309_20260226_031003/video.png,processed/aligned/000309_20260226_031003/overlay.png,0.23885910958051682,0.1839752197265625,0.4319732666015625,secondary,720.0,00:12:00,720.5666666666667,00:12:00.567,20260226_031208.tiff,processed/aligned/000309_20260226_031003/mask_80c.png,16584,0.0506103515625
000310_20260226_031004,exported,20260226_031004.tiff,2026-02-26 03:10:04,596.5666666666667,00:09:56.567,17897,raw/thermal/20260226_031004.tiff,processed/aligned/000310_20260226_031004/thermal.tiff,processed/aligned/000310_20260226_031004/thermal.png,processed/aligned/000310_20260226_031004/video.png,processed/aligned/000310_20260226_031004/overlay.png,0.2942586839199066,0.1548583984375,0.4423187255859375,secondary,720.0,00:12:00,720.5666666666667,00:12:00.567,20260226_031208.tiff,processed/aligned/000310_20260226_031004/mask_80c.png,5112,0.0156005859375
000311_20260226_031005,exported,20260226_031005.tiff,2026-02-26 03:10:05,597.5666666666667,00:09:57.567,17927,raw/thermal/20260226_031005.tiff,processed/aligned/000311_20260226_031005/thermal.tiff,processed/aligned/000311_20260226_031005/thermal.png,processed/aligned/000311_20260226_031005/video.png,processed/aligned/000311_20260226_031005/overlay.png,0.24929330125451088,0.0282379150390625,0.5188323974609375,secondary,720.0,00:12:00,720.5666666666667,00:12:00.567,20260226_031208.tiff,processed/aligned/000311_20260226_031005/mask_80c.png,1463,0.0044647216796875
000312_20260226_031006,exported,20260226_031006.tiff,2026-02-26 03:10:06,598.5666666666667,00:09:58.567,17957,raw/thermal/20260226_031006.tiff,processed/aligned/000312_20260226_031006/thermal.tiff,processed/aligned/000312_20260226_031006/thermal.png,processed/aligned/000312_20260226_031006/video.png,processed/aligned/000312_20260226_031006/overlay.png,0.2367991991341114,0.1586669921875,0.460821533203125,secondary,720.0,00:12:00,720.5666666666667,00:12:00.567,20260226_031208.tiff,processed/aligned/000312_20260226_031006/mask_80c.png,4757,0.0145172119140625
000313_20260226_031007,exported,20260226_031007.tiff,2026-02-26 03:10:07,599.5666666666667,00:09:59.567,17987,raw/thermal/20260226_031007.tiff,processed/aligned/000313_20260226_031007/thermal.tiff,processed/aligned/000313_20260226_031007/thermal.png,processed/aligned/000313_20260226_031007/video.png,processed/aligned/000313_20260226_031007/overlay.png,0.22097302600741386,0.1558349609375,0.4707366943359375,secondary,720.0,00:12:00,720.5666666666667,00:12:00.567,20260226_031208.tiff,processed/aligned/000313_20260226_031007/mask_80c.png,8166,0.024920654296875
000314_20260226_031008,exported,20260226_031008.tiff,2026-02-26 03:10:08,600.5666666666667,00:10:00.567,18017,raw/thermal/20260226_031008.tiff,processed/aligned/000314_20260226_031008/thermal.tiff,processed/aligned/000314_20260226_031008/thermal.png,processed/aligned/000314_20260226_031008/video.png,processed/aligned/000314_20260226_031008/overlay.png,0.3257237859070301,0.1085357666015625,0.5524658203125,secondary,720.0,00:12:00,720.5666666666667,00:12:00.567,20260226_031208.tiff,processed/aligned/000314_20260226_031008/mask_80c.png,1368,0.0041748046875
000315_20260226_031009,exported,20260226_031009.tiff,2026-02-26 03:10:09,601.5666666666667,00:10:01.567,18047,raw/thermal/20260226_031009.tiff,processed/aligned/000315_20260226_031009/thermal.tiff,processed/aligned/000315_20260226_031009/thermal.png,processed/aligned/000315_20260226_031009/video.png,processed/aligned/000315_20260226_031009/overlay.png,0.29477157816290855,0.06080322265625,0.520184326171875,secondary,720.0,00:12:00,720.5666666666667,00:12:00.567,20260226_031208.tiff,processed/aligned/000315_20260226_031009/mask_80c.png,266,0.000811767578125
000316_20260226_031010,exported,20260226_031010.tiff,2026-02-26 03:10:10,602.5666666666667,00:10:02.567,18077,raw/thermal/20260226_031010.tiff,processed/aligned/000316_20260226_031010/thermal.tiff,processed/aligned/000316_20260226_031010/thermal.png,processed/aligned/000316_20260226_031010/video.png,processed/aligned/000316_20260226_031010/overlay.png,0.37452926486730576,0.1132720947265625,0.646185302734375,secondary,720.0,00:12:00,720.5666666666667,00:12:00.567,20260226_031208.tiff,processed/aligned/000316_20260226_031010/mask_80c.png,113,0.0003448486328125
000317_20260226_031011,exported,20260226_031011.tiff,2026-02-26 03:10:11,603.5666666666667,00:10:03.567,18107,raw/thermal/20260226_031011.tiff,processed/aligned/000317_20260226_031011/thermal.tiff,processed/aligned/000317_20260226_031011/thermal.png,processed/aligned/000317_20260226_031011/video.png,processed/aligned/000317_20260226_031011/overlay.png,0.353200227022171,0.096514892578125,0.6432769775390625,secondary,720.0,00:12:00,720.5666666666667,00:12:00.567,20260226_031208.tiff,processed/aligned/000317_20260226_031011/mask_80c.png,0,0.0
000318_20260226_031012,exported,20260226_031012.tiff,2026-02-26 03:10:12,604.5666666666667,00:10:04.567,18137,raw/thermal/20260226_031012.tiff,processed/aligned/000318_20260226_031012/thermal.tiff,processed/aligned/000318_20260226_031012/thermal.png,processed/aligned/000318_20260226_031012/video.png,processed/aligned/000318_20260226_031012/overlay.png,0.35737568885087967,0.0997833251953125,0.6426239013671875,secondary,720.0,00:12:00,720.5666666666667,00:12:00.567,20260226_031208.tiff,processed/aligned/000318_20260226_031012/mask_80c.png,0,0.0
000319_20260226_031013,exported,20260226_031013.tiff,2026-02-26 03:10:13,605.5666666666667,00:10:05.567,18167,raw/thermal/20260226_031013.tiff,processed/aligned/000319_20260226_031013/thermal.tiff,processed/aligned/000319_20260226_031013/thermal.png,processed/aligned/000319_20260226_031013/video.png,processed/aligned/000319_20260226_031013/overlay.png,0.43018561601638794,0.198974609375,0.62933349609375,secondary,720.0,00:12:00,720.5666666666667,00:12:00.567,20260226_031208.tiff,processed/aligned/000319_20260226_031013/mask_80c.png,50,0.000152587890625
000320_20260226_031014,exported,20260226_031014.tiff,2026-02-26 03:10:14,606.5666666666667,00:10:06.567,18197,raw/thermal/20260226_031014.tiff,processed/aligned/000320_20260226_031014/thermal.tiff,processed/aligned/000320_20260226_031014/thermal.png,processed/aligned/000320_20260226_031014/video.png,processed/aligned/000320_20260226_031014/overlay.png,0.4316546246409416,0.2241790771484375,0.5790557861328125,secondary,720.0,00:12:00,720.5666666666667,00:12:00.567,20260226_031208.tiff,processed/aligned/000320_20260226_031014/mask_80c.png,96,0.00029296875
000321_20260226_031015,exported,20260226_031015.tiff,2026-02-26 03:10:15,607.5666666666667,00:10:07.567,18227,raw/thermal/20260226_031015.tiff,processed/aligned/000321_20260226_031015/thermal.tiff,processed/aligned/000321_20260226_031015/thermal.png,processed/aligned/000321_20260226_031015/video.png,processed/aligned/000321_20260226_031015/overlay.png,0.3940955474972725,0.1615203857421875,0.6385772705078125,secondary,720.0,00:12:00,720.5666666666667,00:12:00.567,20260226_031208.tiff,processed/aligned/000321_20260226_031015/mask_80c.png,104,0.0003173828125
000322_20260226_031016,exported,20260226_031016.tiff,2026-02-26 03:10:16,608.5666666666667,00:10:08.567,18257,raw/thermal/20260226_031016.tiff,processed/aligned/000322_20260226_031016/thermal.tiff,processed/aligned/000322_20260226_031016/thermal.png,processed/aligned/000322_20260226_031016/video.png,processed/aligned/000322_20260226_031016/overlay.png,0.4229430928826332,0.1789306640625,0.6482696533203125,secondary,720.0,00:12:00,720.5666666666667,00:12:00.567,20260226_031208.tiff,processed/aligned/000322_20260226_031016/mask_80c.png,159,0.0004852294921875
000323_20260226_031017,exported,20260226_031017.tiff,2026-02-26 03:10:17,609.5666666666667,00:10:09.567,18287,raw/thermal/20260226_031017.tiff,processed/aligned/000323_20260226_031017/thermal.tiff,processed/aligned/000323_20260226_031017/thermal.png,processed/aligned/000323_20260226_031017/video.png,processed/aligned/000323_20260226_031017/overlay.png,0.47199746966362,0.25155029296875,0.649114990234375,secondary,720.0,00:12:00,720.5666666666667,00:12:00.567,20260226_031208.tiff,processed/aligned/000323_20260226_031017/mask_80c.png,198,0.000604248046875
000324_20260226_031018,exported,20260226_031018.tiff,2026-02-26 03:10:18,610.5666666666667,00:10:10.567,18317,raw/thermal/20260226_031018.tiff,processed/aligned/000324_20260226_031018/thermal.tiff,processed/aligned/000324_20260226_031018/thermal.png,processed/aligned/000324_20260226_031018/video.png,processed/aligned/000324_20260226_031018/overlay.png,0.4314722344279289,0.2030853271484375,0.610687255859375,secondary,720.0,00:12:00,720.5666666666667,00:12:00.567,20260226_031208.tiff,processed/aligned/000324_20260226_031018/mask_80c.png,382,0.001165771484375
000325_20260226_031019,exported,20260226_031019.tiff,2026-02-26 03:10:19,611.5666666666667,00:10:11.567,18347,raw/thermal/20260226_031019.tiff,processed/aligned/000325_20260226_031019/thermal.tiff,processed/aligned/000325_20260226_031019/thermal.png,processed/aligned/000325_20260226_031019/video.png,processed/aligned/000325_20260226_031019/overlay.png,0.423676960170269,0.1950164794921875,0.5961090087890625,secondary,720.0,00:12:00,720.5666666666667,00:12:00.567,20260226_031208.tiff,processed/aligned/000325_20260226_031019/mask_80c.png,154,0.000469970703125
000326_20260226_031020,exported,20260226_031020.tiff,2026-02-26 03:10:20,612.5666666666667,00:10:12.567,18377,raw/thermal/20260226_031020.tiff,processed/aligned/000326_20260226_031020/thermal.tiff,processed/aligned/000326_20260226_031020/thermal.png,processed/aligned/000326_20260226_031020/video.png,processed/aligned/000326_20260226_031020/overlay.png,0.4542204365134239,0.2398193359375,0.6079925537109375,secondary,720.0,00:12:00,720.5666666666667,00:12:00.567,20260226_031208.tiff,processed/aligned/000326_20260226_031020/mask_80c.png,129,0.0003936767578125
000327_20260226_031021,exported,20260226_031021.tiff,2026-02-26 03:10:21,613.5666666666667,00:10:13.567,18407,raw/thermal/20260226_031021.tiff,processed/aligned/000327_20260226_031021/thermal.tiff,processed/aligned/000327_20260226_031021/thermal.png,processed/aligned/000327_20260226_031021/video.png,processed/aligned/000327_20260226_031021/overlay.png,0.39110054820775986,0.14140625,0.63238525390625,secondary,720.0,00:12:00,720.5666666666667,00:12:00.567,20260226_031208.tiff,processed/aligned/000327_20260226_031021/mask_80c.png,341,0.0010406494140625
000328_20260226_031022,exported,20260226_031022.tiff,2026-02-26 03:10:22,614.5666666666667,00:10:14.567,18437,raw/thermal/20260226_031022.tiff,processed/aligned/000328_20260226_031022/thermal.tiff,processed/aligned/000328_20260226_031022/thermal.png,processed/aligned/000328_20260226_031022/video.png,processed/aligned/000328_20260226_031022/overlay.png,0.5146563425660133,0.3156463623046875,0.6555755615234375,secondary,720.0,00:12:00,720.5666666666667,00:12:00.567,20260226_031208.tiff,processed/aligned/000328_20260226_031022/mask_80c.png,167,0.0005096435546875
000329_20260226_031023,exported,20260226_031023.tiff,2026-02-26 03:10:23,615.5666666666667,00:10:15.567,18467,raw/thermal/20260226_031023.tiff,processed/aligned/000329_20260226_031023/thermal.tiff,processed/aligned/000329_20260226_031023/thermal.png,processed/aligned/000329_20260226_031023/video.png,processed/aligned/000329_20260226_031023/overlay.png,0.5127349272370338,0.3072113037109375,0.673406982421875,secondary,720.0,00:12:00,720.5666666666667,00:12:00.567,20260226_031208.tiff,processed/aligned/000329_20260226_031023/mask_80c.png,474,0.001446533203125
000330_20260226_031024,exported,20260226_031024.tiff,2026-02-26 03:10:24,616.5666666666667,00:10:16.567,18497,raw/thermal/20260226_031024.tiff,processed/aligned/000330_20260226_031024/thermal.tiff,processed/aligned/000330_20260226_031024/thermal.png,processed/aligned/000330_20260226_031024/video.png,processed/aligned/000330_20260226_031024/overlay.png,0.5004229322075844,0.2875823974609375,0.6784576416015625,secondary,720.0,00:12:00,720.5666666666667,00:12:00.567,20260226_031208.tiff,processed/aligned/000330_20260226_031024/mask_80c.png,5,1.52587890625e-05
000331_20260226_031025,exported,20260226_031025.tiff,2026-02-26 03:10:25,617.5666666666667,00:10:17.567,18527,raw/thermal/20260226_031025.tiff,processed/aligned/000331_20260226_031025/thermal.tiff,processed/aligned/000331_20260226_031025/thermal.png,processed/aligned/000331_20260226_031025/video.png,processed/aligned/000331_20260226_031025/overlay.png,0.4449445307254791,0.2317779541015625,0.6329132080078125,secondary,720.0,00:12:00,720.5666666666667,00:12:00.567,20260226_031208.tiff,processed/aligned/000331_20260226_031025/mask_80c.png,0,0.0
000332_20260226_031026,exported,20260226_031026.tiff,2026-02-26 03:10:26,618.5666666666667,00:10:18.567,18557,raw/thermal/20260226_031026.tiff,processed/aligned/000332_20260226_031026/thermal.tiff,processed/aligned/000332_20260226_031026/thermal.png,processed/aligned/000332_20260226_031026/video.png,processed/aligned/000332_20260226_031026/overlay.png,0.4010530114173889,0.1698822021484375,0.63218994140625,secondary,720.0,00:12:00,720.5666666666667,00:12:00.567,20260226_031208.tiff,processed/aligned/000332_20260226_031026/mask_80c.png,0,0.0
000333_20260226_031027,exported,20260226_031027.tiff,2026-02-26 03:10:27,619.5666666666667,00:10:19.567,18587,raw/thermal/20260226_031027.tiff,processed/aligned/000333_20260226_031027/thermal.tiff,processed/aligned/000333_20260226_031027/thermal.png,processed/aligned/000333_20260226_031027/video.png,processed/aligned/000333_20260226_031027/overlay.png,0.4138162210583687,0.18648681640625,0.6211151123046875,secondary,720.0,00:12:00,720.5666666666667,00:12:00.567,20260226_031208.tiff,processed/aligned/000333_20260226_031027/mask_80c.png,0,0.0
000334_20260226_031028,exported,20260226_031028.tiff,2026-02-26 03:10:28,620.5666666666667,00:10:20.567,18617,raw/thermal/20260226_031028.tiff,processed/aligned/000334_20260226_031028/thermal.tiff,processed/aligned/000334_20260226_031028/thermal.png,processed/aligned/000334_20260226_031028/video.png,processed/aligned/000334_20260226_031028/overlay.png,0.4140271469950676,0.1911102294921875,0.604010009765625,secondary,720.0,00:12:00,720.5666666666667,00:12:00.567,20260226_031208.tiff,processed/aligned/000334_20260226_031028/mask_80c.png,0,0.0
000335_20260226_031029,exported,20260226_031029.tiff,2026-02-26 03:10:29,621.5666666666667,00:10:21.567,18647,raw/thermal/20260226_031029.tiff,processed/aligned/000335_20260226_031029/thermal.tiff,processed/aligned/000335_20260226_031029/thermal.png,processed/aligned/000335_20260226_031029/video.png,processed/aligned/000335_20260226_031029/overlay.png,0.39224599301815033,0.164337158203125,0.60404052734375,secondary,720.0,00:12:00,720.5666666666667,00:12:00.567,20260226_031208.tiff,processed/aligned/000335_20260226_031029/mask_80c.png,0,0.0
000336_20260226_031030,exported,20260226_031030.tiff,2026-02-26 03:10:30,622.5666666666667,00:10:22.567,18677,raw/thermal/20260226_031030.tiff,processed/aligned/000336_20260226_031030/thermal.tiff,processed/aligned/000336_20260226_031030/thermal.png,processed/aligned/000336_20260226_031030/video.png,processed/aligned/000336_20260226_031030/overlay.png,0.4917842075228691,0.3224578857421875,0.621630859375,secondary,720.0,00:12:00,720.5666666666667,00:12:00.567,20260226_031208.tiff,processed/aligned/000336_20260226_031030/mask_80c.png,0,0.0
000337_20260226_031031,exported,20260226_031031.tiff,2026-02-26 03:10:31,623.5666666666667,00:10:23.567,18707,raw/thermal/20260226_031031.tiff,processed/aligned/000337_20260226_031031/thermal.tiff,processed/aligned/000337_20260226_031031/thermal.png,processed/aligned/000337_20260226_031031/video.png,processed/aligned/000337_20260226_031031/overlay.png,0.4793516546487808,0.31876220703125,0.560748291015625,secondary,720.0,00:12:00,720.5666666666667,00:12:00.567,20260226_031208.tiff,processed/aligned/000337_20260226_031031/mask_80c.png,0,0.0
000338_20260226_031032,exported,20260226_031032.tiff,2026-02-26 03:10:32,624.5666666666667,00:10:24.567,18737,raw/thermal/20260226_031032.tiff,processed/aligned/000338_20260226_031032/thermal.tiff,processed/aligned/000338_20260226_031032/thermal.png,processed/aligned/000338_20260226_031032/video.png,processed/aligned/000338_20260226_031032/overlay.png,0.4579937905073166,0.25047607421875,0.5994781494140625,secondary,720.0,00:12:00,720.5666666666667,00:12:00.567,20260226_031208.tiff,processed/aligned/000338_20260226_031032/mask_80c.png,0,0.0
000339_20260226_031033,exported,20260226_031033.tiff,2026-02-26 03:10:33,625.5666666666667,00:10:25.567,18767,raw/thermal/20260226_031033.tiff,processed/aligned/000339_20260226_031033/thermal.tiff,processed/aligned/000339_20260226_031033/thermal.png,processed/aligned/000339_20260226_031033/video.png,processed/aligned/000339_20260226_031033/overlay.png,0.39368220418691635,0.1566986083984375,0.614117431640625,secondary,720.0,00:12:00,720.5666666666667,00:12:00.567,20260226_031208.tiff,processed/aligned/000339_20260226_031033/mask_80c.png,0,0.0
000340_20260226_031034,exported,20260226_031034.tiff,2026-02-26 03:10:34,626.5666666666667,00:10:26.567,18797,raw/thermal/20260226_031034.tiff,processed/aligned/000340_20260226_031034/thermal.tiff,processed/aligned/000340_20260226_031034/thermal.png,processed/aligned/000340_20260226_031034/video.png,processed/aligned/000340_20260226_031034/overlay.png,0.4135892316699028,0.180902099609375,0.6349700927734375,secondary,720.0,00:12:00,720.5666666666667,00:12:00.567,20260226_031208.tiff,processed/aligned/000340_20260226_031034/mask_80c.png,0,0.0
000341_20260226_031035,exported,20260226_031035.tiff,2026-02-26 03:10:35,627.5666666666667,00:10:27.567,18827,raw/thermal/20260226_031035.tiff,processed/aligned/000341_20260226_031035/thermal.tiff,processed/aligned/000341_20260226_031035/thermal.png,processed/aligned/000341_20260226_031035/video.png,processed/aligned/000341_20260226_031035/overlay.png,0.44724079966545105,0.2200042724609375,0.6435211181640625,secondary,720.0,00:12:00,720.5666666666667,00:12:00.567,20260226_031208.tiff,processed/aligned/000341_20260226_031035/mask_80c.png,0,0.0
000342_20260226_031036,exported,20260226_031036.tiff,2026-02-26 03:10:36,628.5666666666667,00:10:28.567,18857,raw/thermal/20260226_031036.tiff,processed/aligned/000342_20260226_031036/thermal.tiff,processed/aligned/000342_20260226_031036/thermal.png,processed/aligned/000342_20260226_031036/video.png,processed/aligned/000342_20260226_031036/overlay.png,0.5114055350422859,0.3274993896484375,0.66375732421875,secondary,720.0,00:12:00,720.5666666666667,00:12:00.567,20260226_031208.tiff,processed/aligned/000342_20260226_031036/mask_80c.png,0,0.0
000343_20260226_031037,exported,20260226_031037.tiff,2026-02-26 03:10:37,629.5666666666667,00:10:29.567,18887,raw/thermal/20260226_031037.tiff,processed/aligned/000343_20260226_031037/thermal.tiff,processed/aligned/000343_20260226_031037/thermal.png,processed/aligned/000343_20260226_031037/video.png,processed/aligned/000343_20260226_031037/overlay.png,0.467256598174572,0.2550445556640625,0.6649810791015625,secondary,720.0,00:12:00,720.5666666666667,00:12:00.567,20260226_031208.tiff,processed/aligned/000343_20260226_031037/mask_80c.png,0,0.0
000344_20260226_031038,exported,20260226_031038.tiff,2026-02-26 03:10:38,630.5666666666667,00:10:30.567,18917,raw/thermal/20260226_031038.tiff,processed/aligned/000344_20260226_031038/thermal.tiff,processed/aligned/000344_20260226_031038/thermal.png,processed/aligned/000344_20260226_031038/video.png,processed/aligned/000344_20260226_031038/overlay.png,0.445610873401165,0.210662841796875,0.648504638671875,secondary,720.0,00:12:00,720.5666666666667,00:12:00.567,20260226_031208.tiff,processed/aligned/000344_20260226_031038/mask_80c.png,0,0.0
000345_20260226_031039,exported,20260226_031039.tiff,2026-02-26 03:10:39,631.5666666666667,00:10:31.567,18947,raw/thermal/20260226_031039.tiff,processed/aligned/000345_20260226_031039/thermal.tiff,processed/aligned/000345_20260226_031039/thermal.png,processed/aligned/000345_20260226_031039/video.png,processed/aligned/000345_20260226_031039/overlay.png,0.4160025492310524,0.154925537109375,0.6652008056640625,secondary,720.0,00:12:00,720.5666666666667,00:12:00.567,20260226_031208.tiff,processed/aligned/000345_20260226_031039/mask_80c.png,0,0.0
000346_20260226_031040,exported,20260226_031040.tiff,2026-02-26 03:10:40,632.5666666666667,00:10:32.567,18977,raw/thermal/20260226_031040.tiff,processed/aligned/000346_20260226_031040/thermal.tiff,processed/aligned/000346_20260226_031040/thermal.png,processed/aligned/000346_20260226_031040/video.png,processed/aligned/000346_20260226_031040/overlay.png,0.4583885744214058,0.2167999267578125,0.66549072265625,secondary,720.0,00:12:00,720.5666666666667,00:12:00.567,20260226_031208.tiff,processed/aligned/000346_20260226_031040/mask_80c.png,0,0.0
000347_20260226_031041,exported,20260226_031041.tiff,2026-02-26 03:10:41,633.5666666666667,00:10:33.567,19007,raw/thermal/20260226_031041.tiff,processed/aligned/000347_20260226_031041/thermal.tiff,processed/aligned/000347_20260226_031041/thermal.png,processed/aligned/000347_20260226_031041/video.png,processed/aligned/000347_20260226_031041/overlay.png,0.4480603411793709,0.204315185546875,0.6398101806640625,secondary,720.0,00:12:00,720.5666666666667,00:12:00.567,20260226_031208.tiff,processed/aligned/000347_20260226_031041/mask_80c.png,0,0.0
000348_20260226_031042,exported,20260226_031042.tiff,2026-02-26 03:10:42,634.5666666666667,00:10:34.567,19037,raw/thermal/20260226_031042.tiff,processed/aligned/000348_20260226_031042/thermal.tiff,processed/aligned/000348_20260226_031042/thermal.png,processed/aligned/000348_20260226_031042/video.png,processed/aligned/000348_20260226_031042/overlay.png,0.4087558910250664,0.1739990234375,0.63912353515625,secondary,720.0,00:12:00,720.5666666666667,00:12:00.567,20260226_031208.tiff,processed/aligned/000348_20260226_031042/mask_80c.png,1941,0.0059234619140625
000349_20260226_031043,exported,20260226_031043.tiff,2026-02-26 03:10:43,635.5666666666667,00:10:35.567,19067,raw/thermal/20260226_031043.tiff,processed/aligned/000349_20260226_031043/thermal.tiff,processed/aligned/000349_20260226_031043/thermal.png,processed/aligned/000349_20260226_031043/video.png,processed/aligned/000349_20260226_031043/overlay.png,0.3795248568058014,0.1836822509765625,0.5869476318359375,secondary,720.0,00:12:00,720.5666666666667,00:12:00.567,20260226_031208.tiff,processed/aligned/000349_20260226_031043/mask_80c.png,2033,0.0062042236328125
000350_20260226_031044,exported,20260226_031044.tiff,2026-02-26 03:10:44,636.5666666666667,00:10:36.567,19097,raw/thermal/20260226_031044.tiff,processed/aligned/000350_20260226_031044/thermal.tiff,processed/aligned/000350_20260226_031044/thermal.png,processed/aligned/000350_20260226_031044/video.png,processed/aligned/000350_20260226_031044/overlay.png,0.32779014855623245,0.1668792724609375,0.5583587646484375,secondary,720.0,00:12:00,720.5666666666667,00:12:00.567,20260226_031208.tiff,processed/aligned/000350_20260226_031044/mask_80c.png,3619,0.0110443115234375
000351_20260226_031045,exported,20260226_031045.tiff,2026-02-26 03:10:45,637.5666666666667,00:10:37.567,19127,raw/thermal/20260226_031045.tiff,processed/aligned/000351_20260226_031045/thermal.tiff,processed/aligned/000351_20260226_031045/thermal.png,processed/aligned/000351_20260226_031045/video.png,processed/aligned/000351_20260226_031045/overlay.png,0.2518327943980694,0.1815643310546875,0.4254913330078125,secondary,720.0,00:12:00,720.5666666666667,00:12:00.567,20260226_031208.tiff,processed/aligned/000351_20260226_031045/mask_80c.png,19992,0.0610107421875
000352_20260226_031046,exported,20260226_031046.tiff,2026-02-26 03:10:46,638.5666666666667,00:10:38.567,19157,raw/thermal/20260226_031046.tiff,processed/aligned/000352_20260226_031046/thermal.tiff,processed/aligned/000352_20260226_031046/thermal.png,processed/aligned/000352_20260226_031046/video.png,processed/aligned/000352_20260226_031046/overlay.png,0.24024509638547897,0.2230438232421875,0.297125244140625,secondary,720.0,00:12:00,720.5666666666667,00:12:00.567,20260226_031208.tiff,processed/aligned/000352_20260226_031046/mask_80c.png,31958,0.097528076171875
000353_20260226_031047,exported,20260226_031047.tiff,2026-02-26 03:10:47,639.5666666666667,00:10:39.567,19187,raw/thermal/20260226_031047.tiff,processed/aligned/000353_20260226_031047/thermal.tiff,processed/aligned/000353_20260226_031047/thermal.png,processed/aligned/000353_20260226_031047/video.png,processed/aligned/000353_20260226_031047/overlay.png,0.2799728736281395,0.238848876953125,0.33399658203125,secondary,720.0,00:12:00,720.5666666666667,00:12:00.567,20260226_031208.tiff,processed/aligned/000353_20260226_031047/mask_80c.png,35032,0.1069091796875
000354_20260226_031048,exported,20260226_031048.tiff,2026-02-26 03:10:48,640.5666666666667,00:10:40.567,19217,raw/thermal/20260226_031048.tiff,processed/aligned/000354_20260226_031048/thermal.tiff,processed/aligned/000354_20260226_031048/thermal.png,processed/aligned/000354_20260226_031048/video.png,processed/aligned/000354_20260226_031048/overlay.png,0.29530659317970276,0.2448974609375,0.2783782958984375,secondary,720.0,00:12:00,720.5666666666667,00:12:00.567,20260226_031208.tiff,processed/aligned/000354_20260226_031048/mask_80c.png,43430,0.132537841796875
000355_20260226_031049,exported,20260226_031049.tiff,2026-02-26 03:10:49,641.5666666666667,00:10:41.567,19247,raw/thermal/20260226_031049.tiff,processed/aligned/000355_20260226_031049/thermal.tiff,processed/aligned/000355_20260226_031049/thermal.png,processed/aligned/000355_20260226_031049/video.png,processed/aligned/000355_20260226_031049/overlay.png,0.30495157092809677,0.229656982421875,0.2554473876953125,secondary,720.0,00:12:00,720.5666666666667,00:12:00.567,20260226_031208.tiff,processed/aligned/000355_20260226_031049/mask_80c.png,55048,0.1679931640625
000356_20260226_031050,exported,20260226_031050.tiff,2026-02-26 03:10:50,642.5666666666667,00:10:42.567,19277,raw/thermal/20260226_031050.tiff,processed/aligned/000356_20260226_031050/thermal.tiff,processed/aligned/000356_20260226_031050/thermal.png,processed/aligned/000356_20260226_031050/video.png,processed/aligned/000356_20260226_031050/overlay.png,0.28382714837789536,0.2462738037109375,0.2136993408203125,secondary,720.0,00:12:00,720.5666666666667,00:12:00.567,20260226_031208.tiff,processed/aligned/000356_20260226_031050/mask_80c.png,87083,0.2657562255859375
000357_20260226_031051,exported,20260226_031051.tiff,2026-02-26 03:10:51,643.5666666666667,00:10:43.567,19307,raw/thermal/20260226_031051.tiff,processed/aligned/000357_20260226_031051/thermal.tiff,processed/aligned/000357_20260226_031051/thermal.png,processed/aligned/000357_20260226_031051/video.png,processed/aligned/000357_20260226_031051/overlay.png,0.22755338996648788,0.239385986328125,0.15465087890625,secondary,720.0,00:12:00,720.5666666666667,00:12:00.567,20260226_031208.tiff,processed/aligned/000357_20260226_031051/mask_80c.png,112379,0.3429534912109375
000358_20260226_031052,exported,20260226_031052.tiff,2026-02-26 03:10:52,644.5666666666667,00:10:44.567,19337,raw/thermal/20260226_031052.tiff,processed/aligned/000358_20260226_031052/thermal.tiff,processed/aligned/000358_20260226_031052/thermal.png,processed/aligned/000358_20260226_031052/video.png,processed/aligned/000358_20260226_031052/overlay.png,0.1640395000576973,0.2151275634765625,0.0964691162109375,secondary,720.0,00:12:00,720.5666666666667,00:12:00.567,20260226_031208.tiff,processed/aligned/000358_20260226_031052/mask_80c.png,147473,0.4500518798828125
000359_20260226_031053,exported,20260226_031053.tiff,2026-02-26 03:10:53,645.5666666666667,00:10:45.567,19367,raw/thermal/20260226_031053.tiff,processed/aligned/000359_20260226_031053/thermal.tiff,processed/aligned/000359_20260226_031053/thermal.png,processed/aligned/000359_20260226_031053/video.png,processed/aligned/000359_20260226_031053/overlay.png,0.14210137352347374,0.175531005859375,0.0700836181640625,secondary,720.0,00:12:00,720.5666666666667,00:12:00.567,20260226_031208.tiff,processed/aligned/000359_20260226_031053/mask_80c.png,187699,0.5728118896484375
000360_20260226_031054,exported,20260226_031054.tiff,2026-02-26 03:10:54,646.5666666666667,00:10:46.567,19397,raw/thermal/20260226_031054.tiff,processed/aligned/000360_20260226_031054/thermal.tiff,processed/aligned/000360_20260226_031054/thermal.png,processed/aligned/000360_20260226_031054/video.png,processed/aligned/000360_20260226_031054/overlay.png,0.15311427228152752,0.142498779296875,0.0321075439453125,secondary,720.0,00:12:00,720.5666666666667,00:12:00.567,20260226_031208.tiff,processed/aligned/000360_20260226_031054/mask_80c.png,232637,0.7099517822265625
000361_20260226_031055,exported,20260226_031055.tiff,2026-02-26 03:10:55,647.5666666666667,00:10:47.567,19427,raw/thermal/20260226_031055.tiff,processed/aligned/000361_20260226_031055/thermal.tiff,processed/aligned/000361_20260226_031055/thermal.png,processed/aligned/000361_20260226_031055/video.png,processed/aligned/000361_20260226_031055/overlay.png,0.14773012651130557,0.131005859375,0.009063720703125,secondary,720.0,00:12:00,720.5666666666667,00:12:00.567,20260226_031208.tiff,processed/aligned/000361_20260226_031055/mask_80c.png,248636,0.75877685546875
000362_20260226_031056,exported,20260226_031056.tiff,2026-02-26 03:10:56,648.5666666666667,00:10:48.567,19457,raw/thermal/20260226_031056.tiff,processed/aligned/000362_20260226_031056/thermal.tiff,processed/aligned/000362_20260226_031056/thermal.png,processed/aligned/000362_20260226_031056/video.png,processed/aligned/000362_20260226_031056/overlay.png,0.17318579321727157,0.2371856689453125,0.0008880615234375,secondary,720.0,00:12:00,720.5666666666667,00:12:00.567,20260226_031208.tiff,processed/aligned/000362_20260226_031056/mask_80c.png,202681,0.6185333251953125
000363_20260226_031057,exported,20260226_031057.tiff,2026-02-26 03:10:57,649.5666666666667,00:10:49.567,19487,raw/thermal/20260226_031057.tiff,processed/aligned/000363_20260226_031057/thermal.tiff,processed/aligned/000363_20260226_031057/thermal.png,processed/aligned/000363_20260226_031057/video.png,processed/aligned/000363_20260226_031057/overlay.png,0.16179226455278695,0.2774932861328125,0.00078125,secondary,720.0,00:12:00,720.5666666666667,00:12:00.567,20260226_031208.tiff,processed/aligned/000363_20260226_031057/mask_80c.png,157576,0.4808837890625
000364_20260226_031058,exported,20260226_031058.tiff,2026-02-26 03:10:58,650.5666666666667,00:10:50.567,19517,raw/thermal/20260226_031058.tiff,processed/aligned/000364_20260226_031058/thermal.tiff,processed/aligned/000364_20260226_031058/thermal.png,processed/aligned/000364_20260226_031058/video.png,processed/aligned/000364_20260226_031058/overlay.png,0.14429645240306854,0.3500518798828125,0.0,secondary,720.0,00:12:00,720.5666666666667,00:12:00.567,20260226_031208.tiff,processed/aligned/000364_20260226_031058/mask_80c.png,95526,0.291522216796875
000365_20260226_031059,exported,20260226_031059.tiff,2026-02-26 03:10:59,651.5666666666667,00:10:51.567,19547,raw/thermal/20260226_031059.tiff,processed/aligned/000365_20260226_031059/thermal.tiff,processed/aligned/000365_20260226_031059/thermal.png,processed/aligned/000365_20260226_031059/video.png,processed/aligned/000365_20260226_031059/overlay.png,0.14984413981437683,0.3134918212890625,0.0,secondary,720.0,00:12:00,720.5666666666667,00:12:00.567,20260226_031208.tiff,processed/aligned/000365_20260226_031059/mask_80c.png,116744,0.3562744140625
000366_20260226_031100,exported,20260226_031100.tiff,2026-02-26 03:11:00,652.5666666666667,00:10:52.567,19577,raw/thermal/20260226_031100.tiff,processed/aligned/000366_20260226_031100/thermal.tiff,processed/aligned/000366_20260226_031100/thermal.png,processed/aligned/000366_20260226_031100/video.png,processed/aligned/000366_20260226_031100/overlay.png,0.14896850287914276,0.2809356689453125,0.0,secondary,720.0,00:12:00,720.5666666666667,00:12:00.567,20260226_031208.tiff,processed/aligned/000366_20260226_031100/mask_80c.png,138598,0.422967529296875
000367_20260226_031101,exported,20260226_031101.tiff,2026-02-26 03:11:01,653.5666666666667,00:10:53.567,19607,raw/thermal/20260226_031101.tiff,processed/aligned/000367_20260226_031101/thermal.tiff,processed/aligned/000367_20260226_031101/thermal.png,processed/aligned/000367_20260226_031101/video.png,processed/aligned/000367_20260226_031101/overlay.png,0.15622446779161692,0.3205352783203125,0.000103759765625,secondary,720.0,00:12:00,720.5666666666667,00:12:00.567,20260226_031208.tiff,processed/aligned/000367_20260226_031101/mask_80c.png,134897,0.4116729736328125
000368_20260226_031102,exported,20260226_031102.tiff,2026-02-26 03:11:02,654.5666666666667,00:10:54.567,19637,raw/thermal/20260226_031102.tiff,processed/aligned/000368_20260226_031102/thermal.tiff,processed/aligned/000368_20260226_031102/thermal.png,processed/aligned/000368_20260226_031102/video.png,processed/aligned/000368_20260226_031102/overlay.png,0.13364669680595398,0.3262237548828125,0.0,secondary,720.0,00:12:00,720.5666666666667,00:12:00.567,20260226_031208.tiff,processed/aligned/000368_20260226_031102/mask_80c.png,98187,0.2996429443359375
000369_20260226_031103,exported,20260226_031103.tiff,2026-02-26 03:11:03,655.5666666666667,00:10:55.567,19667,raw/thermal/20260226_031103.tiff,processed/aligned/000369_20260226_031103/thermal.tiff,processed/aligned/000369_20260226_031103/thermal.png,processed/aligned/000369_20260226_031103/video.png,processed/aligned/000369_20260226_031103/overlay.png,0.1281086951494217,0.270367431640625,0.0,secondary,720.0,00:12:00,720.5666666666667,00:12:00.567,20260226_031208.tiff,processed/aligned/000369_20260226_031103/mask_80c.png,108390,0.330780029296875
000370_20260226_031104,exported,20260226_031104.tiff,2026-02-26 03:11:04,656.5666666666667,00:10:56.567,19697,raw/thermal/20260226_031104.tiff,processed/aligned/000370_20260226_031104/thermal.tiff,processed/aligned/000370_20260226_031104/thermal.png,processed/aligned/000370_20260226_031104/video.png,processed/aligned/000370_20260226_031104/overlay.png,0.1427419362589717,0.341748046875,0.019232177734375,secondary,720.0,00:12:00,720.5666666666667,00:12:00.567,20260226_031208.tiff,processed/aligned/000370_20260226_031104/mask_80c.png,147463,0.4500213623046875
000371_20260226_031105,exported,20260226_031105.tiff,2026-02-26 03:11:05,657.5666666666667,00:10:57.567,19727,raw/thermal/20260226_031105.tiff,processed/aligned/000371_20260226_031105/thermal.tiff,processed/aligned/000371_20260226_031105/thermal.png,processed/aligned/000371_20260226_031105/video.png,processed/aligned/000371_20260226_031105/overlay.png,0.17489074543118477,0.278411865234375,0.0315460205078125,secondary,720.0,00:12:00,720.5666666666667,00:12:00.567,20260226_031208.tiff,processed/aligned/000371_20260226_031105/mask_80c.png,146482,0.447027587890625
000372_20260226_031106,exported,20260226_031106.tiff,2026-02-26 03:11:06,658.5666666666667,00:10:58.567,19757,raw/thermal/20260226_031106.tiff,processed/aligned/000372_20260226_031106/thermal.tiff,processed/aligned/000372_20260226_031106/thermal.png,processed/aligned/000372_20260226_031106/video.png,processed/aligned/000372_20260226_031106/overlay.png,0.2088937759399414,0.2092529296875,0.0478759765625,secondary,720.0,00:12:00,720.5666666666667,00:12:00.567,20260226_031208.tiff,processed/aligned/000372_20260226_031106/mask_80c.png,130078,0.396966552734375
000373_20260226_031107,exported,20260226_031107.tiff,2026-02-26 03:11:07,659.5666666666667,00:10:59.567,19787,raw/thermal/20260226_031107.tiff,processed/aligned/000373_20260226_031107/thermal.tiff,processed/aligned/000373_20260226_031107/thermal.png,processed/aligned/000373_20260226_031107/video.png,processed/aligned/000373_20260226_031107/overlay.png,0.1834345981478691,0.2019195556640625,0.0471923828125,secondary,720.0,00:12:00,720.5666666666667,00:12:00.567,20260226_031208.tiff,processed/aligned/000373_20260226_031107/mask_80c.png,108363,0.3306976318359375
000374_20260226_031108,exported,20260226_031108.tiff,2026-02-26 03:11:08,660.5666666666667,00:11:00.567,19817,raw/thermal/20260226_031108.tiff,processed/aligned/000374_20260226_031108/thermal.tiff,processed/aligned/000374_20260226_031108/thermal.png,processed/aligned/000374_20260226_031108/video.png,processed/aligned/000374_20260226_031108/overlay.png,0.2726809233427048,0.3030426025390625,0.08370361328125,secondary,720.0,00:12:00,720.5666666666667,00:12:00.567,20260226_031208.tiff,processed/aligned/000374_20260226_031108/mask_80c.png,136151,0.4154998779296875
000375_20260226_031109,exported,20260226_031109.tiff,2026-02-26 03:11:09,661.5666666666667,00:11:01.567,19847,raw/thermal/20260226_031109.tiff,processed/aligned/000375_20260226_031109/thermal.tiff,processed/aligned/000375_20260226_031109/thermal.png,processed/aligned/000375_20260226_031109/video.png,processed/aligned/000375_20260226_031109/overlay.png,0.21822630986571312,0.16622314453125,0.077728271484375,secondary,720.0,00:12:00,720.5666666666667,00:12:00.567,20260226_031208.tiff,processed/aligned/000375_20260226_031109/mask_80c.png,91268,0.27852783203125
000376_20260226_031110,exported,20260226_031110.tiff,2026-02-26 03:11:10,662.5666666666667,00:11:02.567,19877,raw/thermal/20260226_031110.tiff,processed/aligned/000376_20260226_031110/thermal.tiff,processed/aligned/000376_20260226_031110/thermal.png,processed/aligned/000376_20260226_031110/video.png,processed/aligned/000376_20260226_031110/overlay.png,0.2597639299929142,0.30025634765625,0.0712890625,secondary,720.0,00:12:00,720.5666666666667,00:12:00.567,20260226_031208.tiff,processed/aligned/000376_20260226_031110/mask_80c.png,127721,0.3897735595703125
000377_20260226_031111,exported,20260226_031111.tiff,2026-02-26 03:11:11,663.5666666666667,00:11:03.567,19907,raw/thermal/20260226_031111.tiff,processed/aligned/000377_20260226_031111/thermal.tiff,processed/aligned/000377_20260226_031111/thermal.png,processed/aligned/000377_20260226_031111/video.png,processed/aligned/000377_20260226_031111/overlay.png,0.19073805212974548,0.198193359375,0.027880859375,secondary,720.0,00:12:00,720.5666666666667,00:12:00.567,20260226_031208.tiff,processed/aligned/000377_20260226_031111/mask_80c.png,61909,0.1889312744140625
000378_20260226_031112,exported,20260226_031112.tiff,2026-02-26 03:11:12,664.5666666666667,00:11:04.567,19937,raw/thermal/20260226_031112.tiff,processed/aligned/000378_20260226_031112/thermal.tiff,processed/aligned/000378_20260226_031112/thermal.png,processed/aligned/000378_20260226_031112/video.png,processed/aligned/000378_20260226_031112/overlay.png,0.22073547169566154,0.2490966796875,0.055841064453125,secondary,720.0,00:12:00,720.5666666666667,00:12:00.567,20260226_031208.tiff,processed/aligned/000378_20260226_031112/mask_80c.png,144364,0.44056396484375
000379_20260226_031113,exported,20260226_031113.tiff,2026-02-26 03:11:13,665.5666666666667,00:11:05.567,19967,raw/thermal/20260226_031113.tiff,processed/aligned/000379_20260226_031113/thermal.tiff,processed/aligned/000379_20260226_031113/thermal.png,processed/aligned/000379_20260226_031113/video.png,processed/aligned/000379_20260226_031113/overlay.png,0.15705308318138123,0.2422943115234375,0.0229248046875,secondary,720.0,00:12:00,720.5666666666667,00:12:00.567,20260226_031208.tiff,processed/aligned/000379_20260226_031113/mask_80c.png,110961,0.3386260986328125
000380_20260226_031114,exported,20260226_031114.tiff,2026-02-26 03:11:14,666.5666666666667,00:11:06.567,19997,raw/thermal/20260226_031114.tiff,processed/aligned/000380_20260226_031114/thermal.tiff,processed/aligned/000380_20260226_031114/thermal.png,processed/aligned/000380_20260226_031114/video.png,processed/aligned/000380_20260226_031114/overlay.png,0.16576003283262253,0.2962554931640625,0.0204833984375,secondary,720.0,00:12:00,720.5666666666667,00:12:00.567,20260226_031208.tiff,processed/aligned/000380_20260226_031114/mask_80c.png,89065,0.2718048095703125
000381_20260226_031115,exported,20260226_031115.tiff,2026-02-26 03:11:15,667.5666666666667,00:11:07.567,20027,raw/thermal/20260226_031115.tiff,processed/aligned/000381_20260226_031115/thermal.tiff,processed/aligned/000381_20260226_031115/thermal.png,processed/aligned/000381_20260226_031115/video.png,processed/aligned/000381_20260226_031115/overlay.png,0.17099778167903423,0.3070892333984375,0.0275299072265625,secondary,720.0,00:12:00,720.5666666666667,00:12:00.567,20260226_031208.tiff,processed/aligned/000381_20260226_031115/mask_80c.png,137977,0.4210723876953125
000382_20260226_031116,exported,20260226_031116.tiff,2026-02-26 03:11:16,668.5666666666667,00:11:08.567,20057,raw/thermal/20260226_031116.tiff,processed/aligned/000382_20260226_031116/thermal.tiff,processed/aligned/000382_20260226_031116/thermal.png,processed/aligned/000382_20260226_031116/video.png,processed/aligned/000382_20260226_031116/overlay.png,0.20462234690785408,0.3094970703125,0.0261962890625,secondary,720.0,00:12:00,720.5666666666667,00:12:00.567,20260226_031208.tiff,processed/aligned/000382_20260226_031116/mask_80c.png,103657,0.3163360595703125
000383_20260226_031117,exported,20260226_031117.tiff,2026-02-26 03:11:17,669.5666666666667,00:11:09.567,20087,raw/thermal/20260226_031117.tiff,processed/aligned/000383_20260226_031117/thermal.tiff,processed/aligned/000383_20260226_031117/thermal.png,processed/aligned/000383_20260226_031117/video.png,processed/aligned/000383_20260226_031117/overlay.png,0.22878726571798325,0.2771575927734375,0.05587158203125,secondary,720.0,00:12:00,720.5666666666667,00:12:00.567,20260226_031208.tiff,processed/aligned/000383_20260226_031117/mask_80c.png,132294,0.403729248046875
000384_20260226_031118,exported,20260226_031118.tiff,2026-02-26 03:11:18,670.5666666666667,00:11:10.567,20117,raw/thermal/20260226_031118.tiff,processed/aligned/000384_20260226_031118/thermal.tiff,processed/aligned/000384_20260226_031118/thermal.png,processed/aligned/000384_20260226_031118/video.png,processed/aligned/000384_20260226_031118/overlay.png,0.24947817251086235,0.2336700439453125,0.0708526611328125,secondary,720.0,00:12:00,720.5666666666667,00:12:00.567,20260226_031208.tiff,processed/aligned/000384_20260226_031118/mask_80c.png,113795,0.3472747802734375
000385_20260226_031119,exported,20260226_031119.tiff,2026-02-26 03:11:19,671.5666666666667,00:11:11.567,20147,raw/thermal/20260226_031119.tiff,processed/aligned/000385_20260226_031119/thermal.tiff,processed/aligned/000385_20260226_031119/thermal.png,processed/aligned/000385_20260226_031119/video.png,processed/aligned/000385_20260226_031119/overlay.png,0.2241240330040455,0.285418701171875,0.069036865234375,secondary,720.0,00:12:00,720.5666666666667,00:12:00.567,20260226_031208.tiff,processed/aligned/000385_20260226_031119/mask_80c.png,26898,0.082086181640625
000386_20260226_031120,exported,20260226_031120.tiff,2026-02-26 03:11:20,672.5666666666667,00:11:12.567,20177,raw/thermal/20260226_031120.tiff,processed/aligned/000386_20260226_031120/thermal.tiff,processed/aligned/000386_20260226_031120/thermal.png,processed/aligned/000386_20260226_031120/video.png,processed/aligned/000386_20260226_031120/overlay.png,0.20984242670238018,0.146136474609375,0.0403106689453125,secondary,720.0,00:12:00,720.5666666666667,00:12:00.567,20260226_031208.tiff,processed/aligned/000386_20260226_031120/mask_80c.png,4145,0.0126495361328125
000387_20260226_031121,exported,20260226_031121.tiff,2026-02-26 03:11:21,673.5666666666667,00:11:13.567,20207,raw/thermal/20260226_031121.tiff,processed/aligned/000387_20260226_031121/thermal.tiff,processed/aligned/000387_20260226_031121/thermal.png,processed/aligned/000387_20260226_031121/video.png,processed/aligned/000387_20260226_031121/overlay.png,0.28030839934945107,0.3391265869140625,0.10693359375,secondary,720.0,00:12:00,720.5666666666667,00:12:00.567,20260226_031208.tiff,processed/aligned/000387_20260226_031121/mask_80c.png,66843,0.2039886474609375
000388_20260226_031122,exported,20260226_031122.tiff,2026-02-26 03:11:22,674.5666666666667,00:11:14.567,20237,raw/thermal/20260226_031122.tiff,processed/aligned/000388_20260226_031122/thermal.tiff,processed/aligned/000388_20260226_031122/thermal.png,processed/aligned/000388_20260226_031122/video.png,processed/aligned/000388_20260226_031122/overlay.png,0.286704134196043,0.1544830322265625,0.1059814453125,secondary,720.0,00:12:00,720.5666666666667,00:12:00.567,20260226_031208.tiff,processed/aligned/000388_20260226_031122/mask_80c.png,6628,0.02022705078125
000389_20260226_031123,exported,20260226_031123.tiff,2026-02-26 03:11:23,675.5666666666667,00:11:15.567,20267,raw/thermal/20260226_031123.tiff,processed/aligned/000389_20260226_031123/thermal.tiff,processed/aligned/000389_20260226_031123/thermal.png,processed/aligned/000389_20260226_031123/video.png,processed/aligned/000389_20260226_031123/overlay.png,0.23711121454834938,0.207830810546875,0.093780517578125,secondary,720.0,00:12:00,720.5666666666667,00:12:00.567,20260226_031208.tiff,processed/aligned/000389_20260226_031123/mask_80c.png,5506,0.016802978515625
000390_20260226_031124,exported,20260226_031124.tiff,2026-02-26 03:11:24,676.5666666666667,00:11:16.567,20297,raw/thermal/20260226_031124.tiff,processed/aligned/000390_20260226_031124/thermal.tiff,processed/aligned/000390_20260226_031124/thermal.png,processed/aligned/000390_20260226_031124/video.png,processed/aligned/000390_20260226_031124/overlay.png,0.26211870089173317,0.2247100830078125,0.0981781005859375,secondary,720.0,00:12:00,720.5666666666667,00:12:00.567,20260226_031208.tiff,processed/aligned/000390_20260226_031124/mask_80c.png,5850,0.017852783203125
000391_20260226_031125,exported,20260226_031125.tiff,2026-02-26 03:11:25,677.5666666666667,00:11:17.567,20327,raw/thermal/20260226_031125.tiff,processed/aligned/000391_20260226_031125/thermal.tiff,processed/aligned/000391_20260226_031125/thermal.png,processed/aligned/000391_20260226_031125/video.png,processed/aligned/000391_20260226_031125/overlay.png,0.2994689680635929,0.249151611328125,0.1163818359375,secondary,720.0,00:12:00,720.5666666666667,00:12:00.567,20260226_031208.tiff,processed/aligned/000391_20260226_031125/mask_80c.png,7074,0.021588134765625
000392_20260226_031126,exported,20260226_031126.tiff,2026-02-26 03:11:26,678.5666666666667,00:11:18.567,20357,raw/thermal/20260226_031126.tiff,processed/aligned/000392_20260226_031126/thermal.tiff,processed/aligned/000392_20260226_031126/thermal.png,processed/aligned/000392_20260226_031126/video.png,processed/aligned/000392_20260226_031126/overlay.png,0.3046087399125099,0.252471923828125,0.1099822998046875,secondary,720.0,00:12:00,720.5666666666667,00:12:00.567,20260226_031208.tiff,processed/aligned/000392_20260226_031126/mask_80c.png,7420,0.02264404296875
000393_20260226_031127,exported,20260226_031127.tiff,2026-02-26 03:11:27,679.5666666666667,00:11:19.567,20387,raw/thermal/20260226_031127.tiff,processed/aligned/000393_20260226_031127/thermal.tiff,processed/aligned/000393_20260226_031127/thermal.png,processed/aligned/000393_20260226_031127/video.png,processed/aligned/000393_20260226_031127/overlay.png,0.27399472147226334,0.20032958984375,0.0742401123046875,secondary,720.0,00:12:00,720.5666666666667,00:12:00.567,20260226_031208.tiff,processed/aligned/000393_20260226_031127/mask_80c.png,6849,0.0209014892578125
000394_20260226_031128,exported,20260226_031128.tiff,2026-02-26 03:11:28,680.5666666666667,00:11:20.567,20417,raw/thermal/20260226_031128.tiff,processed/aligned/000394_20260226_031128/thermal.tiff,processed/aligned/000394_20260226_031128/thermal.png,processed/aligned/000394_20260226_031128/video.png,processed/aligned/000394_20260226_031128/overlay.png,0.24864468351006508,0.2235809326171875,0.055926513671875,secondary,720.0,00:12:00,720.5666666666667,00:12:00.567,20260226_031208.tiff,processed/aligned/000394_20260226_031128/mask_80c.png,7467,0.0227874755859375
000395_20260226_031129,exported,20260226_031129.tiff,2026-02-26 03:11:29,681.5666666666667,00:11:21.567,20447,raw/thermal/20260226_031129.tiff,processed/aligned/000395_20260226_031129/thermal.tiff,processed/aligned/000395_20260226_031129/thermal.png,processed/aligned/000395_20260226_031129/video.png,processed/aligned/000395_20260226_031129/overlay.png,0.2442184016108513,0.245172119140625,0.047052001953125,secondary,720.0,00:12:00,720.5666666666667,00:12:00.567,20260226_031208.tiff,processed/aligned/000395_20260226_031129/mask_80c.png,7806,0.023822021484375
000396_20260226_031130,exported,20260226_031130.tiff,2026-02-26 03:11:30,682.5666666666667,00:11:22.567,20477,raw/thermal/20260226_031130.tiff,processed/aligned/000396_20260226_031130/thermal.tiff,processed/aligned/000396_20260226_031130/thermal.png,processed/aligned/000396_20260226_031130/video.png,processed/aligned/000396_20260226_031130/overlay.png,0.19185486808419228,0.183740234375,0.0226348876953125,secondary,720.0,00:12:00,720.5666666666667,00:12:00.567,20260226_031208.tiff,processed/aligned/000396_20260226_031130/mask_80c.png,5202,0.015875244140625
000397_20260226_031131,exported,20260226_031131.tiff,2026-02-26 03:11:31,683.5666666666667,00:11:23.567,20507,raw/thermal/20260226_031131.tiff,processed/aligned/000397_20260226_031131/thermal.tiff,processed/aligned/000397_20260226_031131/thermal.png,processed/aligned/000397_20260226_031131/video.png,processed/aligned/000397_20260226_031131/overlay.png,0.17354963719844818,0.207501220703125,0.0089385986328125,secondary,720.0,00:12:00,720.5666666666667,00:12:00.567,20260226_031208.tiff,processed/aligned/000397_20260226_031131/mask_80c.png,3748,0.01143798828125
000398_20260226_031132,exported,20260226_031132.tiff,2026-02-26 03:11:32,684.5666666666667,00:11:24.567,20537,raw/thermal/20260226_031132.tiff,processed/aligned/000398_20260226_031132/thermal.tiff,processed/aligned/000398_20260226_031132/thermal.png,processed/aligned/000398_20260226_031132/video.png,processed/aligned/000398_20260226_031132/overlay.png,0.14835197431966662,0.1737213134765625,0.0064483642578125,secondary,720.0,00:12:00,720.5666666666667,00:12:00.567,20260226_031208.tiff,processed/aligned/000398_20260226_031132/mask_80c.png,4179,0.0127532958984375
000399_20260226_031133,exported,20260226_031133.tiff,2026-02-26 03:11:33,685.5666666666667,00:11:25.567,20567,raw/thermal/20260226_031133.tiff,processed/aligned/000399_20260226_031133/thermal.tiff,processed/aligned/000399_20260226_031133/thermal.png,processed/aligned/000399_20260226_031133/video.png,processed/aligned/000399_20260226_031133/overlay.png,0.14246381260454655,0.250469970703125,0.005181884765625,secondary,720.0,00:12:00,720.5666666666667,00:12:00.567,20260226_031208.tiff,processed/aligned/000399_20260226_031133/mask_80c.png,7175,0.0218963623046875
000400_20260226_031134,exported,20260226_031134.tiff,2026-02-26 03:11:34,686.5666666666667,00:11:26.567,20597,raw/thermal/20260226_031134.tiff,processed/aligned/000400_20260226_031134/thermal.tiff,processed/aligned/000400_20260226_031134/thermal.png,processed/aligned/000400_20260226_031134/video.png,processed/aligned/000400_20260226_031134/overlay.png,0.16960848961025476,0.2125640869140625,0.0118194580078125,secondary,720.0,00:12:00,720.5666666666667,00:12:00.567,20260226_031208.tiff,processed/aligned/000400_20260226_031134/mask_80c.png,3377,0.0103057861328125
000401_20260226_031135,exported,20260226_031135.tiff,2026-02-26 03:11:35,687.5666666666667,00:11:27.567,20627,raw/thermal/20260226_031135.tiff,processed/aligned/000401_20260226_031135/thermal.tiff,processed/aligned/000401_20260226_031135/thermal.png,processed/aligned/000401_20260226_031135/video.png,processed/aligned/000401_20260226_031135/overlay.png,0.17403150908648968,0.1953521728515625,0.0201690673828125,secondary,720.0,00:12:00,720.5666666666667,00:12:00.567,20260226_031208.tiff,processed/aligned/000401_20260226_031135/mask_80c.png,5999,0.0183074951171875
000402_20260226_031136,exported,20260226_031136.tiff,2026-02-26 03:11:36,688.5666666666667,00:11:28.567,20657,raw/thermal/20260226_031136.tiff,processed/aligned/000402_20260226_031136/thermal.tiff,processed/aligned/000402_20260226_031136/thermal.png,processed/aligned/000402_20260226_031136/video.png,processed/aligned/000402_20260226_031136/overlay.png,0.16924207471311092,0.1710235595703125,0.0288299560546875,secondary,720.0,00:12:00,720.5666666666667,00:12:00.567,20260226_031208.tiff,processed/aligned/000402_20260226_031136/mask_80c.png,6353,0.0193878173828125
000403_20260226_031137,exported,20260226_031137.tiff,2026-02-26 03:11:37,689.5666666666667,00:11:29.567,20687,raw/thermal/20260226_031137.tiff,processed/aligned/000403_20260226_031137/thermal.tiff,processed/aligned/000403_20260226_031137/thermal.png,processed/aligned/000403_20260226_031137/video.png,processed/aligned/000403_20260226_031137/overlay.png,0.17662553023546934,0.21278076171875,0.0226165771484375,secondary,720.0,00:12:00,720.5666666666667,00:12:00.567,20260226_031208.tiff,processed/aligned/000403_20260226_031137/mask_80c.png,3461,0.0105621337890625
000404_20260226_031138,exported,20260226_031138.tiff,2026-02-26 03:11:38,690.5666666666667,00:11:30.567,20717,raw/thermal/20260226_031138.tiff,processed/aligned/000404_20260226_031138/thermal.tiff,processed/aligned/000404_20260226_031138/thermal.png,processed/aligned/000404_20260226_031138/video.png,processed/aligned/000404_20260226_031138/overlay.png,0.17386675346642733,0.2076751708984375,0.01707763671875,secondary,720.0,00:12:00,720.5666666666667,00:12:00.567,20260226_031208.tiff,processed/aligned/000404_20260226_031138/mask_80c.png,2342,0.007147216796875
000405_20260226_031139,exported,20260226_031139.tiff,2026-02-26 03:11:39,691.5666666666667,00:11:31.567,20747,raw/thermal/20260226_031139.tiff,processed/aligned/000405_20260226_031139/thermal.tiff,processed/aligned/000405_20260226_031139/thermal.png,processed/aligned/000405_20260226_031139/video.png,processed/aligned/000405_20260226_031139/overlay.png,0.19315454177558422,0.227288818359375,0.02637939453125,secondary,720.0,00:12:00,720.5666666666667,00:12:00.567,20260226_031208.tiff,processed/aligned/000405_20260226_031139/mask_80c.png,1705,0.0052032470703125
000406_20260226_031140,exported,20260226_031140.tiff,2026-02-26 03:11:40,692.5666666666667,00:11:32.567,20777,raw/thermal/20260226_031140.tiff,processed/aligned/000406_20260226_031140/thermal.tiff,processed/aligned/000406_20260226_031140/thermal.png,processed/aligned/000406_20260226_031140/video.png,processed/aligned/000406_20260226_031140/overlay.png,0.2387595996260643,0.229931640625,0.059173583984375,secondary,720.0,00:12:00,720.5666666666667,00:12:00.567,20260226_031208.tiff,processed/aligned/000406_20260226_031140/mask_80c.png,1069,0.0032623291015625
000407_20260226_031141,exported,20260226_031141.tiff,2026-02-26 03:11:41,693.5666666666667,00:11:33.567,20807,raw/thermal/20260226_031141.tiff,processed/aligned/000407_20260226_031141/thermal.tiff,processed/aligned/000407_20260226_031141/thermal.png,processed/aligned/000407_20260226_031141/video.png,processed/aligned/000407_20260226_031141/overlay.png,0.23932817205786705,0.188763427734375,0.07637939453125,secondary,720.0,00:12:00,720.5666666666667,00:12:00.567,20260226_031208.tiff,processed/aligned/000407_20260226_031141/mask_80c.png,868,0.00264892578125
000408_20260226_031142,exported,20260226_031142.tiff,2026-02-26 03:11:42,694.5666666666667,00:11:34.567,20837,raw/thermal/20260226_031142.tiff,processed/aligned/000408_20260226_031142/thermal.tiff,processed/aligned/000408_20260226_031142/thermal.png,processed/aligned/000408_20260226_031142/video.png,processed/aligned/000408_20260226_031142/overlay.png,0.2595924958586693,0.2146240234375,0.0731231689453125,secondary,720.0,00:12:00,720.5666666666667,00:12:00.567,20260226_031208.tiff,processed/aligned/000408_20260226_031142/mask_80c.png,1083,0.0033050537109375
000409_20260226_031143,exported,20260226_031143.tiff,2026-02-26 03:11:43,695.5666666666667,00:11:35.567,20867,raw/thermal/20260226_031143.tiff,processed/aligned/000409_20260226_031143/thermal.tiff,processed/aligned/000409_20260226_031143/thermal.png,processed/aligned/000409_20260226_031143/video.png,processed/aligned/000409_20260226_031143/overlay.png,0.2678140588104725,0.2388427734375,0.0899139404296875,secondary,720.0,00:12:00,720.5666666666667,00:12:00.567,20260226_031208.tiff,processed/aligned/000409_20260226_031143/mask_80c.png,471,0.0014373779296875
000410_20260226_031144,exported,20260226_031144.tiff,2026-02-26 03:11:44,696.5666666666667,00:11:36.567,20897,raw/thermal/20260226_031144.tiff,processed/aligned/000410_20260226_031144/thermal.tiff,processed/aligned/000410_20260226_031144/thermal.png,processed/aligned/000410_20260226_031144/video.png,processed/aligned/000410_20260226_031144/overlay.png,0.28028928861021996,0.1941253662109375,0.11181640625,secondary,720.0,00:12:00,720.5666666666667,00:12:00.567,20260226_031208.tiff,processed/aligned/000410_20260226_031144/mask_80c.png,113,0.0003448486328125
000411_20260226_031145,exported,20260226_031145.tiff,2026-02-26 03:11:45,697.5666666666667,00:11:37.567,20927,raw/thermal/20260226_031145.tiff,processed/aligned/000411_20260226_031145/thermal.tiff,processed/aligned/000411_20260226_031145/thermal.png,processed/aligned/000411_20260226_031145/video.png,processed/aligned/000411_20260226_031145/overlay.png,0.28755349293351173,0.1896697998046875,0.1075775146484375,secondary,720.0,00:12:00,720.5666666666667,00:12:00.567,20260226_031208.tiff,processed/aligned/000411_20260226_031145/mask_80c.png,455,0.0013885498046875
000412_20260226_031146,exported,20260226_031146.tiff,2026-02-26 03:11:46,698.5666666666667,00:11:38.567,20957,raw/thermal/20260226_031146.tiff,processed/aligned/000412_20260226_031146/thermal.tiff,processed/aligned/000412_20260226_031146/thermal.png,processed/aligned/000412_20260226_031146/video.png,processed/aligned/000412_20260226_031146/overlay.png,0.2561533823609352,0.2257171630859375,0.076861572265625,secondary,720.0,00:12:00,720.5666666666667,00:12:00.567,20260226_031208.tiff,processed/aligned/000412_20260226_031146/mask_80c.png,530,0.001617431640625
000413_20260226_031147,exported,20260226_031147.tiff,2026-02-26 03:11:47,699.5666666666667,00:11:39.567,20987,raw/thermal/20260226_031147.tiff,processed/aligned/000413_20260226_031147/thermal.tiff,processed/aligned/000413_20260226_031147/thermal.png,processed/aligned/000413_20260226_031147/video.png,processed/aligned/000413_20260226_031147/overlay.png,0.2708097882568836,0.205877685546875,0.1158050537109375,secondary,720.0,00:12:00,720.5666666666667,00:12:00.567,20260226_031208.tiff,processed/aligned/000413_20260226_031147/mask_80c.png,184,0.0005615234375
000414_20260226_031148,exported,20260226_031148.tiff,2026-02-26 03:11:48,700.5666666666667,00:11:40.567,21017,raw/thermal/20260226_031148.tiff,processed/aligned/000414_20260226_031148/thermal.tiff,processed/aligned/000414_20260226_031148/thermal.png,processed/aligned/000414_20260226_031148/video.png,processed/aligned/000414_20260226_031148/overlay.png,0.2838314101099968,0.25291748046875,0.095355224609375,secondary,720.0,00:12:00,720.5666666666667,00:12:00.567,20260226_031208.tiff,processed/aligned/000414_20260226_031148/mask_80c.png,304,0.000927734375
000415_20260226_031149,exported,20260226_031149.tiff,2026-02-26 03:11:49,701.5666666666667,00:11:41.567,21047,raw/thermal/20260226_031149.tiff,processed/aligned/000415_20260226_031149/thermal.tiff,processed/aligned/000415_20260226_031149/thermal.png,processed/aligned/000415_20260226_031149/video.png,processed/aligned/000415_20260226_031149/overlay.png,0.24842813983559608,0.232452392578125,0.06427001953125,secondary,720.0,00:12:00,720.5666666666667,00:12:00.567,20260226_031208.tiff,processed/aligned/000415_20260226_031149/mask_80c.png,332,0.00101318359375
000416_20260226_031150,exported,20260226_031150.tiff,2026-02-26 03:11:50,702.5666666666667,00:11:42.567,21077,raw/thermal/20260226_031150.tiff,processed/aligned/000416_20260226_031150/thermal.tiff,processed/aligned/000416_20260226_031150/thermal.png,processed/aligned/000416_20260226_031150/video.png,processed/aligned/000416_20260226_031150/overlay.png,0.22022137977182865,0.2257232666015625,0.0654571533203125,secondary,720.0,00:12:00,720.5666666666667,00:12:00.567,20260226_031208.tiff,processed/aligned/000416_20260226_031150/mask_80c.png,282,0.000860595703125
000417_20260226_031151,exported,20260226_031151.tiff,2026-02-26 03:11:51,703.5666666666667,00:11:43.567,21107,raw/thermal/20260226_031151.tiff,processed/aligned/000417_20260226_031151/thermal.tiff,processed/aligned/000417_20260226_031151/thermal.png,processed/aligned/000417_20260226_031151/video.png,processed/aligned/000417_20260226_031151/overlay.png,0.22244418784976006,0.2300018310546875,0.0482147216796875,secondary,720.0,00:12:00,720.5666666666667,00:12:00.567,20260226_031208.tiff,processed/aligned/000417_20260226_031151/mask_80c.png,12,3.662109375e-05
000418_20260226_031152,exported,20260226_031152.tiff,2026-02-26 03:11:52,704.5666666666667,00:11:44.567,21137,raw/thermal/20260226_031152.tiff,processed/aligned/000418_20260226_031152/thermal.tiff,processed/aligned/000418_20260226_031152/thermal.png,processed/aligned/000418_20260226_031152/video.png,processed/aligned/000418_20260226_031152/overlay.png,0.21739494428038597,0.1468780517578125,0.0238739013671875,secondary,720.0,00:12:00,720.5666666666667,00:12:00.567,20260226_031208.tiff,processed/aligned/000418_20260226_031152/mask_80c.png,1,3.0517578125e-06
000419_20260226_031153,exported,20260226_031153.tiff,2026-02-26 03:11:53,705.5666666666667,00:11:45.567,21167,raw/thermal/20260226_031153.tiff,processed/aligned/000419_20260226_031153/thermal.tiff,processed/aligned/000419_20260226_031153/thermal.png,processed/aligned/000419_20260226_031153/video.png,processed/aligned/000419_20260226_031153/overlay.png,0.21261850371956825,0.220135498046875,0.0259613037109375,secondary,720.0,00:12:00,720.5666666666667,00:12:00.567,20260226_031208.tiff,processed/aligned/000419_20260226_031153/mask_80c.png,368,0.001123046875
000420_20260226_031154,exported,20260226_031154.tiff,2026-02-26 03:11:54,706.5666666666667,00:11:46.567,21197,raw/thermal/20260226_031154.tiff,processed/aligned/000420_20260226_031154/thermal.tiff,processed/aligned/000420_20260226_031154/thermal.png,processed/aligned/000420_20260226_031154/video.png,processed/aligned/000420_20260226_031154/overlay.png,0.19628801196813583,0.1463714599609375,0.0148284912109375,secondary,720.0,00:12:00,720.5666666666667,00:12:00.567,20260226_031208.tiff,processed/aligned/000420_20260226_031154/mask_80c.png,438,0.001336669921875
000421_20260226_031155,exported,20260226_031155.tiff,2026-02-26 03:11:55,707.5666666666667,00:11:47.567,21227,raw/thermal/20260226_031155.tiff,processed/aligned/000421_20260226_031155/thermal.tiff,processed/aligned/000421_20260226_031155/thermal.png,processed/aligned/000421_20260226_031155/video.png,processed/aligned/000421_20260226_031155/overlay.png,0.1966163795441389,0.1770294189453125,0.0120941162109375,secondary,720.0,00:12:00,720.5666666666667,00:12:00.567,20260226_031208.tiff,processed/aligned/000421_20260226_031155/mask_80c.png,222,0.000677490234375
000422_20260226_031156,exported,20260226_031156.tiff,2026-02-26 03:11:56,708.5666666666667,00:11:48.567,21257,raw/thermal/20260226_031156.tiff,processed/aligned/000422_20260226_031156/thermal.tiff,processed/aligned/000422_20260226_031156/thermal.png,processed/aligned/000422_20260226_031156/video.png,processed/aligned/000422_20260226_031156/overlay.png,0.19273248314857483,0.22115478515625,0.0095184326171875,secondary,720.0,00:12:00,720.5666666666667,00:12:00.567,20260226_031208.tiff,processed/aligned/000422_20260226_031156/mask_80c.png,266,0.000811767578125
000423_20260226_031157,exported,20260226_031157.tiff,2026-02-26 03:11:57,709.5666666666667,00:11:49.567,21287,raw/thermal/20260226_031157.tiff,processed/aligned/000423_20260226_031157/thermal.tiff,processed/aligned/000423_20260226_031157/thermal.png,processed/aligned/000423_20260226_031157/video.png,processed/aligned/000423_20260226_031157/overlay.png,0.19516247604042292,0.16849365234375,0.012408447265625,secondary,720.0,00:12:00,720.5666666666667,00:12:00.567,20260226_031208.tiff,processed/aligned/000423_20260226_031157/mask_80c.png,5,1.52587890625e-05
000424_20260226_031158,exported,20260226_031158.tiff,2026-02-26 03:11:58,710.5666666666667,00:11:50.567,21317,raw/thermal/20260226_031158.tiff,processed/aligned/000424_20260226_031158/thermal.tiff,processed/aligned/000424_20260226_031158/thermal.png,processed/aligned/000424_20260226_031158/video.png,processed/aligned/000424_20260226_031158/overlay.png,0.19864188134670258,0.098541259765625,0.0100250244140625,secondary,720.0,00:12:00,720.5666666666667,00:12:00.567,20260226_031208.tiff,processed/aligned/000424_20260226_031158/mask_80c.png,9,2.74658203125e-05
000425_20260226_031159,exported,20260226_031159.tiff,2026-02-26 03:11:59,711.5666666666667,00:11:51.567,21347,raw/thermal/20260226_031159.tiff,processed/aligned/000425_20260226_031159/thermal.tiff,processed/aligned/000425_20260226_031159/thermal.png,processed/aligned/000425_20260226_031159/video.png,processed/aligned/000425_20260226_031159/overlay.png,0.20223331451416016,0.1887908935546875,0.01065673828125,secondary,720.0,00:12:00,720.5666666666667,00:12:00.567,20260226_031208.tiff,processed/aligned/000425_20260226_031159/mask_80c.png,3,9.1552734375e-06
000426_20260226_031200,exported,20260226_031200.tiff,2026-02-26 03:12:00,712.5666666666667,00:11:52.567,21377,raw/thermal/20260226_031200.tiff,processed/aligned/000426_20260226_031200/thermal.tiff,processed/aligned/000426_20260226_031200/thermal.png,processed/aligned/000426_20260226_031200/video.png,processed/aligned/000426_20260226_031200/overlay.png,0.20124848559498787,0.204620361328125,0.0068634033203125,secondary,720.0,00:12:00,720.5666666666667,00:12:00.567,20260226_031208.tiff,processed/aligned/000426_20260226_031200/mask_80c.png,15,4.57763671875e-05
000427_20260226_031201,exported,20260226_031201.tiff,2026-02-26 03:12:01,713.5666666666667,00:11:53.567,21407,raw/thermal/20260226_031201.tiff,processed/aligned/000427_20260226_031201/thermal.tiff,processed/aligned/000427_20260226_031201/thermal.png,processed/aligned/000427_20260226_031201/video.png,processed/aligned/000427_20260226_031201/overlay.png,0.1922691510990262,0.1165771484375,0.0084442138671875,secondary,720.0,00:12:00,720.5666666666667,00:12:00.567,20260226_031208.tiff,processed/aligned/000427_20260226_031201/mask_80c.png,16,4.8828125e-05
000428_20260226_031202,exported,20260226_031202.tiff,2026-02-26 03:12:02,714.5666666666667,00:11:54.567,21437,raw/thermal/20260226_031202.tiff,processed/aligned/000428_20260226_031202/thermal.tiff,processed/aligned/000428_20260226_031202/thermal.png,processed/aligned/000428_20260226_031202/video.png,processed/aligned/000428_20260226_031202/overlay.png,0.2042926400899887,0.0757965087890625,0.0142974853515625,secondary,720.0,00:12:00,720.5666666666667,00:12:00.567,20260226_031208.tiff,processed/aligned/000428_20260226_031202/mask_80c.png,1,3.0517578125e-06
000429_20260226_031203,exported,20260226_031203.tiff,2026-02-26 03:12:03,715.5666666666667,00:11:55.567,21467,raw/thermal/20260226_031203.tiff,processed/aligned/000429_20260226_031203/thermal.tiff,processed/aligned/000429_20260226_031203/thermal.png,processed/aligned/000429_20260226_031203/video.png,processed/aligned/000429_20260226_031203/overlay.png,0.2039798554033041,0.1232208251953125,0.028045654296875,secondary,720.0,00:12:00,720.5666666666667,00:12:00.567,20260226_031208.tiff,processed/aligned/000429_20260226_031203/mask_80c.png,11,3.35693359375e-05
000430_20260226_031204,exported,20260226_031204.tiff,2026-02-26 03:12:04,716.5666666666667,00:11:56.567,21497,raw/thermal/20260226_031204.tiff,processed/aligned/000430_20260226_031204/thermal.tiff,processed/aligned/000430_20260226_031204/thermal.png,processed/aligned/000430_20260226_031204/video.png,processed/aligned/000430_20260226_031204/overlay.png,0.2185928300023079,0.110491943359375,0.03623046875,secondary,720.0,00:12:00,720.5666666666667,00:12:00.567,20260226_031208.tiff,processed/aligned/000430_20260226_031204/mask_80c.png,0,0.0
000431_20260226_031205,exported,20260226_031205.tiff,2026-02-26 03:12:05,717.5666666666667,00:11:57.567,21527,raw/thermal/20260226_031205.tiff,processed/aligned/000431_20260226_031205/thermal.tiff,processed/aligned/000431_20260226_031205/thermal.png,processed/aligned/000431_20260226_031205/video.png,processed/aligned/000431_20260226_031205/overlay.png,0.23710951395332813,0.11361083984375,0.071044921875,secondary,720.0,00:12:00,720.5666666666667,00:12:00.567,20260226_031208.tiff,processed/aligned/000431_20260226_031205/mask_80c.png,0,0.0
000432_20260226_031206,exported,20260226_031206.tiff,2026-02-26 03:12:06,718.5666666666667,00:11:58.567,21557,raw/thermal/20260226_031206.tiff,processed/aligned/000432_20260226_031206/thermal.tiff,processed/aligned/000432_20260226_031206/thermal.png,processed/aligned/000432_20260226_031206/video.png,processed/aligned/000432_20260226_031206/overlay.png,0.26979027315974236,0.150048828125,0.11649169921875,secondary,720.0,00:12:00,720.5666666666667,00:12:00.567,20260226_031208.tiff,processed/aligned/000432_20260226_031206/mask_80c.png,0,0.0
000433_20260226_031207,exported,20260226_031207.tiff,2026-02-26 03:12:07,719.5666666666667,00:11:59.567,21587,raw/thermal/20260226_031207.tiff,processed/aligned/000433_20260226_031207/thermal.tiff,processed/aligned/000433_20260226_031207/thermal.png,processed/aligned/000433_20260226_031207/video.png,processed/aligned/000433_20260226_031207/overlay.png,0.23582622036337852,0.0315521240234375,0.1867950439453125,secondary,720.0,00:12:00,720.5666666666667,00:12:00.567,20260226_031208.tiff,processed/aligned/000433_20260226_031207/mask_80c.png,0,0.0
000434_20260226_031208,exported,20260226_031208.tiff,2026-02-26 03:12:08,720.5666666666667,00:12:00.567,21617,raw/thermal/20260226_031208.tiff,processed/aligned/000434_20260226_031208/thermal.tiff,processed/aligned/000434_20260226_031208/thermal.png,processed/aligned/000434_20260226_031208/video.png,processed/aligned/000434_20260226_031208/overlay.png,0.32355810329318047,0.09295654296875,0.2575286865234375,secondary,720.0,00:12:00,720.5666666666667,00:12:00.567,20260226_031208.tiff,processed/aligned/000434_20260226_031208/mask_80c.png,0,0.0
000435_20260226_031209,exported,20260226_031209.tiff,2026-02-26 03:12:09,721.5666666666667,00:12:01.567,21647,raw/thermal/20260226_031209.tiff,processed/aligned/000435_20260226_031209/thermal.tiff,processed/aligned/000435_20260226_031209/thermal.png,processed/aligned/000435_20260226_031209/video.png,processed/aligned/000435_20260226_031209/overlay.png,0.35978586971759796,0.1604766845703125,0.341607666015625,secondary,720.0,00:12:00,720.5666666666667,00:12:00.567,20260226_031208.tiff,processed/aligned/000435_20260226_031209/mask_80c.png,0,0.0
000436_20260226_031210,exported,20260226_031210.tiff,2026-02-26 03:12:10,722.5666666666667,00:12:02.567,21677,raw/thermal/20260226_031210.tiff,processed/aligned/000436_20260226_031210/thermal.tiff,processed/aligned/000436_20260226_031210/thermal.png,processed/aligned/000436_20260226_031210/video.png,processed/aligned/000436_20260226_031210/overlay.png,0.3877019137144089,0.1505523681640625,0.443121337890625,secondary,720.0,00:12:00,720.5666666666667,00:12:00.567,20260226_031208.tiff,processed/aligned/000436_20260226_031210/mask_80c.png,0,0.0
000437_20260226_031211,exported,20260226_031211.tiff,2026-02-26 03:12:11,723.5666666666667,00:12:03.567,21707,raw/thermal/20260226_031211.tiff,processed/aligned/000437_20260226_031211/thermal.tiff,processed/aligned/000437_20260226_031211/thermal.png,processed/aligned/000437_20260226_031211/video.png,processed/aligned/000437_20260226_031211/overlay.png,0.4522218853235245,0.227069091796875,0.478216552734375,secondary,720.0,00:12:00,720.5666666666667,00:12:00.567,20260226_031208.tiff,processed/aligned/000437_20260226_031211/mask_80c.png,0,0.0
000438_20260226_031212,exported,20260226_031212.tiff,2026-02-26 03:12:12,724.5666666666667,00:12:04.567,21737,raw/thermal/20260226_031212.tiff,processed/aligned/000438_20260226_031212/thermal.tiff,processed/aligned/000438_20260226_031212/thermal.png,processed/aligned/000438_20260226_031212/video.png,processed/aligned/000438_20260226_031212/overlay.png,0.46751175820827484,0.2216949462890625,0.50655517578125,secondary,720.0,00:12:00,720.5666666666667,00:12:00.567,20260226_031208.tiff,processed/aligned/000438_20260226_031212/mask_80c.png,0,0.0
000439_20260226_031213,exported,20260226_031213.tiff,2026-02-26 03:12:13,725.5666666666667,00:12:05.567,21767,raw/thermal/20260226_031213.tiff,processed/aligned/000439_20260226_031213/thermal.tiff,processed/aligned/000439_20260226_031213/thermal.png,processed/aligned/000439_20260226_031213/video.png,processed/aligned/000439_20260226_031213/overlay.png,0.4137503057718277,0.1506439208984375,0.5012115478515625,secondary,720.0,00:12:00,720.5666666666667,00:12:00.567,20260226_031208.tiff,processed/aligned/000439_20260226_031213/mask_80c.png,0,0.0
000440_20260226_031214,exported,20260226_031214.tiff,2026-02-26 03:12:14,726.5666666666667,00:12:06.567,21797,raw/thermal/20260226_031214.tiff,processed/aligned/000440_20260226_031214/thermal.tiff,processed/aligned/000440_20260226_031214/thermal.png,processed/aligned/000440_20260226_031214/video.png,processed/aligned/000440_20260226_031214/overlay.png,0.45541661977767944,0.1905670166015625,0.498150634765625,secondary,720.0,00:12:00,720.5666666666667,00:12:00.567,20260226_031208.tiff,processed/aligned/000440_20260226_031214/mask_80c.png,0,0.0
000441_20260226_031215,exported,20260226_031215.tiff,2026-02-26 03:12:15,727.5666666666667,00:12:07.567,21827,raw/thermal/20260226_031215.tiff,processed/aligned/000441_20260226_031215/thermal.tiff,processed/aligned/000441_20260226_031215/thermal.png,processed/aligned/000441_20260226_031215/video.png,processed/aligned/000441_20260226_031215/overlay.png,0.4445018321275711,0.168707275390625,0.4927978515625,secondary,720.0,00:12:00,720.5666666666667,00:12:00.567,20260226_031208.tiff,processed/aligned/000441_20260226_031215/mask_80c.png,0,0.0
000442_20260226_031216,exported,20260226_031216.tiff,2026-02-26 03:12:16,728.5666666666667,00:12:08.567,21857,raw/thermal/20260226_031216.tiff,processed/aligned/000442_20260226_031216/thermal.tiff,processed/aligned/000442_20260226_031216/thermal.png,processed/aligned/000442_20260226_031216/video.png,processed/aligned/000442_20260226_031216/overlay.png,0.4185793697834015,0.1281219482421875,0.474615478515625,secondary,720.0,00:12:00,720.5666666666667,00:12:00.567,20260226_031208.tiff,processed/aligned/000442_20260226_031216/mask_80c.png,0,0.0
000443_20260226_031217,exported,20260226_031217.tiff,2026-02-26 03:12:17,729.5666666666667,00:12:09.567,21887,raw/thermal/20260226_031217.tiff,processed/aligned/000443_20260226_031217/thermal.tiff,processed/aligned/000443_20260226_031217/thermal.png,processed/aligned/000443_20260226_031217/video.png,processed/aligned/000443_20260226_031217/overlay.png,0.3802463486790657,0.09005126953125,0.45853271484375,secondary,720.0,00:12:00,720.5666666666667,00:12:00.567,20260226_031208.tiff,processed/aligned/000443_20260226_031217/mask_80c.png,0,0.0
000444_20260226_031218,exported,20260226_031218.tiff,2026-02-26 03:12:18,730.5666666666667,00:12:10.567,21917,raw/thermal/20260226_031218.tiff,processed/aligned/000444_20260226_031218/thermal.tiff,processed/aligned/000444_20260226_031218/thermal.png,processed/aligned/000444_20260226_031218/video.png,processed/aligned/000444_20260226_031218/overlay.png,0.4478671923279762,0.156280517578125,0.43106689453125,secondary,720.0,00:12:00,720.5666666666667,00:12:00.567,20260226_031208.tiff,processed/aligned/000444_20260226_031218/mask_80c.png,0,0.0
000445_20260226_031219,exported,20260226_031219.tiff,2026-02-26 03:12:19,731.5666666666667,00:12:11.567,21947,raw/thermal/20260226_031219.tiff,processed/aligned/000445_20260226_031219/thermal.tiff,processed/aligned/000445_20260226_031219/thermal.png,processed/aligned/000445_20260226_031219/video.png,processed/aligned/000445_20260226_031219/overlay.png,0.4129418730735779,0.1201202392578125,0.398291015625,secondary,720.0,00:12:00,720.5666666666667,00:12:00.567,20260226_031208.tiff,processed/aligned/000445_20260226_031219/mask_80c.png,0,0.0
000446_20260226_031220,exported,20260226_031220.tiff,2026-02-26 03:12:20,732.5666666666667,00:12:12.567,21977,raw/thermal/20260226_031220.tiff,processed/aligned/000446_20260226_031220/thermal.tiff,processed/aligned/000446_20260226_031220/thermal.png,processed/aligned/000446_20260226_031220/video.png,processed/aligned/000446_20260226_031220/overlay.png,0.3313327729701996,0.0478759765625,0.343829345703125,secondary,720.0,00:12:00,720.5666666666667,00:12:00.567,20260226_031208.tiff,processed/aligned/000446_20260226_031220/mask_80c.png,0,0.0
000447_20260226_031221,exported,20260226_031221.tiff,2026-02-26 03:12:21,733.5666666666667,00:12:13.567,22007,raw/thermal/20260226_031221.tiff,processed/aligned/000447_20260226_031221/thermal.tiff,processed/aligned/000447_20260226_031221/thermal.png,processed/aligned/000447_20260226_031221/video.png,processed/aligned/000447_20260226_031221/overlay.png,0.2939734011888504,0.0338897705078125,0.275738525390625,secondary,720.0,00:12:00,720.5666666666667,00:12:00.567,20260226_031208.tiff,processed/aligned/000447_20260226_031221/mask_80c.png,0,0.0
000448_20260226_031222,exported,20260226_031222.tiff,2026-02-26 03:12:22,734.5666666666667,00:12:14.567,22037,raw/thermal/20260226_031222.tiff,processed/aligned/000448_20260226_031222/thermal.tiff,processed/aligned/000448_20260226_031222/thermal.png,processed/aligned/000448_20260226_031222/video.png,processed/aligned/000448_20260226_031222/overlay.png,0.22246555611491203,0.01143798828125,0.242425537109375,secondary,720.0,00:12:00,720.5666666666667,00:12:00.567,20260226_031208.tiff,processed/aligned/000448_20260226_031222/mask_80c.png,0,0.0
000449_20260226_031223,exported,20260226_031223.tiff,2026-02-26 03:12:23,735.5666666666667,00:12:15.567,22067,raw/thermal/20260226_031223.tiff,processed/aligned/000449_20260226_031223/thermal.tiff,processed/aligned/000449_20260226_031223/thermal.png,processed/aligned/000449_20260226_031223/video.png,processed/aligned/000449_20260226_031223/overlay.png,0.20048083551228046,0.004827880859375,0.2653289794921875,secondary,720.0,00:12:00,720.5666666666667,00:12:00.567,20260226_031208.tiff,processed/aligned/000449_20260226_031223/mask_80c.png,0,0.0
000450_20260226_031224,exported,20260226_031224.tiff,2026-02-26 03:12:24,736.5666666666667,00:12:16.567,22097,raw/thermal/20260226_031224.tiff,processed/aligned/000450_20260226_031224/thermal.tiff,processed/aligned/000450_20260226_031224/thermal.png,processed/aligned/000450_20260226_031224/video.png,processed/aligned/000450_20260226_031224/overlay.png,0.09599535167217255,0.0,0.0876190185546875,secondary,720.0,00:12:00,720.5666666666667,00:12:00.567,20260226_031208.tiff,processed/aligned/000450_20260226_031224/mask_80c.png,0,0.0
000451_20260226_031225,exported,20260226_031225.tiff,2026-02-26 03:12:25,737.5666666666667,00:12:17.567,22127,raw/thermal/20260226_031225.tiff,processed/aligned/000451_20260226_031225/thermal.tiff,processed/aligned/000451_20260226_031225/thermal.png,processed/aligned/000451_20260226_031225/video.png,processed/aligned/000451_20260226_031225/overlay.png,0.10257333517074585,0.0,0.1158599853515625,secondary,720.0,00:12:00,720.5666666666667,00:12:00.567,20260226_031208.tiff,processed/aligned/000451_20260226_031225/mask_80c.png,0,0.0
