aligned_id,status,tiff_name,tiff_time_iso,video_time_s,video_time,video_frame_index,thermal_source_path,thermal_tiff_path,thermal_png_path,video_png_path,overlay_png_path,visual_score,thermal_edge_density,video_edge_density,mask_80c_path,mask_positive_pixels,mask_positive_fraction
000001_20260226_033924,exported,20260226_033924.tiff,2026-02-26 03:39:24,24.527886710239653,00:00:24.528,736,raw/thermal/20260226_033924.tiff,processed/aligned/000001_20260226_033924/thermal.tiff,processed/aligned/000001_20260226_033924/thermal.png,processed/aligned/000001_20260226_033924/video.png,processed/aligned/000001_20260226_033924/overlay.png,0.14588701725006104,0.0,0.01671142578125,processed/aligned/000001_20260226_033924/mask_80c.png,0,0.0
000002_20260226_033925,exported,20260226_033925.tiff,2026-02-26 03:39:25,25.52897603485839,00:00:25.529,766,raw/thermal/20260226_033925.tiff,processed/aligned/000002_20260226_033925/thermal.tiff,processed/aligned/000002_20260226_033925/thermal.png,processed/aligned/000002_20260226_033925/video.png,processed/aligned/000002_20260226_033925/overlay.png,0.4314195141196251,0.1469573974609375,0.3382568359375,processed/aligned/000002_20260226_033925/mask_80c.png,0,0.0
000003_20260226_033926,exported,20260226_033926.tiff,2026-02-26 03:39:26,26.530065359477124,00:00:26.530,796,raw/thermal/20260226_033926.tiff,processed/aligned/000003_20260226_033926/thermal.tiff,processed/aligned/000003_20260226_033926/thermal.png,processed/aligned/000003_20260226_033926/video.png,processed/aligned/000003_20260226_033926/overlay.png,0.5510532706975937,0.3731048583984375,0.58336181640625,processed/aligned/000003_20260226_033926/mask_80c.png,0,0.0
000004_20260226_033927,exported,20260226_033927.tiff,2026-02-26 03:39:27,27.531154684095863,00:00:27.531,826,raw/thermal/20260226_033927.tiff,processed/aligned/000004_20260226_033927/thermal.tiff,processed/aligned/000004_20260226_033927/thermal.png,processed/aligned/000004_20260226_033927/video.png,processed/aligned/000004_20260226_033927/overlay.png,0.5467604398727417,0.455126953125,0.508453369140625,processed/aligned/000004_20260226_033927/mask_80c.png,0,0.0
000005_20260226_033928,exported,20260226_033928.tiff,2026-02-26 03:39:28,28.5322440087146,00:00:28.532,856,raw/thermal/20260226_033928.tiff,processed/aligned/000005_20260226_033928/thermal.tiff,processed/aligned/000005_20260226_033928/thermal.png,processed/aligned/000005_20260226_033928/video.png,processed/aligned/000005_20260226_033928/overlay.png,0.529334731400013,0.4931121826171875,0.4552978515625,processed/aligned/000005_20260226_033928/mask_80c.png,0,0.0
000006_20260226_033929,exported,20260226_033929.tiff,2026-02-26 03:39:29,29.533333333333335,00:00:29.533,886,raw/thermal/20260226_033929.tiff,processed/aligned/000006_20260226_033929/thermal.tiff,processed/aligned/000006_20260226_033929/thermal.png,processed/aligned/000006_20260226_033929/video.png,processed/aligned/000006_20260226_033929/overlay.png,0.5125140473246574,0.378717041015625,0.4890594482421875,processed/aligned/000006_20260226_033929/mask_80c.png,0,0.0
000007_20260226_033930,exported,20260226_033930.tiff,2026-02-26 03:39:30,30.53442265795207,00:00:30.534,916,raw/thermal/20260226_033930.tiff,processed/aligned/000007_20260226_033930/thermal.tiff,processed/aligned/000007_20260226_033930/thermal.png,processed/aligned/000007_20260226_033930/video.png,processed/aligned/000007_20260226_033930/overlay.png,0.4956709071993828,0.359088134765625,0.4773681640625,processed/aligned/000007_20260226_033930/mask_80c.png,0,0.0
000008_20260226_033931,exported,20260226_033931.tiff,2026-02-26 03:39:31,31.535511982570807,00:00:31.536,946,raw/thermal/20260226_033931.tiff,processed/aligned/000008_20260226_033931/thermal.tiff,processed/aligned/000008_20260226_033931/thermal.png,processed/aligned/000008_20260226_033931/video.png,processed/aligned/000008_20260226_033931/overlay.png,0.4467816650867462,0.265899658203125,0.4396759033203125,processed/aligned/000008_20260226_033931/mask_80c.png,0,0.0
000009_20260226_033932,exported,20260226_033932.tiff,2026-02-26 03:39:32,32.53660130718954,00:00:32.537,976,raw/thermal/20260226_033932.tiff,processed/aligned/000009_20260226_033932/thermal.tiff,processed/aligned/000009_20260226_033932/thermal.png,processed/aligned/000009_20260226_033932/video.png,processed/aligned/000009_20260226_033932/overlay.png,0.4616123139858246,0.2601715087890625,0.45760498046875,processed/aligned/000009_20260226_033932/mask_80c.png,0,0.0
000010_20260226_033933,exported,20260226_033933.tiff,2026-02-26 03:39:33,33.537690631808275,00:00:33.538,1006,raw/thermal/20260226_033933.tiff,processed/aligned/000010_20260226_033933/thermal.tiff,processed/aligned/000010_20260226_033933/thermal.png,processed/aligned/000010_20260226_033933/video.png,processed/aligned/000010_20260226_033933/overlay.png,0.44441358000040054,0.2781341552734375,0.432196044921875,processed/aligned/000010_20260226_033933/mask_80c.png,0,0.0
000011_20260226_033934,exported,20260226_033934.tiff,2026-02-26 03:39:34,34.53877995642702,00:00:34.539,1036,raw/thermal/20260226_033934.tiff,processed/aligned/000011_20260226_033934/thermal.tiff,processed/aligned/000011_20260226_033934/thermal.png,processed/aligned/000011_20260226_033934/video.png,processed/aligned/000011_20260226_033934/overlay.png,0.45746491104364395,0.37667236328125,0.397314453125,processed/aligned/000011_20260226_033934/mask_80c.png,0,0.0
000012_20260226_033935,exported,20260226_033935.tiff,2026-02-26 03:39:35,35.53986928104575,00:00:35.540,1066,raw/thermal/20260226_033935.tiff,processed/aligned/000012_20260226_033935/thermal.tiff,processed/aligned/000012_20260226_033935/thermal.png,processed/aligned/000012_20260226_033935/video.png,processed/aligned/000012_20260226_033935/overlay.png,0.40665218234062195,0.2911590576171875,0.3450286865234375,processed/aligned/000012_20260226_033935/mask_80c.png,0,0.0
000013_20260226_033936,exported,20260226_033936.tiff,2026-02-26 03:39:36,36.540958605664486,00:00:36.541,1096,raw/thermal/20260226_033936.tiff,processed/aligned/000013_20260226_033936/thermal.tiff,processed/aligned/000013_20260226_033936/thermal.png,processed/aligned/000013_20260226_033936/video.png,processed/aligned/000013_20260226_033936/overlay.png,0.4050452783703804,0.225811767578125,0.36634521484375,processed/aligned/000013_20260226_033936/mask_80c.png,0,0.0
000014_20260226_033937,exported,20260226_033937.tiff,2026-02-26 03:39:37,37.54204793028323,00:00:37.542,1126,raw/thermal/20260226_033937.tiff,processed/aligned/000014_20260226_033937/thermal.tiff,processed/aligned/000014_20260226_033937/thermal.png,processed/aligned/000014_20260226_033937/video.png,processed/aligned/000014_20260226_033937/overlay.png,0.25418298318982124,0.057763671875,0.231396484375,processed/aligned/000014_20260226_033937/mask_80c.png,0,0.0
000015_20260226_033938,exported,20260226_033938.tiff,2026-02-26 03:39:38,38.543137254901964,00:00:38.543,1156,raw/thermal/20260226_033938.tiff,processed/aligned/000015_20260226_033938/thermal.tiff,processed/aligned/000015_20260226_033938/thermal.png,processed/aligned/000015_20260226_033938/video.png,processed/aligned/000015_20260226_033938/overlay.png,0.3397171124815941,0.2316375732421875,0.2505096435546875,processed/aligned/000015_20260226_033938/mask_80c.png,0,0.0
000016_20260226_033939,exported,20260226_033939.tiff,2026-02-26 03:39:39,39.544226579520696,00:00:39.544,1186,raw/thermal/20260226_033939.tiff,processed/aligned/000016_20260226_033939/thermal.tiff,processed/aligned/000016_20260226_033939/thermal.png,processed/aligned/000016_20260226_033939/video.png,processed/aligned/000016_20260226_033939/overlay.png,0.387396939098835,0.2344970703125,0.339837646484375,processed/aligned/000016_20260226_033939/mask_80c.png,18,5.4931640625e-05
000017_20260226_033940,exported,20260226_033940.tiff,2026-02-26 03:39:40,40.54531590413944,00:00:40.545,1216,raw/thermal/20260226_033940.tiff,processed/aligned/000017_20260226_033940/thermal.tiff,processed/aligned/000017_20260226_033940/thermal.png,processed/aligned/000017_20260226_033940/video.png,processed/aligned/000017_20260226_033940/overlay.png,0.3622766062617302,0.2491607666015625,0.3070220947265625,processed/aligned/000017_20260226_033940/mask_80c.png,0,0.0
000018_20260226_033941,exported,20260226_033941.tiff,2026-02-26 03:39:41,41.546405228758175,00:00:41.546,1246,raw/thermal/20260226_033941.tiff,processed/aligned/000018_20260226_033941/thermal.tiff,processed/aligned/000018_20260226_033941/thermal.png,processed/aligned/000018_20260226_033941/video.png,processed/aligned/000018_20260226_033941/overlay.png,0.4016616865992546,0.272552490234375,0.3407257080078125,processed/aligned/000018_20260226_033941/mask_80c.png,81,0.0002471923828125
000019_20260226_033942,exported,20260226_033942.tiff,2026-02-26 03:39:42,42.54749455337691,00:00:42.547,1276,raw/thermal/20260226_033942.tiff,processed/aligned/000019_20260226_033942/thermal.tiff,processed/aligned/000019_20260226_033942/thermal.png,processed/aligned/000019_20260226_033942/video.png,processed/aligned/000019_20260226_033942/overlay.png,0.37335655838251114,0.2128204345703125,0.2957183837890625,processed/aligned/000019_20260226_033942/mask_80c.png,7,2.13623046875e-05
000020_20260226_033943,exported,20260226_033943.tiff,2026-02-26 03:39:43,43.548583877995654,00:00:43.549,1306,raw/thermal/20260226_033943.tiff,processed/aligned/000020_20260226_033943/thermal.tiff,processed/aligned/000020_20260226_033943/thermal.png,processed/aligned/000020_20260226_033943/video.png,processed/aligned/000020_20260226_033943/overlay.png,0.34867219626903534,0.2169952392578125,0.2541015625,processed/aligned/000020_20260226_033943/mask_80c.png,10,3.0517578125e-05
000021_20260226_033944,exported,20260226_033944.tiff,2026-02-26 03:39:44,44.549673202614386,00:00:44.550,1336,raw/thermal/20260226_033944.tiff,processed/aligned/000021_20260226_033944/thermal.tiff,processed/aligned/000021_20260226_033944/thermal.png,processed/aligned/000021_20260226_033944/video.png,processed/aligned/000021_20260226_033944/overlay.png,0.3199957571923733,0.169561767578125,0.22838134765625,processed/aligned/000021_20260226_033944/mask_80c.png,1358,0.004144287109375
000022_20260226_033945,exported,20260226_033945.tiff,2026-02-26 03:39:45,45.55076252723312,00:00:45.551,1367,raw/thermal/20260226_033945.tiff,processed/aligned/000022_20260226_033945/thermal.tiff,processed/aligned/000022_20260226_033945/thermal.png,processed/aligned/000022_20260226_033945/video.png,processed/aligned/000022_20260226_033945/overlay.png,0.3272189758718014,0.19644775390625,0.2545928955078125,processed/aligned/000022_20260226_033945/mask_80c.png,1396,0.00426025390625
000023_20260226_033946,exported,20260226_033946.tiff,2026-02-26 03:39:46,46.55185185185185,00:00:46.552,1397,raw/thermal/20260226_033946.tiff,processed/aligned/000023_20260226_033946/thermal.tiff,processed/aligned/000023_20260226_033946/thermal.png,processed/aligned/000023_20260226_033946/video.png,processed/aligned/000023_20260226_033946/overlay.png,0.35320501774549484,0.227587890625,0.2532470703125,processed/aligned/000023_20260226_033946/mask_80c.png,46,0.000140380859375
000024_20260226_033947,exported,20260226_033947.tiff,2026-02-26 03:39:47,47.5529411764706,00:00:47.553,1427,raw/thermal/20260226_033947.tiff,processed/aligned/000024_20260226_033947/thermal.tiff,processed/aligned/000024_20260226_033947/thermal.png,processed/aligned/000024_20260226_033947/video.png,processed/aligned/000024_20260226_033947/overlay.png,0.3329116962850094,0.167279052734375,0.2762939453125,processed/aligned/000024_20260226_033947/mask_80c.png,1268,0.00386962890625
000025_20260226_033948,exported,20260226_033948.tiff,2026-02-26 03:39:48,48.55403050108933,00:00:48.554,1457,raw/thermal/20260226_033948.tiff,processed/aligned/000025_20260226_033948/thermal.tiff,processed/aligned/000025_20260226_033948/thermal.png,processed/aligned/000025_20260226_033948/video.png,processed/aligned/000025_20260226_033948/overlay.png,0.307462852448225,0.142938232421875,0.2614349365234375,processed/aligned/000025_20260226_033948/mask_80c.png,1264,0.003857421875
000026_20260226_033949,exported,20260226_033949.tiff,2026-02-26 03:39:49,49.55511982570806,00:00:49.555,1487,raw/thermal/20260226_033949.tiff,processed/aligned/000026_20260226_033949/thermal.tiff,processed/aligned/000026_20260226_033949/thermal.png,processed/aligned/000026_20260226_033949/video.png,processed/aligned/000026_20260226_033949/overlay.png,0.3084905743598938,0.1696868896484375,0.23592529296875,processed/aligned/000026_20260226_033949/mask_80c.png,1387,0.0042327880859375
000027_20260226_033950,exported,20260226_033950.tiff,2026-02-26 03:39:50,50.55620915032681,00:00:50.556,1517,raw/thermal/20260226_033950.tiff,processed/aligned/000027_20260226_033950/thermal.tiff,processed/aligned/000027_20260226_033950/thermal.png,processed/aligned/000027_20260226_033950/video.png,processed/aligned/000027_20260226_033950/overlay.png,0.33158576861023903,0.2481719970703125,0.21800537109375,processed/aligned/000027_20260226_033950/mask_80c.png,1099,0.0033538818359375
000028_20260226_033951,exported,20260226_033951.tiff,2026-02-26 03:39:51,51.55729847494554,00:00:51.557,1547,raw/thermal/20260226_033951.tiff,processed/aligned/000028_20260226_033951/thermal.tiff,processed/aligned/000028_20260226_033951/thermal.png,processed/aligned/000028_20260226_033951/video.png,processed/aligned/000028_20260226_033951/overlay.png,0.290939386934042,0.16177978515625,0.223004150390625,processed/aligned/000028_20260226_033951/mask_80c.png,995,0.0030364990234375
000029_20260226_033952,exported,20260226_033952.tiff,2026-02-26 03:39:52,52.55838779956427,00:00:52.558,1577,raw/thermal/20260226_033952.tiff,processed/aligned/000029_20260226_033952/thermal.tiff,processed/aligned/000029_20260226_033952/thermal.png,processed/aligned/000029_20260226_033952/video.png,processed/aligned/000029_20260226_033952/overlay.png,0.2860511988401413,0.139361572265625,0.22899169921875,processed/aligned/000029_20260226_033952/mask_80c.png,885,0.0027008056640625
000030_20260226_033953,exported,20260226_033953.tiff,2026-02-26 03:39:53,53.559477124183005,00:00:53.559,1607,raw/thermal/20260226_033953.tiff,processed/aligned/000030_20260226_033953/thermal.tiff,processed/aligned/000030_20260226_033953/thermal.png,processed/aligned/000030_20260226_033953/video.png,processed/aligned/000030_20260226_033953/overlay.png,0.3001004531979561,0.1671539306640625,0.2265533447265625,processed/aligned/000030_20260226_033953/mask_80c.png,957,0.0029205322265625
000031_20260226_033954,exported,20260226_033954.tiff,2026-02-26 03:39:54,54.56056644880175,00:00:54.561,1637,raw/thermal/20260226_033954.tiff,processed/aligned/000031_20260226_033954/thermal.tiff,processed/aligned/000031_20260226_033954/thermal.png,processed/aligned/000031_20260226_033954/video.png,processed/aligned/000031_20260226_033954/overlay.png,0.28260375186800957,0.1685516357421875,0.1791778564453125,processed/aligned/000031_20260226_033954/mask_80c.png,1044,0.00318603515625
000032_20260226_033955,exported,20260226_033955.tiff,2026-02-26 03:39:55,55.56165577342048,00:00:55.562,1667,raw/thermal/20260226_033955.tiff,processed/aligned/000032_20260226_033955/thermal.tiff,processed/aligned/000032_20260226_033955/thermal.png,processed/aligned/000032_20260226_033955/video.png,processed/aligned/000032_20260226_033955/overlay.png,0.26738640666007996,0.1703125,0.1754913330078125,processed/aligned/000032_20260226_033955/mask_80c.png,802,0.002447509765625
000033_20260226_033956,exported,20260226_033956.tiff,2026-02-26 03:39:56,56.562745098039215,00:00:56.563,1697,raw/thermal/20260226_033956.tiff,processed/aligned/000033_20260226_033956/thermal.tiff,processed/aligned/000033_20260226_033956/thermal.png,processed/aligned/000033_20260226_033956/video.png,processed/aligned/000033_20260226_033956/overlay.png,0.2527627870440483,0.1560089111328125,0.1509368896484375,processed/aligned/000033_20260226_033956/mask_80c.png,794,0.002423095703125
000034_20260226_033957,exported,20260226_033957.tiff,2026-02-26 03:39:57,57.56383442265796,00:00:57.564,1727,raw/thermal/20260226_033957.tiff,processed/aligned/000034_20260226_033957/thermal.tiff,processed/aligned/000034_20260226_033957/thermal.png,processed/aligned/000034_20260226_033957/video.png,processed/aligned/000034_20260226_033957/overlay.png,0.2909942530095577,0.2430633544921875,0.151043701171875,processed/aligned/000034_20260226_033957/mask_80c.png,1261,0.0038482666015625
000035_20260226_033958,exported,20260226_033958.tiff,2026-02-26 03:39:58,58.564923747276694,00:00:58.565,1757,raw/thermal/20260226_033958.tiff,processed/aligned/000035_20260226_033958/thermal.tiff,processed/aligned/000035_20260226_033958/thermal.png,processed/aligned/000035_20260226_033958/video.png,processed/aligned/000035_20260226_033958/overlay.png,0.2704262472689152,0.2772674560546875,0.112152099609375,processed/aligned/000035_20260226_033958/mask_80c.png,1068,0.00325927734375
000036_20260226_033959,exported,20260226_033959.tiff,2026-02-26 03:39:59,59.566013071895426,00:00:59.566,1787,raw/thermal/20260226_033959.tiff,processed/aligned/000036_20260226_033959/thermal.tiff,processed/aligned/000036_20260226_033959/thermal.png,processed/aligned/000036_20260226_033959/video.png,processed/aligned/000036_20260226_033959/overlay.png,0.2579157389700413,0.1625640869140625,0.0930267333984375,processed/aligned/000036_20260226_033959/mask_80c.png,758,0.002313232421875
000037_20260226_034000,exported,20260226_034000.tiff,2026-02-26 03:40:00,60.56710239651416,00:01:00.567,1817,raw/thermal/20260226_034000.tiff,processed/aligned/000037_20260226_034000/thermal.tiff,processed/aligned/000037_20260226_034000/thermal.png,processed/aligned/000037_20260226_034000/video.png,processed/aligned/000037_20260226_034000/overlay.png,0.21855133958160877,0.244635009765625,0.075128173828125,processed/aligned/000037_20260226_034000/mask_80c.png,877,0.0026763916015625
000038_20260226_034001,exported,20260226_034001.tiff,2026-02-26 03:40:01,61.568191721132905,00:01:01.568,1847,raw/thermal/20260226_034001.tiff,processed/aligned/000038_20260226_034001/thermal.tiff,processed/aligned/000038_20260226_034001/thermal.png,processed/aligned/000038_20260226_034001/video.png,processed/aligned/000038_20260226_034001/overlay.png,0.19807257317006588,0.1782928466796875,0.038916015625,processed/aligned/000038_20260226_034001/mask_80c.png,973,0.0029693603515625
000039_20260226_034002,exported,20260226_034002.tiff,2026-02-26 03:40:02,62.56928104575164,00:01:02.569,1877,raw/thermal/20260226_034002.tiff,processed/aligned/000039_20260226_034002/thermal.tiff,processed/aligned/000039_20260226_034002/thermal.png,processed/aligned/000039_20260226_034002/video.png,processed/aligned/000039_20260226_034002/overlay.png,0.24489933997392654,0.2287994384765625,0.0670928955078125,processed/aligned/000039_20260226_034002/mask_80c.png,1256,0.0038330078125
000040_20260226_034003,exported,20260226_034003.tiff,2026-02-26 03:40:03,63.57037037037037,00:01:03.570,1907,raw/thermal/20260226_034003.tiff,processed/aligned/000040_20260226_034003/thermal.tiff,processed/aligned/000040_20260226_034003/thermal.png,processed/aligned/000040_20260226_034003/video.png,processed/aligned/000040_20260226_034003/overlay.png,0.22295212373137474,0.1657989501953125,0.0766632080078125,processed/aligned/000040_20260226_034003/mask_80c.png,837,0.0025543212890625
000041_20260226_034004,exported,20260226_034004.tiff,2026-02-26 03:40:04,64.57145969498912,00:01:04.571,1937,raw/thermal/20260226_034004.tiff,processed/aligned/000041_20260226_034004/thermal.tiff,processed/aligned/000041_20260226_034004/thermal.png,processed/aligned/000041_20260226_034004/video.png,processed/aligned/000041_20260226_034004/overlay.png,0.19656532257795334,0.1079833984375,0.0502105712890625,processed/aligned/000041_20260226_034004/mask_80c.png,501,0.0015289306640625
000042_20260226_034005,exported,20260226_034005.tiff,2026-02-26 03:40:05,65.57254901960785,00:01:05.573,1967,raw/thermal/20260226_034005.tiff,processed/aligned/000042_20260226_034005/thermal.tiff,processed/aligned/000042_20260226_034005/thermal.png,processed/aligned/000042_20260226_034005/video.png,processed/aligned/000042_20260226_034005/overlay.png,0.2478547804057598,0.2276885986328125,0.1078826904296875,processed/aligned/000042_20260226_034005/mask_80c.png,748,0.00228271484375
000043_20260226_034006,exported,20260226_034006.tiff,2026-02-26 03:40:06,66.57363834422658,00:01:06.574,1997,raw/thermal/20260226_034006.tiff,processed/aligned/000043_20260226_034006/thermal.tiff,processed/aligned/000043_20260226_034006/thermal.png,processed/aligned/000043_20260226_034006/video.png,processed/aligned/000043_20260226_034006/overlay.png,0.271279938519001,0.2272125244140625,0.1348968505859375,processed/aligned/000043_20260226_034006/mask_80c.png,341,0.0010406494140625
000044_20260226_034007,exported,20260226_034007.tiff,2026-02-26 03:40:07,67.57472766884533,00:01:07.575,2027,raw/thermal/20260226_034007.tiff,processed/aligned/000044_20260226_034007/thermal.tiff,processed/aligned/000044_20260226_034007/thermal.png,processed/aligned/000044_20260226_034007/video.png,processed/aligned/000044_20260226_034007/overlay.png,0.2521500885486603,0.1700042724609375,0.171673583984375,processed/aligned/000044_20260226_034007/mask_80c.png,865,0.0026397705078125
000045_20260226_034008,exported,20260226_034008.tiff,2026-02-26 03:40:08,68.57581699346406,00:01:08.576,2057,raw/thermal/20260226_034008.tiff,processed/aligned/000045_20260226_034008/thermal.tiff,processed/aligned/000045_20260226_034008/thermal.png,processed/aligned/000045_20260226_034008/video.png,processed/aligned/000045_20260226_034008/overlay.png,0.3130286708474159,0.2243865966796875,0.276898193359375,processed/aligned/000045_20260226_034008/mask_80c.png,3873,0.0118194580078125
000046_20260226_034009,exported,20260226_034009.tiff,2026-02-26 03:40:09,69.5769063180828,00:01:09.577,2087,raw/thermal/20260226_034009.tiff,processed/aligned/000046_20260226_034009/thermal.tiff,processed/aligned/000046_20260226_034009/thermal.png,processed/aligned/000046_20260226_034009/video.png,processed/aligned/000046_20260226_034009/overlay.png,0.3433035910129547,0.3265960693359375,0.2727142333984375,processed/aligned/000046_20260226_034009/mask_80c.png,5052,0.01541748046875
000047_20260226_034010,exported,20260226_034010.tiff,2026-02-26 03:40:10,70.57799564270154,00:01:10.578,2117,raw/thermal/20260226_034010.tiff,processed/aligned/000047_20260226_034010/thermal.tiff,processed/aligned/000047_20260226_034010/thermal.png,processed/aligned/000047_20260226_034010/video.png,processed/aligned/000047_20260226_034010/overlay.png,0.33223001658916473,0.24798583984375,0.30418701171875,processed/aligned/000047_20260226_034010/mask_80c.png,4448,0.01357421875
000048_20260226_034011,exported,20260226_034011.tiff,2026-02-26 03:40:11,71.57908496732027,00:01:11.579,2147,raw/thermal/20260226_034011.tiff,processed/aligned/000048_20260226_034011/thermal.tiff,processed/aligned/000048_20260226_034011/thermal.png,processed/aligned/000048_20260226_034011/video.png,processed/aligned/000048_20260226_034011/overlay.png,0.31975581869482994,0.277032470703125,0.208740234375,processed/aligned/000048_20260226_034011/mask_80c.png,2358,0.007196044921875
000049_20260226_034012,exported,20260226_034012.tiff,2026-02-26 03:40:12,72.580174291939,00:01:12.580,2177,raw/thermal/20260226_034012.tiff,processed/aligned/000049_20260226_034012/thermal.tiff,processed/aligned/000049_20260226_034012/thermal.png,processed/aligned/000049_20260226_034012/video.png,processed/aligned/000049_20260226_034012/overlay.png,0.3271104097366333,0.2834442138671875,0.2089935302734375,processed/aligned/000049_20260226_034012/mask_80c.png,4280,0.0130615234375
000050_20260226_034013,exported,20260226_034013.tiff,2026-02-26 03:40:13,73.58126361655773,00:01:13.581,2207,raw/thermal/20260226_034013.tiff,processed/aligned/000050_20260226_034013/thermal.tiff,processed/aligned/000050_20260226_034013/thermal.png,processed/aligned/000050_20260226_034013/video.png,processed/aligned/000050_20260226_034013/overlay.png,0.34039582312107086,0.2935577392578125,0.225933837890625,processed/aligned/000050_20260226_034013/mask_80c.png,2079,0.0063446044921875
000051_20260226_034014,exported,20260226_034014.tiff,2026-02-26 03:40:14,74.58235294117648,00:01:14.582,2237,raw/thermal/20260226_034014.tiff,processed/aligned/000051_20260226_034014/thermal.tiff,processed/aligned/000051_20260226_034014/thermal.png,processed/aligned/000051_20260226_034014/video.png,processed/aligned/000051_20260226_034014/overlay.png,0.3435160517692566,0.2348785400390625,0.28868408203125,processed/aligned/000051_20260226_034014/mask_80c.png,0,0.0
000052_20260226_034015,exported,20260226_034015.tiff,2026-02-26 03:40:15,75.58344226579521,00:01:15.583,2268,raw/thermal/20260226_034015.tiff,processed/aligned/000052_20260226_034015/thermal.tiff,processed/aligned/000052_20260226_034015/thermal.png,processed/aligned/000052_20260226_034015/video.png,processed/aligned/000052_20260226_034015/overlay.png,0.3102640062570572,0.16517333984375,0.2576171875,processed/aligned/000052_20260226_034015/mask_80c.png,0,0.0
000053_20260226_034016,exported,20260226_034016.tiff,2026-02-26 03:40:16,76.58453159041396,00:01:16.585,2298,raw/thermal/20260226_034016.tiff,processed/aligned/000053_20260226_034016/thermal.tiff,processed/aligned/000053_20260226_034016/thermal.png,processed/aligned/000053_20260226_034016/video.png,processed/aligned/000053_20260226_034016/overlay.png,0.26876798644661903,0.0980194091796875,0.2256744384765625,processed/aligned/000053_20260226_034016/mask_80c.png,0,0.0
000054_20260226_034017,exported,20260226_034017.tiff,2026-02-26 03:40:17,77.58562091503269,00:01:17.586,2328,raw/thermal/20260226_034017.tiff,processed/aligned/000054_20260226_034017/thermal.tiff,processed/aligned/000054_20260226_034017/thermal.png,processed/aligned/000054_20260226_034017/video.png,processed/aligned/000054_20260226_034017/overlay.png,0.25704197213053703,0.143017578125,0.186737060546875,processed/aligned/000054_20260226_034017/mask_80c.png,8494,0.025921630859375
000055_20260226_034018,exported,20260226_034018.tiff,2026-02-26 03:40:18,78.58671023965142,00:01:18.587,2358,raw/thermal/20260226_034018.tiff,processed/aligned/000055_20260226_034018/thermal.tiff,processed/aligned/000055_20260226_034018/thermal.png,processed/aligned/000055_20260226_034018/video.png,processed/aligned/000055_20260226_034018/overlay.png,0.2879212573170662,0.2203369140625,0.2460845947265625,processed/aligned/000055_20260226_034018/mask_80c.png,12025,0.0366973876953125
000056_20260226_034019,exported,20260226_034019.tiff,2026-02-26 03:40:19,79.58779956427016,00:01:19.588,2388,raw/thermal/20260226_034019.tiff,processed/aligned/000056_20260226_034019/thermal.tiff,processed/aligned/000056_20260226_034019/thermal.png,processed/aligned/000056_20260226_034019/video.png,processed/aligned/000056_20260226_034019/overlay.png,0.3098003454506397,0.1577423095703125,0.2998626708984375,processed/aligned/000056_20260226_034019/mask_80c.png,11416,0.0348388671875
000057_20260226_034020,exported,20260226_034020.tiff,2026-02-26 03:40:20,80.58888888888889,00:01:20.589,2418,raw/thermal/20260226_034020.tiff,processed/aligned/000057_20260226_034020/thermal.tiff,processed/aligned/000057_20260226_034020/thermal.png,processed/aligned/000057_20260226_034020/video.png,processed/aligned/000057_20260226_034020/overlay.png,0.32961374521255493,0.164056396484375,0.3685577392578125,processed/aligned/000057_20260226_034020/mask_80c.png,15889,0.0484893798828125
000058_20260226_034021,exported,20260226_034021.tiff,2026-02-26 03:40:21,81.58997821350764,00:01:21.590,2448,raw/thermal/20260226_034021.tiff,processed/aligned/000058_20260226_034021/thermal.tiff,processed/aligned/000058_20260226_034021/thermal.png,processed/aligned/000058_20260226_034021/video.png,processed/aligned/000058_20260226_034021/overlay.png,0.36161432415246964,0.1997222900390625,0.4766693115234375,processed/aligned/000058_20260226_034021/mask_80c.png,16768,0.051171875
000059_20260226_034022,exported,20260226_034022.tiff,2026-02-26 03:40:22,82.59106753812637,00:01:22.591,2478,raw/thermal/20260226_034022.tiff,processed/aligned/000059_20260226_034022/thermal.tiff,processed/aligned/000059_20260226_034022/thermal.png,processed/aligned/000059_20260226_034022/video.png,processed/aligned/000059_20260226_034022/overlay.png,0.3347916305065155,0.2099029541015625,0.3826629638671875,processed/aligned/000059_20260226_034022/mask_80c.png,22868,0.06978759765625
000060_20260226_034023,exported,20260226_034023.tiff,2026-02-26 03:40:23,83.59215686274511,00:01:23.592,2508,raw/thermal/20260226_034023.tiff,processed/aligned/000060_20260226_034023/thermal.tiff,processed/aligned/000060_20260226_034023/thermal.png,processed/aligned/000060_20260226_034023/video.png,processed/aligned/000060_20260226_034023/overlay.png,0.33943232893943787,0.22908935546875,0.3787994384765625,processed/aligned/000060_20260226_034023/mask_80c.png,27319,0.0833709716796875
000061_20260226_034024,exported,20260226_034024.tiff,2026-02-26 03:40:24,84.59324618736385,00:01:24.593,2538,raw/thermal/20260226_034024.tiff,processed/aligned/000061_20260226_034024/thermal.tiff,processed/aligned/000061_20260226_034024/thermal.png,processed/aligned/000061_20260226_034024/video.png,processed/aligned/000061_20260226_034024/overlay.png,0.3424840345978737,0.20943603515625,0.464935302734375,processed/aligned/000061_20260226_034024/mask_80c.png,22626,0.069049072265625
000062_20260226_034025,exported,20260226_034025.tiff,2026-02-26 03:40:25,85.59433551198258,00:01:25.594,2568,raw/thermal/20260226_034025.tiff,processed/aligned/000062_20260226_034025/thermal.tiff,processed/aligned/000062_20260226_034025/thermal.png,processed/aligned/000062_20260226_034025/video.png,processed/aligned/000062_20260226_034025/overlay.png,0.32099559903144836,0.2118408203125,0.42440185546875,processed/aligned/000062_20260226_034025/mask_80c.png,22823,0.0696502685546875
000063_20260226_034026,exported,20260226_034026.tiff,2026-02-26 03:40:26,86.59542483660131,00:01:26.595,2598,raw/thermal/20260226_034026.tiff,processed/aligned/000063_20260226_034026/thermal.tiff,processed/aligned/000063_20260226_034026/thermal.png,processed/aligned/000063_20260226_034026/video.png,processed/aligned/000063_20260226_034026/overlay.png,0.3326784670352936,0.20833740234375,0.4398895263671875,processed/aligned/000063_20260226_034026/mask_80c.png,9571,0.0292083740234375
000064_20260226_034027,exported,20260226_034027.tiff,2026-02-26 03:40:27,87.59651416122004,00:01:27.597,2628,raw/thermal/20260226_034027.tiff,processed/aligned/000064_20260226_034027/thermal.tiff,processed/aligned/000064_20260226_034027/thermal.png,processed/aligned/000064_20260226_034027/video.png,processed/aligned/000064_20260226_034027/overlay.png,0.3846486657857895,0.256011962890625,0.4900726318359375,processed/aligned/000064_20260226_034027/mask_80c.png,10919,0.0333221435546875
000065_20260226_034028,exported,20260226_034028.tiff,2026-02-26 03:40:28,88.59760348583879,00:01:28.598,2658,raw/thermal/20260226_034028.tiff,processed/aligned/000065_20260226_034028/thermal.tiff,processed/aligned/000065_20260226_034028/thermal.png,processed/aligned/000065_20260226_034028/video.png,processed/aligned/000065_20260226_034028/overlay.png,0.35889124125242233,0.2229583740234375,0.4763336181640625,processed/aligned/000065_20260226_034028/mask_80c.png,11090,0.033843994140625
000066_20260226_034029,exported,20260226_034029.tiff,2026-02-26 03:40:29,89.59869281045752,00:01:29.599,2688,raw/thermal/20260226_034029.tiff,processed/aligned/000066_20260226_034029/thermal.tiff,processed/aligned/000066_20260226_034029/thermal.png,processed/aligned/000066_20260226_034029/video.png,processed/aligned/000066_20260226_034029/overlay.png,0.3689879924058914,0.21728515625,0.580108642578125,processed/aligned/000066_20260226_034029/mask_80c.png,10038,0.030633544921875
000067_20260226_034030,exported,20260226_034030.tiff,2026-02-26 03:40:30,90.59978213507627,00:01:30.600,2718,raw/thermal/20260226_034030.tiff,processed/aligned/000067_20260226_034030/thermal.tiff,processed/aligned/000067_20260226_034030/thermal.png,processed/aligned/000067_20260226_034030/video.png,processed/aligned/000067_20260226_034030/overlay.png,0.37172069400548935,0.2539642333984375,0.518048095703125,processed/aligned/000067_20260226_034030/mask_80c.png,9699,0.0295989990234375
000068_20260226_034031,exported,20260226_034031.tiff,2026-02-26 03:40:31,91.600871459695,00:01:31.601,2748,raw/thermal/20260226_034031.tiff,processed/aligned/000068_20260226_034031/thermal.tiff,processed/aligned/000068_20260226_034031/thermal.png,processed/aligned/000068_20260226_034031/video.png,processed/aligned/000068_20260226_034031/overlay.png,0.38418739289045334,0.235284423828125,0.5746368408203125,processed/aligned/000068_20260226_034031/mask_80c.png,8367,0.0255340576171875
000069_20260226_034032,exported,20260226_034032.tiff,2026-02-26 03:40:32,92.60196078431373,00:01:32.602,2778,raw/thermal/20260226_034032.tiff,processed/aligned/000069_20260226_034032/thermal.tiff,processed/aligned/000069_20260226_034032/thermal.png,processed/aligned/000069_20260226_034032/video.png,processed/aligned/000069_20260226_034032/overlay.png,0.3500981777906418,0.2138671875,0.5331817626953125,processed/aligned/000069_20260226_034032/mask_80c.png,8355,0.0254974365234375
000070_20260226_034033,exported,20260226_034033.tiff,2026-02-26 03:40:33,93.60305010893246,00:01:33.603,2808,raw/thermal/20260226_034033.tiff,processed/aligned/000070_20260226_034033/thermal.tiff,processed/aligned/000070_20260226_034033/thermal.png,processed/aligned/000070_20260226_034033/video.png,processed/aligned/000070_20260226_034033/overlay.png,0.36333005130290985,0.2111785888671875,0.59417724609375,processed/aligned/000070_20260226_034033/mask_80c.png,5138,0.015679931640625
000071_20260226_034034,exported,20260226_034034.tiff,2026-02-26 03:40:34,94.60413943355121,00:01:34.604,2838,raw/thermal/20260226_034034.tiff,processed/aligned/000071_20260226_034034/thermal.tiff,processed/aligned/000071_20260226_034034/thermal.png,processed/aligned/000071_20260226_034034/video.png,processed/aligned/000071_20260226_034034/overlay.png,0.35432907193899155,0.232672119140625,0.4948272705078125,processed/aligned/000071_20260226_034034/mask_80c.png,6305,0.0192413330078125
000072_20260226_034035,exported,20260226_034035.tiff,2026-02-26 03:40:35,95.60522875816994,00:01:35.605,2868,raw/thermal/20260226_034035.tiff,processed/aligned/000072_20260226_034035/thermal.tiff,processed/aligned/000072_20260226_034035/thermal.png,processed/aligned/000072_20260226_034035/video.png,processed/aligned/000072_20260226_034035/overlay.png,0.3766643777489662,0.29271240234375,0.4947235107421875,processed/aligned/000072_20260226_034035/mask_80c.png,8277,0.0252593994140625
000073_20260226_034036,exported,20260226_034036.tiff,2026-02-26 03:40:36,96.60631808278868,00:01:36.606,2898,raw/thermal/20260226_034036.tiff,processed/aligned/000073_20260226_034036/thermal.tiff,processed/aligned/000073_20260226_034036/thermal.png,processed/aligned/000073_20260226_034036/video.png,processed/aligned/000073_20260226_034036/overlay.png,0.3599362000823021,0.193048095703125,0.57547607421875,processed/aligned/000073_20260226_034036/mask_80c.png,5066,0.015460205078125
000074_20260226_034037,exported,20260226_034037.tiff,2026-02-26 03:40:37,97.60740740740742,00:01:37.607,2928,raw/thermal/20260226_034037.tiff,processed/aligned/000074_20260226_034037/thermal.tiff,processed/aligned/000074_20260226_034037/thermal.png,processed/aligned/000074_20260226_034037/video.png,processed/aligned/000074_20260226_034037/overlay.png,0.3958029970526695,0.2634552001953125,0.538818359375,processed/aligned/000074_20260226_034037/mask_80c.png,4485,0.0136871337890625
000075_20260226_034038,exported,20260226_034038.tiff,2026-02-26 03:40:38,98.60849673202615,00:01:38.608,2958,raw/thermal/20260226_034038.tiff,processed/aligned/000075_20260226_034038/thermal.tiff,processed/aligned/000075_20260226_034038/thermal.png,processed/aligned/000075_20260226_034038/video.png,processed/aligned/000075_20260226_034038/overlay.png,0.383278027176857,0.2655609130859375,0.5653564453125,processed/aligned/000075_20260226_034038/mask_80c.png,6103,0.0186248779296875
000076_20260226_034039,exported,20260226_034039.tiff,2026-02-26 03:40:39,99.60958605664489,00:01:39.610,2988,raw/thermal/20260226_034039.tiff,processed/aligned/000076_20260226_034039/thermal.tiff,processed/aligned/000076_20260226_034039/thermal.png,processed/aligned/000076_20260226_034039/video.png,processed/aligned/000076_20260226_034039/overlay.png,0.3344605937600136,0.2025909423828125,0.4985382080078125,processed/aligned/000076_20260226_034039/mask_80c.png,5315,0.0162200927734375
000077_20260226_034040,exported,20260226_034040.tiff,2026-02-26 03:40:40,100.61067538126363,00:01:40.611,3018,raw/thermal/20260226_034040.tiff,processed/aligned/000077_20260226_034040/thermal.tiff,processed/aligned/000077_20260226_034040/thermal.png,processed/aligned/000077_20260226_034040/video.png,processed/aligned/000077_20260226_034040/overlay.png,0.35824690014123917,0.2037384033203125,0.5850067138671875,processed/aligned/000077_20260226_034040/mask_80c.png,7196,0.02196044921875
000078_20260226_034041,exported,20260226_034041.tiff,2026-02-26 03:40:41,101.61176470588236,00:01:41.612,3048,raw/thermal/20260226_034041.tiff,processed/aligned/000078_20260226_034041/thermal.tiff,processed/aligned/000078_20260226_034041/thermal.png,processed/aligned/000078_20260226_034041/video.png,processed/aligned/000078_20260226_034041/overlay.png,0.32189738005399704,0.17982177734375,0.54393310546875,processed/aligned/000078_20260226_034041/mask_80c.png,7918,0.024163818359375
000079_20260226_034042,exported,20260226_034042.tiff,2026-02-26 03:40:42,102.6128540305011,00:01:42.613,3078,raw/thermal/20260226_034042.tiff,processed/aligned/000079_20260226_034042/thermal.tiff,processed/aligned/000079_20260226_034042/thermal.png,processed/aligned/000079_20260226_034042/video.png,processed/aligned/000079_20260226_034042/overlay.png,0.2799046039581299,0.148101806640625,0.551800537109375,processed/aligned/000079_20260226_034042/mask_80c.png,7290,0.022247314453125
000080_20260226_034043,exported,20260226_034043.tiff,2026-02-26 03:40:43,103.61394335511983,00:01:43.614,3108,raw/thermal/20260226_034043.tiff,processed/aligned/000080_20260226_034043/thermal.tiff,processed/aligned/000080_20260226_034043/thermal.png,processed/aligned/000080_20260226_034043/video.png,processed/aligned/000080_20260226_034043/overlay.png,0.31033600121736526,0.168792724609375,0.560723876953125,processed/aligned/000080_20260226_034043/mask_80c.png,6987,0.0213226318359375
000081_20260226_034044,exported,20260226_034044.tiff,2026-02-26 03:40:44,104.61503267973858,00:01:44.615,3138,raw/thermal/20260226_034044.tiff,processed/aligned/000081_20260226_034044/thermal.tiff,processed/aligned/000081_20260226_034044/thermal.png,processed/aligned/000081_20260226_034044/video.png,processed/aligned/000081_20260226_034044/overlay.png,0.3170698508620262,0.16810302734375,0.60750732421875,processed/aligned/000081_20260226_034044/mask_80c.png,6405,0.0195465087890625
000082_20260226_034045,exported,20260226_034045.tiff,2026-02-26 03:40:45,105.61612200435731,00:01:45.616,3168,raw/thermal/20260226_034045.tiff,processed/aligned/000082_20260226_034045/thermal.tiff,processed/aligned/000082_20260226_034045/thermal.png,processed/aligned/000082_20260226_034045/video.png,processed/aligned/000082_20260226_034045/overlay.png,0.3153815343976021,0.17669677734375,0.5331085205078125,processed/aligned/000082_20260226_034045/mask_80c.png,5345,0.0163116455078125
000083_20260226_034046,exported,20260226_034046.tiff,2026-02-26 03:40:46,106.61721132897604,00:01:46.617,3199,raw/thermal/20260226_034046.tiff,processed/aligned/000083_20260226_034046/thermal.tiff,processed/aligned/000083_20260226_034046/thermal.png,processed/aligned/000083_20260226_034046/video.png,processed/aligned/000083_20260226_034046/overlay.png,0.31951917707920074,0.165869140625,0.6111297607421875,processed/aligned/000083_20260226_034046/mask_80c.png,4660,0.01422119140625
000084_20260226_034047,exported,20260226_034047.tiff,2026-02-26 03:40:47,107.61830065359479,00:01:47.618,3229,raw/thermal/20260226_034047.tiff,processed/aligned/000084_20260226_034047/thermal.tiff,processed/aligned/000084_20260226_034047/thermal.png,processed/aligned/000084_20260226_034047/video.png,processed/aligned/000084_20260226_034047/overlay.png,0.2795919105410576,0.0810882568359375,0.5906646728515625,processed/aligned/000084_20260226_034047/mask_80c.png,3127,0.0095428466796875
000085_20260226_034048,exported,20260226_034048.tiff,2026-02-26 03:40:48,108.61938997821352,00:01:48.619,3259,raw/thermal/20260226_034048.tiff,processed/aligned/000085_20260226_034048/thermal.tiff,processed/aligned/000085_20260226_034048/thermal.png,processed/aligned/000085_20260226_034048/video.png,processed/aligned/000085_20260226_034048/overlay.png,0.3720645308494568,0.135113525390625,0.669146728515625,processed/aligned/000085_20260226_034048/mask_80c.png,781,0.0023834228515625
000086_20260226_034049,exported,20260226_034049.tiff,2026-02-26 03:40:49,109.62047930283225,00:01:49.620,3289,raw/thermal/20260226_034049.tiff,processed/aligned/000086_20260226_034049/thermal.tiff,processed/aligned/000086_20260226_034049/thermal.png,processed/aligned/000086_20260226_034049/video.png,processed/aligned/000086_20260226_034049/overlay.png,0.3556976988911629,0.12650146484375,0.646966552734375,processed/aligned/000086_20260226_034049/mask_80c.png,728,0.0022216796875
000087_20260226_034050,exported,20260226_034050.tiff,2026-02-26 03:40:50,110.621568627451,00:01:50.622,3319,raw/thermal/20260226_034050.tiff,processed/aligned/000087_20260226_034050/thermal.tiff,processed/aligned/000087_20260226_034050/thermal.png,processed/aligned/000087_20260226_034050/video.png,processed/aligned/000087_20260226_034050/overlay.png,0.3193202614784241,0.0843719482421875,0.58031005859375,processed/aligned/000087_20260226_034050/mask_80c.png,59,0.0001800537109375
000088_20260226_034051,exported,20260226_034051.tiff,2026-02-26 03:40:51,111.62265795206973,00:01:51.623,3349,raw/thermal/20260226_034051.tiff,processed/aligned/000088_20260226_034051/thermal.tiff,processed/aligned/000088_20260226_034051/thermal.png,processed/aligned/000088_20260226_034051/video.png,processed/aligned/000088_20260226_034051/overlay.png,0.3841368556022644,0.1188232421875,0.6825103759765625,processed/aligned/000088_20260226_034051/mask_80c.png,27,8.23974609375e-05
000089_20260226_034052,exported,20260226_034052.tiff,2026-02-26 03:40:52,112.62374727668846,00:01:52.624,3379,raw/thermal/20260226_034052.tiff,processed/aligned/000089_20260226_034052/thermal.tiff,processed/aligned/000089_20260226_034052/thermal.png,processed/aligned/000089_20260226_034052/video.png,processed/aligned/000089_20260226_034052/overlay.png,0.4119156152009964,0.15914306640625,0.669708251953125,processed/aligned/000089_20260226_034052/mask_80c.png,52,0.00015869140625
000090_20260226_034053,exported,20260226_034053.tiff,2026-02-26 03:40:53,113.6248366013072,00:01:53.625,3409,raw/thermal/20260226_034053.tiff,processed/aligned/000090_20260226_034053/thermal.tiff,processed/aligned/000090_20260226_034053/thermal.png,processed/aligned/000090_20260226_034053/video.png,processed/aligned/000090_20260226_034053/overlay.png,0.38404713571071625,0.1268096923828125,0.61741943359375,processed/aligned/000090_20260226_034053/mask_80c.png,0,0.0
000091_20260226_034054,exported,20260226_034054.tiff,2026-02-26 03:40:54,114.62592592592594,00:01:54.626,3439,raw/thermal/20260226_034054.tiff,processed/aligned/000091_20260226_034054/thermal.tiff,processed/aligned/000091_20260226_034054/thermal.png,processed/aligned/000091_20260226_034054/video.png,processed/aligned/000091_20260226_034054/overlay.png,0.3912341743707657,0.1483001708984375,0.6128631591796875,processed/aligned/000091_20260226_034054/mask_80c.png,409,0.0012481689453125
000092_20260226_034055,exported,20260226_034055.tiff,2026-02-26 03:40:55,115.62701525054467,00:01:55.627,3469,raw/thermal/20260226_034055.tiff,processed/aligned/000092_20260226_034055/thermal.tiff,processed/aligned/000092_20260226_034055/thermal.png,processed/aligned/000092_20260226_034055/video.png,processed/aligned/000092_20260226_034055/overlay.png,0.3929143100976944,0.1418914794921875,0.615545654296875,processed/aligned/000092_20260226_034055/mask_80c.png,180,0.00054931640625
000093_20260226_034056,exported,20260226_034056.tiff,2026-02-26 03:40:56,116.6281045751634,00:01:56.628,3499,raw/thermal/20260226_034056.tiff,processed/aligned/000093_20260226_034056/thermal.tiff,processed/aligned/000093_20260226_034056/thermal.png,processed/aligned/000093_20260226_034056/video.png,processed/aligned/000093_20260226_034056/overlay.png,0.4131719768047333,0.163897705078125,0.6376739501953125,processed/aligned/000093_20260226_034056/mask_80c.png,214,0.000653076171875
000094_20260226_034057,exported,20260226_034057.tiff,2026-02-26 03:40:57,117.62919389978215,00:01:57.629,3529,raw/thermal/20260226_034057.tiff,processed/aligned/000094_20260226_034057/thermal.tiff,processed/aligned/000094_20260226_034057/thermal.png,processed/aligned/000094_20260226_034057/video.png,processed/aligned/000094_20260226_034057/overlay.png,0.42986638844013214,0.192803955078125,0.644561767578125,processed/aligned/000094_20260226_034057/mask_80c.png,392,0.0011962890625
000095_20260226_034058,exported,20260226_034058.tiff,2026-02-26 03:40:58,118.63028322440088,00:01:58.630,3559,raw/thermal/20260226_034058.tiff,processed/aligned/000095_20260226_034058/thermal.tiff,processed/aligned/000095_20260226_034058/thermal.png,processed/aligned/000095_20260226_034058/video.png,processed/aligned/000095_20260226_034058/overlay.png,0.41213569045066833,0.1757415771484375,0.6277557373046875,processed/aligned/000095_20260226_034058/mask_80c.png,470,0.001434326171875
000096_20260226_034059,exported,20260226_034059.tiff,2026-02-26 03:40:59,119.63137254901962,00:01:59.631,3589,raw/thermal/20260226_034059.tiff,processed/aligned/000096_20260226_034059/thermal.tiff,processed/aligned/000096_20260226_034059/thermal.png,processed/aligned/000096_20260226_034059/video.png,processed/aligned/000096_20260226_034059/overlay.png,0.42773185670375824,0.19522705078125,0.6263824462890625,processed/aligned/000096_20260226_034059/mask_80c.png,275,0.0008392333984375
000097_20260226_034100,exported,20260226_034100.tiff,2026-02-26 03:41:00,120.63246187363835,00:02:00.632,3619,raw/thermal/20260226_034100.tiff,processed/aligned/000097_20260226_034100/thermal.tiff,processed/aligned/000097_20260226_034100/thermal.png,processed/aligned/000097_20260226_034100/video.png,processed/aligned/000097_20260226_034100/overlay.png,0.43303314596414566,0.2128082275390625,0.60615234375,processed/aligned/000097_20260226_034100/mask_80c.png,203,0.0006195068359375
000098_20260226_034101,exported,20260226_034101.tiff,2026-02-26 03:41:01,121.6335511982571,00:02:01.634,3649,raw/thermal/20260226_034101.tiff,processed/aligned/000098_20260226_034101/thermal.tiff,processed/aligned/000098_20260226_034101/thermal.png,processed/aligned/000098_20260226_034101/video.png,processed/aligned/000098_20260226_034101/overlay.png,0.4386967569589615,0.2105377197265625,0.6023712158203125,processed/aligned/000098_20260226_034101/mask_80c.png,162,0.000494384765625
000099_20260226_034102,exported,20260226_034102.tiff,2026-02-26 03:41:02,122.63464052287583,00:02:02.635,3679,raw/thermal/20260226_034102.tiff,processed/aligned/000099_20260226_034102/thermal.tiff,processed/aligned/000099_20260226_034102/thermal.png,processed/aligned/000099_20260226_034102/video.png,processed/aligned/000099_20260226_034102/overlay.png,0.40372128784656525,0.1789306640625,0.578558349609375,processed/aligned/000099_20260226_034102/mask_80c.png,3,9.1552734375e-06
000100_20260226_034103,exported,20260226_034103.tiff,2026-02-26 03:41:03,123.63572984749456,00:02:03.636,3709,raw/thermal/20260226_034103.tiff,processed/aligned/000100_20260226_034103/thermal.tiff,processed/aligned/000100_20260226_034103/thermal.png,processed/aligned/000100_20260226_034103/video.png,processed/aligned/000100_20260226_034103/overlay.png,0.4818907752633095,0.2628936767578125,0.65555419921875,processed/aligned/000100_20260226_034103/mask_80c.png,284,0.00086669921875
000101_20260226_034104,exported,20260226_034104.tiff,2026-02-26 03:41:04,124.6368191721133,00:02:04.637,3739,raw/thermal/20260226_034104.tiff,processed/aligned/000101_20260226_034104/thermal.tiff,processed/aligned/000101_20260226_034104/thermal.png,processed/aligned/000101_20260226_034104/video.png,processed/aligned/000101_20260226_034104/overlay.png,0.47073308378458023,0.2615386962890625,0.636309814453125,processed/aligned/000101_20260226_034104/mask_80c.png,384,0.001171875
000102_20260226_034105,exported,20260226_034105.tiff,2026-02-26 03:41:05,125.63790849673204,00:02:05.638,3769,raw/thermal/20260226_034105.tiff,processed/aligned/000102_20260226_034105/thermal.tiff,processed/aligned/000102_20260226_034105/thermal.png,processed/aligned/000102_20260226_034105/video.png,processed/aligned/000102_20260226_034105/overlay.png,0.4589388594031334,0.2609100341796875,0.5679931640625,processed/aligned/000102_20260226_034105/mask_80c.png,150,0.000457763671875
000103_20260226_034106,exported,20260226_034106.tiff,2026-02-26 03:41:06,126.63899782135077,00:02:06.639,3799,raw/thermal/20260226_034106.tiff,processed/aligned/000103_20260226_034106/thermal.tiff,processed/aligned/000103_20260226_034106/thermal.png,processed/aligned/000103_20260226_034106/video.png,processed/aligned/000103_20260226_034106/overlay.png,0.4864913448691368,0.29951171875,0.5762481689453125,processed/aligned/000103_20260226_034106/mask_80c.png,237,0.0007232666015625
000104_20260226_034107,exported,20260226_034107.tiff,2026-02-26 03:41:07,127.64008714596952,00:02:07.640,3829,raw/thermal/20260226_034107.tiff,processed/aligned/000104_20260226_034107/thermal.tiff,processed/aligned/000104_20260226_034107/thermal.png,processed/aligned/000104_20260226_034107/video.png,processed/aligned/000104_20260226_034107/overlay.png,0.45949171483516693,0.2729736328125,0.50504150390625,processed/aligned/000104_20260226_034107/mask_80c.png,342,0.001043701171875
000105_20260226_034108,exported,20260226_034108.tiff,2026-02-26 03:41:08,128.64117647058825,00:02:08.641,3859,raw/thermal/20260226_034108.tiff,processed/aligned/000105_20260226_034108/thermal.tiff,processed/aligned/000105_20260226_034108/thermal.png,processed/aligned/000105_20260226_034108/video.png,processed/aligned/000105_20260226_034108/overlay.png,0.4638603925704956,0.2993438720703125,0.4735198974609375,processed/aligned/000105_20260226_034108/mask_80c.png,645,0.0019683837890625
000106_20260226_034109,exported,20260226_034109.tiff,2026-02-26 03:41:09,129.64226579520695,00:02:09.642,3889,raw/thermal/20260226_034109.tiff,processed/aligned/000106_20260226_034109/thermal.tiff,processed/aligned/000106_20260226_034109/thermal.png,processed/aligned/000106_20260226_034109/video.png,processed/aligned/000106_20260226_034109/overlay.png,0.44813890755176544,0.26578369140625,0.4745208740234375,processed/aligned/000106_20260226_034109/mask_80c.png,668,0.00203857421875
000107_20260226_034110,exported,20260226_034110.tiff,2026-02-26 03:41:10,130.6433551198257,00:02:10.643,3919,raw/thermal/20260226_034110.tiff,processed/aligned/000107_20260226_034110/thermal.tiff,processed/aligned/000107_20260226_034110/thermal.png,processed/aligned/000107_20260226_034110/video.png,processed/aligned/000107_20260226_034110/overlay.png,0.40485822409391403,0.2114654541015625,0.45972900390625,processed/aligned/000107_20260226_034110/mask_80c.png,616,0.0018798828125
000108_20260226_034111,exported,20260226_034111.tiff,2026-02-26 03:41:11,131.64444444444445,00:02:11.644,3949,raw/thermal/20260226_034111.tiff,processed/aligned/000108_20260226_034111/thermal.tiff,processed/aligned/000108_20260226_034111/thermal.png,processed/aligned/000108_20260226_034111/video.png,processed/aligned/000108_20260226_034111/overlay.png,0.40901540219783783,0.2551483154296875,0.4170166015625,processed/aligned/000108_20260226_034111/mask_80c.png,297,0.0009063720703125
000109_20260226_034112,exported,20260226_034112.tiff,2026-02-26 03:41:12,132.64553376906318,00:02:12.646,3979,raw/thermal/20260226_034112.tiff,processed/aligned/000109_20260226_034112/thermal.tiff,processed/aligned/000109_20260226_034112/thermal.png,processed/aligned/000109_20260226_034112/video.png,processed/aligned/000109_20260226_034112/overlay.png,0.405629426240921,0.2801055908203125,0.358551025390625,processed/aligned/000109_20260226_034112/mask_80c.png,256,0.00078125
000110_20260226_034113,exported,20260226_034113.tiff,2026-02-26 03:41:13,133.6466230936819,00:02:13.647,4009,raw/thermal/20260226_034113.tiff,processed/aligned/000110_20260226_034113/thermal.tiff,processed/aligned/000110_20260226_034113/thermal.png,processed/aligned/000110_20260226_034113/video.png,processed/aligned/000110_20260226_034113/overlay.png,0.4033312052488327,0.250592041015625,0.379730224609375,processed/aligned/000110_20260226_034113/mask_80c.png,291,0.0008880615234375
000111_20260226_034114,exported,20260226_034114.tiff,2026-02-26 03:41:14,134.64771241830064,00:02:14.648,4039,raw/thermal/20260226_034114.tiff,processed/aligned/000111_20260226_034114/thermal.tiff,processed/aligned/000111_20260226_034114/thermal.png,processed/aligned/000111_20260226_034114/video.png,processed/aligned/000111_20260226_034114/overlay.png,0.42849375307559967,0.2301666259765625,0.4721466064453125,processed/aligned/000111_20260226_034114/mask_80c.png,592,0.001806640625
000112_20260226_034115,exported,20260226_034115.tiff,2026-02-26 03:41:15,135.6488017429194,00:02:15.649,4069,raw/thermal/20260226_034115.tiff,processed/aligned/000112_20260226_034115/thermal.tiff,processed/aligned/000112_20260226_034115/thermal.png,processed/aligned/000112_20260226_034115/video.png,processed/aligned/000112_20260226_034115/overlay.png,0.43189869821071625,0.1959625244140625,0.562115478515625,processed/aligned/000112_20260226_034115/mask_80c.png,585,0.0017852783203125
000113_20260226_034116,exported,20260226_034116.tiff,2026-02-26 03:41:16,136.6498910675381,00:02:16.650,4099,raw/thermal/20260226_034116.tiff,processed/aligned/000113_20260226_034116/thermal.tiff,processed/aligned/000113_20260226_034116/thermal.png,processed/aligned/000113_20260226_034116/video.png,processed/aligned/000113_20260226_034116/overlay.png,0.33304934576153755,0.0747894287109375,0.5880462646484375,processed/aligned/000113_20260226_034116/mask_80c.png,555,0.0016937255859375
000114_20260226_034117,exported,20260226_034117.tiff,2026-02-26 03:41:17,137.65098039215687,00:02:17.651,4130,raw/thermal/20260226_034117.tiff,processed/aligned/000114_20260226_034117/thermal.tiff,processed/aligned/000114_20260226_034117/thermal.png,processed/aligned/000114_20260226_034117/video.png,processed/aligned/000114_20260226_034117/overlay.png,0.3841918930411339,0.117156982421875,0.6276397705078125,processed/aligned/000114_20260226_034117/mask_80c.png,415,0.0012664794921875
000115_20260226_034118,exported,20260226_034118.tiff,2026-02-26 03:41:18,138.6520697167756,00:02:18.652,4160,raw/thermal/20260226_034118.tiff,processed/aligned/000115_20260226_034118/thermal.tiff,processed/aligned/000115_20260226_034118/thermal.png,processed/aligned/000115_20260226_034118/video.png,processed/aligned/000115_20260226_034118/overlay.png,0.41666311025619507,0.1526458740234375,0.6836517333984375,processed/aligned/000115_20260226_034118/mask_80c.png,236,0.00072021484375
000116_20260226_034119,exported,20260226_034119.tiff,2026-02-26 03:41:19,139.65315904139433,00:02:19.653,4190,raw/thermal/20260226_034119.tiff,processed/aligned/000116_20260226_034119/thermal.tiff,processed/aligned/000116_20260226_034119/thermal.png,processed/aligned/000116_20260226_034119/video.png,processed/aligned/000116_20260226_034119/overlay.png,0.45822059363126755,0.2060791015625,0.6863311767578125,processed/aligned/000116_20260226_034119/mask_80c.png,580,0.00177001953125
000117_20260226_034120,exported,20260226_034120.tiff,2026-02-26 03:41:20,140.65424836601306,00:02:20.654,4220,raw/thermal/20260226_034120.tiff,processed/aligned/000117_20260226_034120/thermal.tiff,processed/aligned/000117_20260226_034120/thermal.png,processed/aligned/000117_20260226_034120/video.png,processed/aligned/000117_20260226_034120/overlay.png,0.44727758318185806,0.2103515625,0.684552001953125,processed/aligned/000117_20260226_034120/mask_80c.png,1148,0.00350341796875
000118_20260226_034121,exported,20260226_034121.tiff,2026-02-26 03:41:21,141.6553376906318,00:02:21.655,4250,raw/thermal/20260226_034121.tiff,processed/aligned/000118_20260226_034121/thermal.tiff,processed/aligned/000118_20260226_034121/thermal.png,processed/aligned/000118_20260226_034121/video.png,processed/aligned/000118_20260226_034121/overlay.png,0.4063950553536415,0.1993255615234375,0.67493896484375,processed/aligned/000118_20260226_034121/mask_80c.png,2500,0.00762939453125
000119_20260226_034122,exported,20260226_034122.tiff,2026-02-26 03:41:22,142.65642701525056,00:02:22.656,4280,raw/thermal/20260226_034122.tiff,processed/aligned/000119_20260226_034122/thermal.tiff,processed/aligned/000119_20260226_034122/thermal.png,processed/aligned/000119_20260226_034122/video.png,processed/aligned/000119_20260226_034122/overlay.png,0.404041163623333,0.22568359375,0.6468902587890625,processed/aligned/000119_20260226_034122/mask_80c.png,3868,0.01180419921875
000120_20260226_034123,exported,20260226_034123.tiff,2026-02-26 03:41:23,143.65751633986926,00:02:23.658,4310,raw/thermal/20260226_034123.tiff,processed/aligned/000120_20260226_034123/thermal.tiff,processed/aligned/000120_20260226_034123/thermal.png,processed/aligned/000120_20260226_034123/video.png,processed/aligned/000120_20260226_034123/overlay.png,0.3845444470643997,0.2273681640625,0.6069793701171875,processed/aligned/000120_20260226_034123/mask_80c.png,4867,0.0148529052734375
000121_20260226_034124,exported,20260226_034124.tiff,2026-02-26 03:41:24,144.65860566448802,00:02:24.659,4340,raw/thermal/20260226_034124.tiff,processed/aligned/000121_20260226_034124/thermal.tiff,processed/aligned/000121_20260226_034124/thermal.png,processed/aligned/000121_20260226_034124/video.png,processed/aligned/000121_20260226_034124/overlay.png,0.41419725865125656,0.26107177734375,0.5718505859375,processed/aligned/000121_20260226_034124/mask_80c.png,4203,0.0128265380859375
000122_20260226_034125,exported,20260226_034125.tiff,2026-02-26 03:41:25,145.65969498910675,00:02:25.660,4370,raw/thermal/20260226_034125.tiff,processed/aligned/000122_20260226_034125/thermal.tiff,processed/aligned/000122_20260226_034125/thermal.png,processed/aligned/000122_20260226_034125/video.png,processed/aligned/000122_20260226_034125/overlay.png,0.42261090874671936,0.2718017578125,0.5444366455078125,processed/aligned/000122_20260226_034125/mask_80c.png,3063,0.0093475341796875
000123_20260226_034126,exported,20260226_034126.tiff,2026-02-26 03:41:26,146.6607843137255,00:02:26.661,4400,raw/thermal/20260226_034126.tiff,processed/aligned/000123_20260226_034126/thermal.tiff,processed/aligned/000123_20260226_034126/thermal.png,processed/aligned/000123_20260226_034126/video.png,processed/aligned/000123_20260226_034126/overlay.png,0.4088541716337204,0.260870361328125,0.4957733154296875,processed/aligned/000123_20260226_034126/mask_80c.png,2234,0.006817626953125
000124_20260226_034127,exported,20260226_034127.tiff,2026-02-26 03:41:27,147.66187363834425,00:02:27.662,4430,raw/thermal/20260226_034127.tiff,processed/aligned/000124_20260226_034127/thermal.tiff,processed/aligned/000124_20260226_034127/thermal.png,processed/aligned/000124_20260226_034127/video.png,processed/aligned/000124_20260226_034127/overlay.png,0.3865799829363823,0.2803680419921875,0.454498291015625,processed/aligned/000124_20260226_034127/mask_80c.png,7979,0.0243499755859375
000125_20260226_034128,exported,20260226_034128.tiff,2026-02-26 03:41:28,148.66296296296295,00:02:28.663,4460,raw/thermal/20260226_034128.tiff,processed/aligned/000125_20260226_034128/thermal.tiff,processed/aligned/000125_20260226_034128/thermal.png,processed/aligned/000125_20260226_034128/video.png,processed/aligned/000125_20260226_034128/overlay.png,0.38232916593551636,0.275177001953125,0.4386810302734375,processed/aligned/000125_20260226_034128/mask_80c.png,9581,0.0292388916015625
000126_20260226_034129,exported,20260226_034129.tiff,2026-02-26 03:41:29,149.6640522875817,00:02:29.664,4490,raw/thermal/20260226_034129.tiff,processed/aligned/000126_20260226_034129/thermal.tiff,processed/aligned/000126_20260226_034129/thermal.png,processed/aligned/000126_20260226_034129/video.png,processed/aligned/000126_20260226_034129/overlay.png,0.369662307202816,0.27054443359375,0.3818603515625,processed/aligned/000126_20260226_034129/mask_80c.png,10702,0.032659912109375
000127_20260226_034130,exported,20260226_034130.tiff,2026-02-26 03:41:30,150.66514161220042,00:02:30.665,4520,raw/thermal/20260226_034130.tiff,processed/aligned/000127_20260226_034130/thermal.tiff,processed/aligned/000127_20260226_034130/thermal.png,processed/aligned/000127_20260226_034130/video.png,processed/aligned/000127_20260226_034130/overlay.png,0.3572302684187889,0.2598663330078125,0.340020751953125,processed/aligned/000127_20260226_034130/mask_80c.png,10801,0.0329620361328125
000128_20260226_034131,exported,20260226_034131.tiff,2026-02-26 03:41:31,151.66623093681918,00:02:31.666,4550,raw/thermal/20260226_034131.tiff,processed/aligned/000128_20260226_034131/thermal.tiff,processed/aligned/000128_20260226_034131/thermal.png,processed/aligned/000128_20260226_034131/video.png,processed/aligned/000128_20260226_034131/overlay.png,0.3670802637934685,0.2758514404296875,0.333447265625,processed/aligned/000128_20260226_034131/mask_80c.png,11475,0.0350189208984375
000129_20260226_034132,exported,20260226_034132.tiff,2026-02-26 03:41:32,152.6673202614379,00:02:32.667,4580,raw/thermal/20260226_034132.tiff,processed/aligned/000129_20260226_034132/thermal.tiff,processed/aligned/000129_20260226_034132/thermal.png,processed/aligned/000129_20260226_034132/video.png,processed/aligned/000129_20260226_034132/overlay.png,0.3311377316713333,0.272705078125,0.3024200439453125,processed/aligned/000129_20260226_034132/mask_80c.png,11862,0.036199951171875
000130_20260226_034133,exported,20260226_034133.tiff,2026-02-26 03:41:33,153.66840958605664,00:02:33.668,4610,raw/thermal/20260226_034133.tiff,processed/aligned/000130_20260226_034133/thermal.tiff,processed/aligned/000130_20260226_034133/thermal.png,processed/aligned/000130_20260226_034133/video.png,processed/aligned/000130_20260226_034133/overlay.png,0.33529020100831985,0.2792938232421875,0.3287567138671875,processed/aligned/000130_20260226_034133/mask_80c.png,12968,0.0395751953125
000131_20260226_034134,exported,20260226_034134.tiff,2026-02-26 03:41:34,154.66949891067537,00:02:34.669,4640,raw/thermal/20260226_034134.tiff,processed/aligned/000131_20260226_034134/thermal.tiff,processed/aligned/000131_20260226_034134/thermal.png,processed/aligned/000131_20260226_034134/video.png,processed/aligned/000131_20260226_034134/overlay.png,0.35235124826431274,0.248876953125,0.3883026123046875,processed/aligned/000131_20260226_034134/mask_80c.png,12989,0.0396392822265625
000132_20260226_034135,exported,20260226_034135.tiff,2026-02-26 03:41:35,155.6705882352941,00:02:35.671,4670,raw/thermal/20260226_034135.tiff,processed/aligned/000132_20260226_034135/thermal.tiff,processed/aligned/000132_20260226_034135/thermal.png,processed/aligned/000132_20260226_034135/video.png,processed/aligned/000132_20260226_034135/overlay.png,0.38732414692640305,0.2800048828125,0.49287109375,processed/aligned/000132_20260226_034135/mask_80c.png,11696,0.035693359375
000133_20260226_034136,exported,20260226_034136.tiff,2026-02-26 03:41:36,156.67167755991287,00:02:36.672,4700,raw/thermal/20260226_034136.tiff,processed/aligned/000133_20260226_034136/thermal.tiff,processed/aligned/000133_20260226_034136/thermal.png,processed/aligned/000133_20260226_034136/video.png,processed/aligned/000133_20260226_034136/overlay.png,0.4016163572669029,0.2635986328125,0.5071563720703125,processed/aligned/000133_20260226_034136/mask_80c.png,4505,0.0137481689453125
000134_20260226_034137,exported,20260226_034137.tiff,2026-02-26 03:41:37,157.6727668845316,00:02:37.673,4730,raw/thermal/20260226_034137.tiff,processed/aligned/000134_20260226_034137/thermal.tiff,processed/aligned/000134_20260226_034137/thermal.png,processed/aligned/000134_20260226_034137/video.png,processed/aligned/000134_20260226_034137/overlay.png,0.4141019359230995,0.25064697265625,0.5168212890625,processed/aligned/000134_20260226_034137/mask_80c.png,1908,0.00582275390625
000135_20260226_034138,exported,20260226_034138.tiff,2026-02-26 03:41:38,158.67385620915033,00:02:38.674,4760,raw/thermal/20260226_034138.tiff,processed/aligned/000135_20260226_034138/thermal.tiff,processed/aligned/000135_20260226_034138/thermal.png,processed/aligned/000135_20260226_034138/video.png,processed/aligned/000135_20260226_034138/overlay.png,0.4031990170478821,0.2394683837890625,0.4918304443359375,processed/aligned/000135_20260226_034138/mask_80c.png,1250,0.003814697265625
000136_20260226_034139,exported,20260226_034139.tiff,2026-02-26 03:41:39,159.67494553376906,00:02:39.675,4790,raw/thermal/20260226_034139.tiff,processed/aligned/000136_20260226_034139/thermal.tiff,processed/aligned/000136_20260226_034139/thermal.png,processed/aligned/000136_20260226_034139/video.png,processed/aligned/000136_20260226_034139/overlay.png,0.4160136505961418,0.2418182373046875,0.5239593505859375,processed/aligned/000136_20260226_034139/mask_80c.png,2219,0.0067718505859375
000137_20260226_034140,exported,20260226_034140.tiff,2026-02-26 03:41:40,160.6760348583878,00:02:40.676,4820,raw/thermal/20260226_034140.tiff,processed/aligned/000137_20260226_034140/thermal.tiff,processed/aligned/000137_20260226_034140/thermal.png,processed/aligned/000137_20260226_034140/video.png,processed/aligned/000137_20260226_034140/overlay.png,0.41707660257816315,0.25516357421875,0.5186553955078125,processed/aligned/000137_20260226_034140/mask_80c.png,2270,0.006927490234375
000138_20260226_034141,exported,20260226_034141.tiff,2026-02-26 03:41:41,161.67712418300653,00:02:41.677,4850,raw/thermal/20260226_034141.tiff,processed/aligned/000138_20260226_034141/thermal.tiff,processed/aligned/000138_20260226_034141/thermal.png,processed/aligned/000138_20260226_034141/video.png,processed/aligned/000138_20260226_034141/overlay.png,0.4443276524543762,0.2954193115234375,0.5246978759765625,processed/aligned/000138_20260226_034141/mask_80c.png,2355,0.0071868896484375
000139_20260226_034142,exported,20260226_034142.tiff,2026-02-26 03:41:42,162.67821350762526,00:02:42.678,4880,raw/thermal/20260226_034142.tiff,processed/aligned/000139_20260226_034142/thermal.tiff,processed/aligned/000139_20260226_034142/thermal.png,processed/aligned/000139_20260226_034142/video.png,processed/aligned/000139_20260226_034142/overlay.png,0.4179619625210762,0.2474151611328125,0.4843597412109375,processed/aligned/000139_20260226_034142/mask_80c.png,886,0.002703857421875
000140_20260226_034143,exported,20260226_034143.tiff,2026-02-26 03:41:43,163.67930283224402,00:02:43.679,4910,raw/thermal/20260226_034143.tiff,processed/aligned/000140_20260226_034143/thermal.tiff,processed/aligned/000140_20260226_034143/thermal.png,processed/aligned/000140_20260226_034143/video.png,processed/aligned/000140_20260226_034143/overlay.png,0.4286678731441498,0.3268798828125,0.43714599609375,processed/aligned/000140_20260226_034143/mask_80c.png,604,0.00184326171875
000141_20260226_034144,exported,20260226_034144.tiff,2026-02-26 03:41:44,164.68039215686275,00:02:44.680,4940,raw/thermal/20260226_034144.tiff,processed/aligned/000141_20260226_034144/thermal.tiff,processed/aligned/000141_20260226_034144/thermal.png,processed/aligned/000141_20260226_034144/video.png,processed/aligned/000141_20260226_034144/overlay.png,0.40319106727838516,0.27137451171875,0.4176177978515625,processed/aligned/000141_20260226_034144/mask_80c.png,1409,0.0042999267578125
000142_20260226_034145,exported,20260226_034145.tiff,2026-02-26 03:41:45,165.68148148148148,00:02:45.681,4970,raw/thermal/20260226_034145.tiff,processed/aligned/000142_20260226_034145/thermal.tiff,processed/aligned/000142_20260226_034145/thermal.png,processed/aligned/000142_20260226_034145/video.png,processed/aligned/000142_20260226_034145/overlay.png,0.4289734587073326,0.303155517578125,0.4504486083984375,processed/aligned/000142_20260226_034145/mask_80c.png,1071,0.0032684326171875
000143_20260226_034146,exported,20260226_034146.tiff,2026-02-26 03:41:46,166.68257080610022,00:02:46.683,5000,raw/thermal/20260226_034146.tiff,processed/aligned/000143_20260226_034146/thermal.tiff,processed/aligned/000143_20260226_034146/thermal.png,processed/aligned/000143_20260226_034146/video.png,processed/aligned/000143_20260226_034146/overlay.png,0.43560558557510376,0.28785400390625,0.4784515380859375,processed/aligned/000143_20260226_034146/mask_80c.png,1679,0.0051239013671875
000144_20260226_034147,exported,20260226_034147.tiff,2026-02-26 03:41:47,167.68366013071895,00:02:47.684,5031,raw/thermal/20260226_034147.tiff,processed/aligned/000144_20260226_034147/thermal.tiff,processed/aligned/000144_20260226_034147/thermal.png,processed/aligned/000144_20260226_034147/video.png,processed/aligned/000144_20260226_034147/overlay.png,0.40693528205156326,0.2515838623046875,0.465521240234375,processed/aligned/000144_20260226_034147/mask_80c.png,2184,0.0066650390625
000145_20260226_034148,exported,20260226_034148.tiff,2026-02-26 03:41:48,168.68474945533768,00:02:48.685,5061,raw/thermal/20260226_034148.tiff,processed/aligned/000145_20260226_034148/thermal.tiff,processed/aligned/000145_20260226_034148/thermal.png,processed/aligned/000145_20260226_034148/video.png,processed/aligned/000145_20260226_034148/overlay.png,0.466270349919796,0.309564208984375,0.5644622802734375,processed/aligned/000145_20260226_034148/mask_80c.png,2622,0.008001708984375
000146_20260226_034149,exported,20260226_034149.tiff,2026-02-26 03:41:49,169.68583877995644,00:02:49.686,5091,raw/thermal/20260226_034149.tiff,processed/aligned/000146_20260226_034149/thermal.tiff,processed/aligned/000146_20260226_034149/thermal.png,processed/aligned/000146_20260226_034149/video.png,processed/aligned/000146_20260226_034149/overlay.png,0.4758637920022011,0.331048583984375,0.5154022216796875,processed/aligned/000146_20260226_034149/mask_80c.png,2358,0.007196044921875
000147_20260226_034150,exported,20260226_034150.tiff,2026-02-26 03:41:50,170.68692810457517,00:02:50.687,5121,raw/thermal/20260226_034150.tiff,processed/aligned/000147_20260226_034150/thermal.tiff,processed/aligned/000147_20260226_034150/thermal.png,processed/aligned/000147_20260226_034150/video.png,processed/aligned/000147_20260226_034150/overlay.png,0.4274304136633873,0.252520751953125,0.544000244140625,processed/aligned/000147_20260226_034150/mask_80c.png,1654,0.005047607421875
000148_20260226_034151,exported,20260226_034151.tiff,2026-02-26 03:41:51,171.6880174291939,00:02:51.688,5151,raw/thermal/20260226_034151.tiff,processed/aligned/000148_20260226_034151/thermal.tiff,processed/aligned/000148_20260226_034151/thermal.png,processed/aligned/000148_20260226_034151/video.png,processed/aligned/000148_20260226_034151/overlay.png,0.3805687502026558,0.2071319580078125,0.5224273681640625,processed/aligned/000148_20260226_034151/mask_80c.png,512,0.0015625
000149_20260226_034152,exported,20260226_034152.tiff,2026-02-26 03:41:52,172.68910675381264,00:02:52.689,5181,raw/thermal/20260226_034152.tiff,processed/aligned/000149_20260226_034152/thermal.tiff,processed/aligned/000149_20260226_034152/thermal.png,processed/aligned/000149_20260226_034152/video.png,processed/aligned/000149_20260226_034152/overlay.png,0.3811045140028,0.2204071044921875,0.5026123046875,processed/aligned/000149_20260226_034152/mask_80c.png,1284,0.00391845703125
000150_20260226_034153,exported,20260226_034153.tiff,2026-02-26 03:41:53,173.69019607843137,00:02:53.690,5211,raw/thermal/20260226_034153.tiff,processed/aligned/000150_20260226_034153/thermal.tiff,processed/aligned/000150_20260226_034153/thermal.png,processed/aligned/000150_20260226_034153/video.png,processed/aligned/000150_20260226_034153/overlay.png,0.41517794877290726,0.2573974609375,0.4769195556640625,processed/aligned/000150_20260226_034153/mask_80c.png,2156,0.00657958984375
000151_20260226_034154,exported,20260226_034154.tiff,2026-02-26 03:41:54,174.6912854030501,00:02:54.691,5241,raw/thermal/20260226_034154.tiff,processed/aligned/000151_20260226_034154/thermal.tiff,processed/aligned/000151_20260226_034154/thermal.png,processed/aligned/000151_20260226_034154/video.png,processed/aligned/000151_20260226_034154/overlay.png,0.40934430062770844,0.24014892578125,0.48775634765625,processed/aligned/000151_20260226_034154/mask_80c.png,1194,0.003643798828125
000152_20260226_034155,exported,20260226_034155.tiff,2026-02-26 03:41:55,175.69237472766883,00:02:55.692,5271,raw/thermal/20260226_034155.tiff,processed/aligned/000152_20260226_034155/thermal.tiff,processed/aligned/000152_20260226_034155/thermal.png,processed/aligned/000152_20260226_034155/video.png,processed/aligned/000152_20260226_034155/overlay.png,0.37173891067504883,0.2059783935546875,0.4591705322265625,processed/aligned/000152_20260226_034155/mask_80c.png,864,0.00263671875
000153_20260226_034156,exported,20260226_034156.tiff,2026-02-26 03:41:56,176.6934640522876,00:02:56.693,5301,raw/thermal/20260226_034156.tiff,processed/aligned/000153_20260226_034156/thermal.tiff,processed/aligned/000153_20260226_034156/thermal.png,processed/aligned/000153_20260226_034156/video.png,processed/aligned/000153_20260226_034156/overlay.png,0.33250489830970764,0.147882080078125,0.4443603515625,processed/aligned/000153_20260226_034156/mask_80c.png,284,0.00086669921875
000154_20260226_034157,exported,20260226_034157.tiff,2026-02-26 03:41:57,177.69455337690633,00:02:57.695,5331,raw/thermal/20260226_034157.tiff,processed/aligned/000154_20260226_034157/thermal.tiff,processed/aligned/000154_20260226_034157/thermal.png,processed/aligned/000154_20260226_034157/video.png,processed/aligned/000154_20260226_034157/overlay.png,0.3579804375767708,0.183270263671875,0.4525054931640625,processed/aligned/000154_20260226_034157/mask_80c.png,466,0.001422119140625
000155_20260226_034158,exported,20260226_034158.tiff,2026-02-26 03:41:58,178.69564270152506,00:02:58.696,5361,raw/thermal/20260226_034158.tiff,processed/aligned/000155_20260226_034158/thermal.tiff,processed/aligned/000155_20260226_034158/thermal.png,processed/aligned/000155_20260226_034158/video.png,processed/aligned/000155_20260226_034158/overlay.png,0.341448113322258,0.1647125244140625,0.437677001953125,processed/aligned/000155_20260226_034158/mask_80c.png,634,0.001934814453125
000156_20260226_034159,exported,20260226_034159.tiff,2026-02-26 03:41:59,179.6967320261438,00:02:59.697,5391,raw/thermal/20260226_034159.tiff,processed/aligned/000156_20260226_034159/thermal.tiff,processed/aligned/000156_20260226_034159/thermal.png,processed/aligned/000156_20260226_034159/video.png,processed/aligned/000156_20260226_034159/overlay.png,0.3802243396639824,0.20931396484375,0.4772369384765625,processed/aligned/000156_20260226_034159/mask_80c.png,2097,0.0063995361328125
000157_20260226_034200,exported,20260226_034200.tiff,2026-02-26 03:42:00,180.69782135076252,00:03:00.698,5421,raw/thermal/20260226_034200.tiff,processed/aligned/000157_20260226_034200/thermal.tiff,processed/aligned/000157_20260226_034200/thermal.png,processed/aligned/000157_20260226_034200/video.png,processed/aligned/000157_20260226_034200/overlay.png,0.36608072370290756,0.1820526123046875,0.5053497314453125,processed/aligned/000157_20260226_034200/mask_80c.png,2849,0.0086944580078125
000158_20260226_034201,exported,20260226_034201.tiff,2026-02-26 03:42:01,181.69891067538126,00:03:01.699,5451,raw/thermal/20260226_034201.tiff,processed/aligned/000158_20260226_034201/thermal.tiff,processed/aligned/000158_20260226_034201/thermal.png,processed/aligned/000158_20260226_034201/video.png,processed/aligned/000158_20260226_034201/overlay.png,0.3803767189383507,0.210601806640625,0.4687713623046875,processed/aligned/000158_20260226_034201/mask_80c.png,3515,0.0107269287109375
000159_20260226_034202,exported,20260226_034202.tiff,2026-02-26 03:42:02,182.7,00:03:02.700,5481,raw/thermal/20260226_034202.tiff,processed/aligned/000159_20260226_034202/thermal.tiff,processed/aligned/000159_20260226_034202/thermal.png,processed/aligned/000159_20260226_034202/video.png,processed/aligned/000159_20260226_034202/overlay.png,0.3915124759078026,0.18419189453125,0.49635009765625,processed/aligned/000159_20260226_034202/mask_80c.png,2420,0.00738525390625
000160_20260226_034203,exported,20260226_034203.tiff,2026-02-26 03:42:03,183.70108932461875,00:03:03.701,5511,raw/thermal/20260226_034203.tiff,processed/aligned/000160_20260226_034203/thermal.tiff,processed/aligned/000160_20260226_034203/thermal.png,processed/aligned/000160_20260226_034203/video.png,processed/aligned/000160_20260226_034203/overlay.png,0.3657156750559807,0.213787841796875,0.4758331298828125,processed/aligned/000160_20260226_034203/mask_80c.png,3047,0.0092987060546875
000161_20260226_034204,exported,20260226_034204.tiff,2026-02-26 03:42:04,184.70217864923748,00:03:04.702,5541,raw/thermal/20260226_034204.tiff,processed/aligned/000161_20260226_034204/thermal.tiff,processed/aligned/000161_20260226_034204/thermal.png,processed/aligned/000161_20260226_034204/video.png,processed/aligned/000161_20260226_034204/overlay.png,0.36960454285144806,0.2449737548828125,0.40718994140625,processed/aligned/000161_20260226_034204/mask_80c.png,5397,0.0164703369140625
000162_20260226_034205,exported,20260226_034205.tiff,2026-02-26 03:42:05,185.7032679738562,00:03:05.703,5571,raw/thermal/20260226_034205.tiff,processed/aligned/000162_20260226_034205/thermal.tiff,processed/aligned/000162_20260226_034205/thermal.png,processed/aligned/000162_20260226_034205/video.png,processed/aligned/000162_20260226_034205/overlay.png,0.2840888723731041,0.22843017578125,0.2054168701171875,processed/aligned/000162_20260226_034205/mask_80c.png,5514,0.016827392578125
000163_20260226_034206,exported,20260226_034206.tiff,2026-02-26 03:42:06,186.70435729847495,00:03:06.704,5601,raw/thermal/20260226_034206.tiff,processed/aligned/000163_20260226_034206/thermal.tiff,processed/aligned/000163_20260226_034206/thermal.png,processed/aligned/000163_20260226_034206/video.png,processed/aligned/000163_20260226_034206/overlay.png,0.37745363265275955,0.263580322265625,0.4169464111328125,processed/aligned/000163_20260226_034206/mask_80c.png,5642,0.017218017578125
000164_20260226_034207,exported,20260226_034207.tiff,2026-02-26 03:42:07,187.70544662309368,00:03:07.705,5631,raw/thermal/20260226_034207.tiff,processed/aligned/000164_20260226_034207/thermal.tiff,processed/aligned/000164_20260226_034207/thermal.png,processed/aligned/000164_20260226_034207/video.png,processed/aligned/000164_20260226_034207/overlay.png,0.3643730506300926,0.2585357666015625,0.370855712890625,processed/aligned/000164_20260226_034207/mask_80c.png,9866,0.030108642578125
000165_20260226_034208,exported,20260226_034208.tiff,2026-02-26 03:42:08,188.7065359477124,00:03:08.707,5661,raw/thermal/20260226_034208.tiff,processed/aligned/000165_20260226_034208/thermal.tiff,processed/aligned/000165_20260226_034208/thermal.png,processed/aligned/000165_20260226_034208/video.png,processed/aligned/000165_20260226_034208/overlay.png,0.3357313647866249,0.2311981201171875,0.32105712890625,processed/aligned/000165_20260226_034208/mask_80c.png,8813,0.0268951416015625
000166_20260226_034209,exported,20260226_034209.tiff,2026-02-26 03:42:09,189.70762527233114,00:03:09.708,5691,raw/thermal/20260226_034209.tiff,processed/aligned/000166_20260226_034209/thermal.tiff,processed/aligned/000166_20260226_034209/thermal.png,processed/aligned/000166_20260226_034209/video.png,processed/aligned/000166_20260226_034209/overlay.png,0.3205501511693001,0.2055389404296875,0.3060455322265625,processed/aligned/000166_20260226_034209/mask_80c.png,8866,0.027056884765625
000167_20260226_034210,exported,20260226_034210.tiff,2026-02-26 03:42:10,190.7087145969499,00:03:10.709,5721,raw/thermal/20260226_034210.tiff,processed/aligned/000167_20260226_034210/thermal.tiff,processed/aligned/000167_20260226_034210/thermal.png,processed/aligned/000167_20260226_034210/video.png,processed/aligned/000167_20260226_034210/overlay.png,0.3544439896941185,0.258544921875,0.3373504638671875,processed/aligned/000167_20260226_034210/mask_80c.png,10631,0.0324432373046875
000168_20260226_034211,exported,20260226_034211.tiff,2026-02-26 03:42:11,191.70980392156864,00:03:11.710,5751,raw/thermal/20260226_034211.tiff,processed/aligned/000168_20260226_034211/thermal.tiff,processed/aligned/000168_20260226_034211/thermal.png,processed/aligned/000168_20260226_034211/video.png,processed/aligned/000168_20260226_034211/overlay.png,0.3437800630927086,0.272357177734375,0.365020751953125,processed/aligned/000168_20260226_034211/mask_80c.png,8430,0.025726318359375
000169_20260226_034212,exported,20260226_034212.tiff,2026-02-26 03:42:12,192.71089324618737,00:03:12.711,5781,raw/thermal/20260226_034212.tiff,processed/aligned/000169_20260226_034212/thermal.tiff,processed/aligned/000169_20260226_034212/thermal.png,processed/aligned/000169_20260226_034212/video.png,processed/aligned/000169_20260226_034212/overlay.png,0.3639941066503525,0.2843719482421875,0.4183746337890625,processed/aligned/000169_20260226_034212/mask_80c.png,6661,0.0203277587890625
000170_20260226_034213,exported,20260226_034213.tiff,2026-02-26 03:42:13,193.7119825708061,00:03:13.712,5811,raw/thermal/20260226_034213.tiff,processed/aligned/000170_20260226_034213/thermal.tiff,processed/aligned/000170_20260226_034213/thermal.png,processed/aligned/000170_20260226_034213/video.png,processed/aligned/000170_20260226_034213/overlay.png,0.39215783029794693,0.2848785400390625,0.414593505859375,processed/aligned/000170_20260226_034213/mask_80c.png,4836,0.01475830078125
000171_20260226_034214,exported,20260226_034214.tiff,2026-02-26 03:42:14,194.71307189542483,00:03:14.713,5841,raw/thermal/20260226_034214.tiff,processed/aligned/000171_20260226_034214/thermal.tiff,processed/aligned/000171_20260226_034214/thermal.png,processed/aligned/000171_20260226_034214/video.png,processed/aligned/000171_20260226_034214/overlay.png,0.38380052894353867,0.27667236328125,0.41097412109375,processed/aligned/000171_20260226_034214/mask_80c.png,3390,0.010345458984375
000172_20260226_034215,exported,20260226_034215.tiff,2026-02-26 03:42:15,195.71416122004356,00:03:15.714,5871,raw/thermal/20260226_034215.tiff,processed/aligned/000172_20260226_034215/thermal.tiff,processed/aligned/000172_20260226_034215/thermal.png,processed/aligned/000172_20260226_034215/video.png,processed/aligned/000172_20260226_034215/overlay.png,0.33047495037317276,0.225933837890625,0.451922607421875,processed/aligned/000172_20260226_034215/mask_80c.png,3831,0.0116912841796875
000173_20260226_034216,exported,20260226_034216.tiff,2026-02-26 03:42:16,196.71525054466233,00:03:16.715,5901,raw/thermal/20260226_034216.tiff,processed/aligned/000173_20260226_034216/thermal.tiff,processed/aligned/000173_20260226_034216/thermal.png,processed/aligned/000173_20260226_034216/video.png,processed/aligned/000173_20260226_034216/overlay.png,0.3569745272397995,0.237139892578125,0.478857421875,processed/aligned/000173_20260226_034216/mask_80c.png,2688,0.008203125
000174_20260226_034217,exported,20260226_034217.tiff,2026-02-26 03:42:17,197.71633986928106,00:03:17.716,5931,raw/thermal/20260226_034217.tiff,processed/aligned/000174_20260226_034217/thermal.tiff,processed/aligned/000174_20260226_034217/thermal.png,processed/aligned/000174_20260226_034217/video.png,processed/aligned/000174_20260226_034217/overlay.png,0.3270432651042938,0.1969482421875,0.4808685302734375,processed/aligned/000174_20260226_034217/mask_80c.png,1676,0.00511474609375
000175_20260226_034218,exported,20260226_034218.tiff,2026-02-26 03:42:18,198.7174291938998,00:03:18.717,5962,raw/thermal/20260226_034218.tiff,processed/aligned/000175_20260226_034218/thermal.tiff,processed/aligned/000175_20260226_034218/thermal.png,processed/aligned/000175_20260226_034218/video.png,processed/aligned/000175_20260226_034218/overlay.png,0.34811071306467056,0.199786376953125,0.54149169921875,processed/aligned/000175_20260226_034218/mask_80c.png,885,0.0027008056640625
000176_20260226_034219,exported,20260226_034219.tiff,2026-02-26 03:42:19,199.71851851851852,00:03:19.719,5992,raw/thermal/20260226_034219.tiff,processed/aligned/000176_20260226_034219/thermal.tiff,processed/aligned/000176_20260226_034219/thermal.png,processed/aligned/000176_20260226_034219/video.png,processed/aligned/000176_20260226_034219/overlay.png,0.36046113073825836,0.1189910888671875,0.631890869140625,processed/aligned/000176_20260226_034219/mask_80c.png,213,0.0006500244140625
000177_20260226_034220,exported,20260226_034220.tiff,2026-02-26 03:42:20,200.71960784313725,00:03:20.720,6022,raw/thermal/20260226_034220.tiff,processed/aligned/000177_20260226_034220/thermal.tiff,processed/aligned/000177_20260226_034220/thermal.png,processed/aligned/000177_20260226_034220/video.png,processed/aligned/000177_20260226_034220/overlay.png,0.42529093474149704,0.18621826171875,0.6825439453125,processed/aligned/000177_20260226_034220/mask_80c.png,281,0.0008575439453125
000178_20260226_034221,exported,20260226_034221.tiff,2026-02-26 03:42:21,201.720697167756,00:03:21.721,6052,raw/thermal/20260226_034221.tiff,processed/aligned/000178_20260226_034221/thermal.tiff,processed/aligned/000178_20260226_034221/thermal.png,processed/aligned/000178_20260226_034221/video.png,processed/aligned/000178_20260226_034221/overlay.png,0.4185139313340187,0.160101318359375,0.6991851806640625,processed/aligned/000178_20260226_034221/mask_80c.png,0,0.0
000179_20260226_034222,exported,20260226_034222.tiff,2026-02-26 03:42:22,202.72178649237472,00:03:22.722,6082,raw/thermal/20260226_034222.tiff,processed/aligned/000179_20260226_034222/thermal.tiff,processed/aligned/000179_20260226_034222/thermal.png,processed/aligned/000179_20260226_034222/video.png,processed/aligned/000179_20260226_034222/overlay.png,0.4470676779747009,0.2132415771484375,0.639910888671875,processed/aligned/000179_20260226_034222/mask_80c.png,0,0.0
000180_20260226_034223,exported,20260226_034223.tiff,2026-02-26 03:42:23,203.72287581699348,00:03:23.723,6112,raw/thermal/20260226_034223.tiff,processed/aligned/000180_20260226_034223/thermal.tiff,processed/aligned/000180_20260226_034223/thermal.png,processed/aligned/000180_20260226_034223/video.png,processed/aligned/000180_20260226_034223/overlay.png,0.4810668006539345,0.2530029296875,0.67412109375,processed/aligned/000180_20260226_034223/mask_80c.png,0,0.0
000181_20260226_034224,exported,20260226_034224.tiff,2026-02-26 03:42:24,204.7239651416122,00:03:24.724,6142,raw/thermal/20260226_034224.tiff,processed/aligned/000181_20260226_034224/thermal.tiff,processed/aligned/000181_20260226_034224/thermal.png,processed/aligned/000181_20260226_034224/video.png,processed/aligned/000181_20260226_034224/overlay.png,0.5279287770390511,0.3109375,0.715386962890625,processed/aligned/000181_20260226_034224/mask_80c.png,0,0.0
000182_20260226_034225,exported,20260226_034225.tiff,2026-02-26 03:42:25,205.72505446623094,00:03:25.725,6172,raw/thermal/20260226_034225.tiff,processed/aligned/000182_20260226_034225/thermal.tiff,processed/aligned/000182_20260226_034225/thermal.png,processed/aligned/000182_20260226_034225/video.png,processed/aligned/000182_20260226_034225/overlay.png,0.5564866811037064,0.361090087890625,0.74111328125,processed/aligned/000182_20260226_034225/mask_80c.png,0,0.0
000183_20260226_034226,exported,20260226_034226.tiff,2026-02-26 03:42:26,206.72614379084968,00:03:26.726,6202,raw/thermal/20260226_034226.tiff,processed/aligned/000183_20260226_034226/thermal.tiff,processed/aligned/000183_20260226_034226/thermal.png,processed/aligned/000183_20260226_034226/video.png,processed/aligned/000183_20260226_034226/overlay.png,0.5192365795373917,0.2858795166015625,0.74478759765625,processed/aligned/000183_20260226_034226/mask_80c.png,0,0.0
000184_20260226_034227,exported,20260226_034227.tiff,2026-02-26 03:42:27,207.7272331154684,00:03:27.727,6232,raw/thermal/20260226_034227.tiff,processed/aligned/000184_20260226_034227/thermal.tiff,processed/aligned/000184_20260226_034227/thermal.png,processed/aligned/000184_20260226_034227/video.png,processed/aligned/000184_20260226_034227/overlay.png,0.5293808728456497,0.314434814453125,0.7412933349609375,processed/aligned/000184_20260226_034227/mask_80c.png,0,0.0
000185_20260226_034228,exported,20260226_034228.tiff,2026-02-26 03:42:28,208.72832244008714,00:03:28.728,6262,raw/thermal/20260226_034228.tiff,processed/aligned/000185_20260226_034228/thermal.tiff,processed/aligned/000185_20260226_034228/thermal.png,processed/aligned/000185_20260226_034228/video.png,processed/aligned/000185_20260226_034228/overlay.png,0.5525740087032318,0.34420166015625,0.7173095703125,processed/aligned/000185_20260226_034228/mask_80c.png,0,0.0
000186_20260226_034229,exported,20260226_034229.tiff,2026-02-26 03:42:29,209.72941176470587,00:03:29.729,6292,raw/thermal/20260226_034229.tiff,processed/aligned/000186_20260226_034229/thermal.tiff,processed/aligned/000186_20260226_034229/thermal.png,processed/aligned/000186_20260226_034229/video.png,processed/aligned/000186_20260226_034229/overlay.png,0.514782540500164,0.2929107666015625,0.6996337890625,processed/aligned/000186_20260226_034229/mask_80c.png,2,6.103515625e-06
000187_20260226_034230,exported,20260226_034230.tiff,2026-02-26 03:42:30,210.73050108932463,00:03:30.731,6322,raw/thermal/20260226_034230.tiff,processed/aligned/000187_20260226_034230/thermal.tiff,processed/aligned/000187_20260226_034230/thermal.png,processed/aligned/000187_20260226_034230/video.png,processed/aligned/000187_20260226_034230/overlay.png,0.5085201784968376,0.271051025390625,0.715777587890625,processed/aligned/000187_20260226_034230/mask_80c.png,357,0.0010894775390625
000188_20260226_034231,exported,20260226_034231.tiff,2026-02-26 03:42:31,211.73159041394337,00:03:31.732,6352,raw/thermal/20260226_034231.tiff,processed/aligned/000188_20260226_034231/thermal.tiff,processed/aligned/000188_20260226_034231/thermal.png,processed/aligned/000188_20260226_034231/video.png,processed/aligned/000188_20260226_034231/overlay.png,0.5305302068591118,0.3031524658203125,0.7267364501953125,processed/aligned/000188_20260226_034231/mask_80c.png,435,0.0013275146484375
000189_20260226_034232,exported,20260226_034232.tiff,2026-02-26 03:42:32,212.7326797385621,00:03:32.733,6382,raw/thermal/20260226_034232.tiff,processed/aligned/000189_20260226_034232/thermal.tiff,processed/aligned/000189_20260226_034232/thermal.png,processed/aligned/000189_20260226_034232/video.png,processed/aligned/000189_20260226_034232/overlay.png,0.5136118680238724,0.27191162109375,0.7303955078125,processed/aligned/000189_20260226_034232/mask_80c.png,0,0.0
000190_20260226_034233,exported,20260226_034233.tiff,2026-02-26 03:42:33,213.73376906318083,00:03:33.734,6412,raw/thermal/20260226_034233.tiff,processed/aligned/000190_20260226_034233/thermal.tiff,processed/aligned/000190_20260226_034233/thermal.png,processed/aligned/000190_20260226_034233/video.png,processed/aligned/000190_20260226_034233/overlay.png,0.5051228553056717,0.2764984130859375,0.7329864501953125,processed/aligned/000190_20260226_034233/mask_80c.png,0,0.0
000191_20260226_034234,exported,20260226_034234.tiff,2026-02-26 03:42:34,214.73485838779956,00:03:34.735,6442,raw/thermal/20260226_034234.tiff,processed/aligned/000191_20260226_034234/thermal.tiff,processed/aligned/000191_20260226_034234/thermal.png,processed/aligned/000191_20260226_034234/video.png,processed/aligned/000191_20260226_034234/overlay.png,0.4821431040763855,0.2585418701171875,0.6866546630859375,processed/aligned/000191_20260226_034234/mask_80c.png,0,0.0
000192_20260226_034235,exported,20260226_034235.tiff,2026-02-26 03:42:35,215.7359477124183,00:03:35.736,6472,raw/thermal/20260226_034235.tiff,processed/aligned/000192_20260226_034235/thermal.tiff,processed/aligned/000192_20260226_034235/thermal.png,processed/aligned/000192_20260226_034235/video.png,processed/aligned/000192_20260226_034235/overlay.png,0.4993242621421814,0.2777252197265625,0.699139404296875,processed/aligned/000192_20260226_034235/mask_80c.png,0,0.0
000193_20260226_034236,exported,20260226_034236.tiff,2026-02-26 03:42:36,216.73703703703703,00:03:36.737,6502,raw/thermal/20260226_034236.tiff,processed/aligned/000193_20260226_034236/thermal.tiff,processed/aligned/000193_20260226_034236/thermal.png,processed/aligned/000193_20260226_034236/video.png,processed/aligned/000193_20260226_034236/overlay.png,0.49026167392730713,0.285888671875,0.6614013671875,processed/aligned/000193_20260226_034236/mask_80c.png,0,0.0
000194_20260226_034237,exported,20260226_034237.tiff,2026-02-26 03:42:37,217.7381263616558,00:03:37.738,6532,raw/thermal/20260226_034237.tiff,processed/aligned/000194_20260226_034237/thermal.tiff,processed/aligned/000194_20260226_034237/thermal.png,processed/aligned/000194_20260226_034237/video.png,processed/aligned/000194_20260226_034237/overlay.png,0.4959677904844284,0.2598541259765625,0.7277984619140625,processed/aligned/000194_20260226_034237/mask_80c.png,0,0.0
000195_20260226_034238,exported,20260226_034238.tiff,2026-02-26 03:42:38,218.73921568627452,00:03:38.739,6562,raw/thermal/20260226_034238.tiff,processed/aligned/000195_20260226_034238/thermal.tiff,processed/aligned/000195_20260226_034238/thermal.png,processed/aligned/000195_20260226_034238/video.png,processed/aligned/000195_20260226_034238/overlay.png,0.5268588066101074,0.313714599609375,0.7367889404296875,processed/aligned/000195_20260226_034238/mask_80c.png,0,0.0
000196_20260226_034239,exported,20260226_034239.tiff,2026-02-26 03:42:39,219.74030501089325,00:03:39.740,6592,raw/thermal/20260226_034239.tiff,processed/aligned/000196_20260226_034239/thermal.tiff,processed/aligned/000196_20260226_034239/thermal.png,processed/aligned/000196_20260226_034239/video.png,processed/aligned/000196_20260226_034239/overlay.png,0.5150965750217438,0.2916107177734375,0.729132080078125,processed/aligned/000196_20260226_034239/mask_80c.png,0,0.0
000197_20260226_034240,exported,20260226_034240.tiff,2026-02-26 03:42:40,220.74139433551198,00:03:40.741,6622,raw/thermal/20260226_034240.tiff,processed/aligned/000197_20260226_034240/thermal.tiff,processed/aligned/000197_20260226_034240/thermal.png,processed/aligned/000197_20260226_034240/video.png,processed/aligned/000197_20260226_034240/overlay.png,0.5072130933403969,0.27489013671875,0.7199005126953125,processed/aligned/000197_20260226_034240/mask_80c.png,0,0.0
000198_20260226_034241,exported,20260226_034241.tiff,2026-02-26 03:42:41,221.74248366013072,00:03:41.742,6652,raw/thermal/20260226_034241.tiff,processed/aligned/000198_20260226_034241/thermal.tiff,processed/aligned/000198_20260226_034241/thermal.png,processed/aligned/000198_20260226_034241/video.png,processed/aligned/000198_20260226_034241/overlay.png,0.5296397656202316,0.3156097412109375,0.727459716796875,processed/aligned/000198_20260226_034241/mask_80c.png,0,0.0
000199_20260226_034242,exported,20260226_034242.tiff,2026-02-26 03:42:42,222.74357298474945,00:03:42.744,6682,raw/thermal/20260226_034242.tiff,processed/aligned/000199_20260226_034242/thermal.tiff,processed/aligned/000199_20260226_034242/thermal.png,processed/aligned/000199_20260226_034242/video.png,processed/aligned/000199_20260226_034242/overlay.png,0.5748289227485657,0.4150299072265625,0.7224639892578125,processed/aligned/000199_20260226_034242/mask_80c.png,0,0.0
000200_20260226_034243,exported,20260226_034243.tiff,2026-02-26 03:42:43,223.7446623093682,00:03:43.745,6712,raw/thermal/20260226_034243.tiff,processed/aligned/000200_20260226_034243/thermal.tiff,processed/aligned/000200_20260226_034243/thermal.png,processed/aligned/000200_20260226_034243/video.png,processed/aligned/000200_20260226_034243/overlay.png,0.49027328938245773,0.2492889404296875,0.7134246826171875,processed/aligned/000200_20260226_034243/mask_80c.png,0,0.0
000201_20260226_034244,exported,20260226_034244.tiff,2026-02-26 03:42:44,224.74575163398694,00:03:44.746,6742,raw/thermal/20260226_034244.tiff,processed/aligned/000201_20260226_034244/thermal.tiff,processed/aligned/000201_20260226_034244/thermal.png,processed/aligned/000201_20260226_034244/video.png,processed/aligned/000201_20260226_034244/overlay.png,0.5242266282439232,0.3116851806640625,0.7150299072265625,processed/aligned/000201_20260226_034244/mask_80c.png,0,0.0
000202_20260226_034245,exported,20260226_034245.tiff,2026-02-26 03:42:45,225.74684095860567,00:03:45.747,6772,raw/thermal/20260226_034245.tiff,processed/aligned/000202_20260226_034245/thermal.tiff,processed/aligned/000202_20260226_034245/thermal.png,processed/aligned/000202_20260226_034245/video.png,processed/aligned/000202_20260226_034245/overlay.png,0.5028018727898598,0.2721710205078125,0.7206085205078125,processed/aligned/000202_20260226_034245/mask_80c.png,0,0.0
000203_20260226_034246,exported,20260226_034246.tiff,2026-02-26 03:42:46,226.7479302832244,00:03:46.748,6802,raw/thermal/20260226_034246.tiff,processed/aligned/000203_20260226_034246/thermal.tiff,processed/aligned/000203_20260226_034246/thermal.png,processed/aligned/000203_20260226_034246/video.png,processed/aligned/000203_20260226_034246/overlay.png,0.5404485166072845,0.335107421875,0.7291015625,processed/aligned/000203_20260226_034246/mask_80c.png,0,0.0
000204_20260226_034247,exported,20260226_034247.tiff,2026-02-26 03:42:47,227.74901960784314,00:03:47.749,6832,raw/thermal/20260226_034247.tiff,processed/aligned/000204_20260226_034247/thermal.tiff,processed/aligned/000204_20260226_034247/thermal.png,processed/aligned/000204_20260226_034247/video.png,processed/aligned/000204_20260226_034247/overlay.png,0.5670678913593292,0.386822509765625,0.7326416015625,processed/aligned/000204_20260226_034247/mask_80c.png,0,0.0
000205_20260226_034248,exported,20260226_034248.tiff,2026-02-26 03:42:48,228.75010893246187,00:03:48.750,6863,raw/thermal/20260226_034248.tiff,processed/aligned/000205_20260226_034248/thermal.tiff,processed/aligned/000205_20260226_034248/thermal.png,processed/aligned/000205_20260226_034248/video.png,processed/aligned/000205_20260226_034248/overlay.png,0.5383215472102165,0.3311767578125,0.7317291259765625,processed/aligned/000205_20260226_034248/mask_80c.png,0,0.0
000206_20260226_034249,exported,20260226_034249.tiff,2026-02-26 03:42:49,229.7511982570806,00:03:49.751,6893,raw/thermal/20260226_034249.tiff,processed/aligned/000206_20260226_034249/thermal.tiff,processed/aligned/000206_20260226_034249/thermal.png,processed/aligned/000206_20260226_034249/video.png,processed/aligned/000206_20260226_034249/overlay.png,0.5266676098108292,0.2984161376953125,0.735076904296875,processed/aligned/000206_20260226_034249/mask_80c.png,33,0.0001007080078125
000207_20260226_034250,exported,20260226_034250.tiff,2026-02-26 03:42:50,230.75228758169936,00:03:50.752,6923,raw/thermal/20260226_034250.tiff,processed/aligned/000207_20260226_034250/thermal.tiff,processed/aligned/000207_20260226_034250/thermal.png,processed/aligned/000207_20260226_034250/video.png,processed/aligned/000207_20260226_034250/overlay.png,0.46455755829811096,0.2170013427734375,0.751287841796875,processed/aligned/000207_20260226_034250/mask_80c.png,2036,0.00621337890625
000208_20260226_034251,exported,20260226_034251.tiff,2026-02-26 03:42:51,231.7533769063181,00:03:51.753,6953,raw/thermal/20260226_034251.tiff,processed/aligned/000208_20260226_034251/thermal.tiff,processed/aligned/000208_20260226_034251/thermal.png,processed/aligned/000208_20260226_034251/video.png,processed/aligned/000208_20260226_034251/overlay.png,0.4776603505015373,0.2579010009765625,0.7252593994140625,processed/aligned/000208_20260226_034251/mask_80c.png,3731,0.0113861083984375
000209_20260226_034252,exported,20260226_034252.tiff,2026-02-26 03:42:52,232.75446623093683,00:03:52.754,6983,raw/thermal/20260226_034252.tiff,processed/aligned/000209_20260226_034252/thermal.tiff,processed/aligned/000209_20260226_034252/thermal.png,processed/aligned/000209_20260226_034252/video.png,processed/aligned/000209_20260226_034252/overlay.png,0.3679366707801819,0.186248779296875,0.5824188232421875,processed/aligned/000209_20260226_034252/mask_80c.png,3931,0.0119964599609375
000210_20260226_034253,exported,20260226_034253.tiff,2026-02-26 03:42:53,233.75555555555556,00:03:53.756,7013,raw/thermal/20260226_034253.tiff,processed/aligned/000210_20260226_034253/thermal.tiff,processed/aligned/000210_20260226_034253/thermal.png,processed/aligned/000210_20260226_034253/video.png,processed/aligned/000210_20260226_034253/overlay.png,0.3343105912208557,0.2106170654296875,0.5075042724609375,processed/aligned/000210_20260226_034253/mask_80c.png,4200,0.0128173828125
000211_20260226_034254,exported,20260226_034254.tiff,2026-02-26 03:42:54,234.7566448801743,00:03:54.757,7043,raw/thermal/20260226_034254.tiff,processed/aligned/000211_20260226_034254/thermal.tiff,processed/aligned/000211_20260226_034254/thermal.png,processed/aligned/000211_20260226_034254/video.png,processed/aligned/000211_20260226_034254/overlay.png,0.2923327423632145,0.1900177001953125,0.4213165283203125,processed/aligned/000211_20260226_034254/mask_80c.png,4657,0.0142120361328125
000212_20260226_034255,exported,20260226_034255.tiff,2026-02-26 03:42:55,235.75773420479302,00:03:55.758,7073,raw/thermal/20260226_034255.tiff,processed/aligned/000212_20260226_034255/thermal.tiff,processed/aligned/000212_20260226_034255/thermal.png,processed/aligned/000212_20260226_034255/video.png,processed/aligned/000212_20260226_034255/overlay.png,0.28524553030729294,0.208526611328125,0.319989013671875,processed/aligned/000212_20260226_034255/mask_80c.png,5588,0.01705322265625
000213_20260226_034256,exported,20260226_034256.tiff,2026-02-26 03:42:56,236.75882352941176,00:03:56.759,7103,raw/thermal/20260226_034256.tiff,processed/aligned/000213_20260226_034256/thermal.tiff,processed/aligned/000213_20260226_034256/thermal.png,processed/aligned/000213_20260226_034256/video.png,processed/aligned/000213_20260226_034256/overlay.png,0.35139376670122147,0.2571319580078125,0.296539306640625,processed/aligned/000213_20260226_034256/mask_80c.png,5084,0.01551513671875
000214_20260226_034257,exported,20260226_034257.tiff,2026-02-26 03:42:57,237.75991285403052,00:03:57.760,7133,raw/thermal/20260226_034257.tiff,processed/aligned/000214_20260226_034257/thermal.tiff,processed/aligned/000214_20260226_034257/thermal.png,processed/aligned/000214_20260226_034257/video.png,processed/aligned/000214_20260226_034257/overlay.png,0.3853856399655342,0.31431884765625,0.264971923828125,processed/aligned/000214_20260226_034257/mask_80c.png,4634,0.014141845703125
000215_20260226_034258,exported,20260226_034258.tiff,2026-02-26 03:42:58,238.76100217864925,00:03:58.761,7163,raw/thermal/20260226_034258.tiff,processed/aligned/000215_20260226_034258/thermal.tiff,processed/aligned/000215_20260226_034258/thermal.png,processed/aligned/000215_20260226_034258/video.png,processed/aligned/000215_20260226_034258/overlay.png,0.31876102462410927,0.251947021484375,0.2202850341796875,processed/aligned/000215_20260226_034258/mask_80c.png,3324,0.01014404296875
000216_20260226_034259,exported,20260226_034259.tiff,2026-02-26 03:42:59,239.76209150326798,00:03:59.762,7193,raw/thermal/20260226_034259.tiff,processed/aligned/000216_20260226_034259/thermal.tiff,processed/aligned/000216_20260226_034259/thermal.png,processed/aligned/000216_20260226_034259/video.png,processed/aligned/000216_20260226_034259/overlay.png,0.28749774396419525,0.2502532958984375,0.1614288330078125,processed/aligned/000216_20260226_034259/mask_80c.png,5651,0.0172454833984375
000217_20260226_034300,exported,20260226_034300.tiff,2026-02-26 03:43:00,240.7631808278867,00:04:00.763,7223,raw/thermal/20260226_034300.tiff,processed/aligned/000217_20260226_034300/thermal.tiff,processed/aligned/000217_20260226_034300/thermal.png,processed/aligned/000217_20260226_034300/video.png,processed/aligned/000217_20260226_034300/overlay.png,0.2968648932874203,0.29403076171875,0.1755218505859375,processed/aligned/000217_20260226_034300/mask_80c.png,7041,0.0214874267578125
000218_20260226_034301,exported,20260226_034301.tiff,2026-02-26 03:43:01,241.76427015250545,00:04:01.764,7253,raw/thermal/20260226_034301.tiff,processed/aligned/000218_20260226_034301/thermal.tiff,processed/aligned/000218_20260226_034301/thermal.png,processed/aligned/000218_20260226_034301/video.png,processed/aligned/000218_20260226_034301/overlay.png,0.3196370005607605,0.255865478515625,0.277288818359375,processed/aligned/000218_20260226_034301/mask_80c.png,5202,0.015875244140625
000219_20260226_034302,exported,20260226_034302.tiff,2026-02-26 03:43:02,242.76535947712418,00:04:02.765,7283,raw/thermal/20260226_034302.tiff,processed/aligned/000219_20260226_034302/thermal.tiff,processed/aligned/000219_20260226_034302/thermal.png,processed/aligned/000219_20260226_034302/video.png,processed/aligned/000219_20260226_034302/overlay.png,0.293271541595459,0.1937652587890625,0.2566802978515625,processed/aligned/000219_20260226_034302/mask_80c.png,2908,0.00887451171875
000220_20260226_034303,exported,20260226_034303.tiff,2026-02-26 03:43:03,243.76644880174294,00:04:03.766,7313,raw/thermal/20260226_034303.tiff,processed/aligned/000220_20260226_034303/thermal.tiff,processed/aligned/000220_20260226_034303/thermal.png,processed/aligned/000220_20260226_034303/video.png,processed/aligned/000220_20260226_034303/overlay.png,0.3322232961654663,0.1846710205078125,0.3337432861328125,processed/aligned/000220_20260226_034303/mask_80c.png,3072,0.009375
000221_20260226_034304,exported,20260226_034304.tiff,2026-02-26 03:43:04,244.76753812636167,00:04:04.768,7343,raw/thermal/20260226_034304.tiff,processed/aligned/000221_20260226_034304/thermal.tiff,processed/aligned/000221_20260226_034304/thermal.png,processed/aligned/000221_20260226_034304/video.png,processed/aligned/000221_20260226_034304/overlay.png,0.37550652027130127,0.230096435546875,0.4221038818359375,processed/aligned/000221_20260226_034304/mask_80c.png,1343,0.0040985107421875
000222_20260226_034305,exported,20260226_034305.tiff,2026-02-26 03:43:05,245.7686274509804,00:04:05.769,7373,raw/thermal/20260226_034305.tiff,processed/aligned/000222_20260226_034305/thermal.tiff,processed/aligned/000222_20260226_034305/thermal.png,processed/aligned/000222_20260226_034305/video.png,processed/aligned/000222_20260226_034305/overlay.png,0.42459847033023834,0.26893310546875,0.5993621826171875,processed/aligned/000222_20260226_034305/mask_80c.png,2402,0.007330322265625
000223_20260226_034306,exported,20260226_034306.tiff,2026-02-26 03:43:06,246.76971677559914,00:04:06.770,7403,raw/thermal/20260226_034306.tiff,processed/aligned/000223_20260226_034306/thermal.tiff,processed/aligned/000223_20260226_034306/thermal.png,processed/aligned/000223_20260226_034306/video.png,processed/aligned/000223_20260226_034306/overlay.png,0.40241044759750366,0.219696044921875,0.6377777099609375,processed/aligned/000223_20260226_034306/mask_80c.png,1847,0.0056365966796875
000224_20260226_034307,exported,20260226_034307.tiff,2026-02-26 03:43:07,247.77080610021787,00:04:07.771,7433,raw/thermal/20260226_034307.tiff,processed/aligned/000224_20260226_034307/thermal.tiff,processed/aligned/000224_20260226_034307/thermal.png,processed/aligned/000224_20260226_034307/video.png,processed/aligned/000224_20260226_034307/overlay.png,0.40048079192638397,0.21092529296875,0.6473602294921875,processed/aligned/000224_20260226_034307/mask_80c.png,2515,0.0076751708984375
000225_20260226_034308,exported,20260226_034308.tiff,2026-02-26 03:43:08,248.7718954248366,00:04:08.772,7463,raw/thermal/20260226_034308.tiff,processed/aligned/000225_20260226_034308/thermal.tiff,processed/aligned/000225_20260226_034308/thermal.png,processed/aligned/000225_20260226_034308/video.png,processed/aligned/000225_20260226_034308/overlay.png,0.4411381408572197,0.2660186767578125,0.658013916015625,processed/aligned/000225_20260226_034308/mask_80c.png,1676,0.00511474609375
000226_20260226_034309,exported,20260226_034309.tiff,2026-02-26 03:43:09,249.77298474945533,00:04:09.773,7493,raw/thermal/20260226_034309.tiff,processed/aligned/000226_20260226_034309/thermal.tiff,processed/aligned/000226_20260226_034309/thermal.png,processed/aligned/000226_20260226_034309/video.png,processed/aligned/000226_20260226_034309/overlay.png,0.4236542284488678,0.2392608642578125,0.657568359375,processed/aligned/000226_20260226_034309/mask_80c.png,1900,0.00579833984375
000227_20260226_034310,exported,20260226_034310.tiff,2026-02-26 03:43:10,250.7740740740741,00:04:10.774,7523,raw/thermal/20260226_034310.tiff,processed/aligned/000227_20260226_034310/thermal.tiff,processed/aligned/000227_20260226_034310/thermal.png,processed/aligned/000227_20260226_034310/video.png,processed/aligned/000227_20260226_034310/overlay.png,0.4168308153748512,0.2295623779296875,0.666986083984375,processed/aligned/000227_20260226_034310/mask_80c.png,2282,0.006964111328125
000228_20260226_034311,exported,20260226_034311.tiff,2026-02-26 03:43:11,251.77516339869283,00:04:11.775,7553,raw/thermal/20260226_034311.tiff,processed/aligned/000228_20260226_034311/thermal.tiff,processed/aligned/000228_20260226_034311/thermal.png,processed/aligned/000228_20260226_034311/video.png,processed/aligned/000228_20260226_034311/overlay.png,0.4400755241513252,0.243511962890625,0.6616302490234375,processed/aligned/000228_20260226_034311/mask_80c.png,2106,0.006427001953125
000229_20260226_034312,exported,20260226_034312.tiff,2026-02-26 03:43:12,252.77625272331156,00:04:12.776,7583,raw/thermal/20260226_034312.tiff,processed/aligned/000229_20260226_034312/thermal.tiff,processed/aligned/000229_20260226_034312/thermal.png,processed/aligned/000229_20260226_034312/video.png,processed/aligned/000229_20260226_034312/overlay.png,0.46103616058826447,0.2681243896484375,0.6189422607421875,processed/aligned/000229_20260226_034312/mask_80c.png,2064,0.006298828125
000230_20260226_034313,exported,20260226_034313.tiff,2026-02-26 03:43:13,253.7773420479303,00:04:13.777,7613,raw/thermal/20260226_034313.tiff,processed/aligned/000230_20260226_034313/thermal.tiff,processed/aligned/000230_20260226_034313/thermal.png,processed/aligned/000230_20260226_034313/video.png,processed/aligned/000230_20260226_034313/overlay.png,0.4859522581100464,0.29464111328125,0.6521820068359375,processed/aligned/000230_20260226_034313/mask_80c.png,1244,0.00379638671875
000231_20260226_034314,exported,20260226_034314.tiff,2026-02-26 03:43:14,254.77843137254902,00:04:14.778,7643,raw/thermal/20260226_034314.tiff,processed/aligned/000231_20260226_034314/thermal.tiff,processed/aligned/000231_20260226_034314/thermal.png,processed/aligned/000231_20260226_034314/video.png,processed/aligned/000231_20260226_034314/overlay.png,0.49489156901836395,0.2926055908203125,0.675201416015625,processed/aligned/000231_20260226_034314/mask_80c.png,3156,0.00963134765625
000232_20260226_034315,exported,20260226_034315.tiff,2026-02-26 03:43:15,255.77952069716775,00:04:15.780,7673,raw/thermal/20260226_034315.tiff,processed/aligned/000232_20260226_034315/thermal.tiff,processed/aligned/000232_20260226_034315/thermal.png,processed/aligned/000232_20260226_034315/video.png,processed/aligned/000232_20260226_034315/overlay.png,0.488422155380249,0.313653564453125,0.6734466552734375,processed/aligned/000232_20260226_034315/mask_80c.png,2274,0.006939697265625
000233_20260226_034316,exported,20260226_034316.tiff,2026-02-26 03:43:16,256.7806100217865,00:04:16.781,7703,raw/thermal/20260226_034316.tiff,processed/aligned/000233_20260226_034316/thermal.tiff,processed/aligned/000233_20260226_034316/thermal.png,processed/aligned/000233_20260226_034316/video.png,processed/aligned/000233_20260226_034316/overlay.png,0.4448271915316582,0.265179443359375,0.647698974609375,processed/aligned/000233_20260226_034316/mask_80c.png,1508,0.00460205078125
000234_20260226_034317,exported,20260226_034317.tiff,2026-02-26 03:43:17,257.7816993464053,00:04:17.782,7733,raw/thermal/20260226_034317.tiff,processed/aligned/000234_20260226_034317/thermal.tiff,processed/aligned/000234_20260226_034317/thermal.png,processed/aligned/000234_20260226_034317/video.png,processed/aligned/000234_20260226_034317/overlay.png,0.46841998398303986,0.2701568603515625,0.7088714599609375,processed/aligned/000234_20260226_034317/mask_80c.png,1831,0.0055877685546875
000235_20260226_034318,exported,20260226_034318.tiff,2026-02-26 03:43:18,258.782788671024,00:04:18.783,7763,raw/thermal/20260226_034318.tiff,processed/aligned/000235_20260226_034318/thermal.tiff,processed/aligned/000235_20260226_034318/thermal.png,processed/aligned/000235_20260226_034318/video.png,processed/aligned/000235_20260226_034318/overlay.png,0.4335808753967285,0.224542236328125,0.7421112060546875,processed/aligned/000235_20260226_034318/mask_80c.png,4449,0.0135772705078125
000236_20260226_034319,exported,20260226_034319.tiff,2026-02-26 03:43:19,259.78387799564274,00:04:19.784,7794,raw/thermal/20260226_034319.tiff,processed/aligned/000236_20260226_034319/thermal.tiff,processed/aligned/000236_20260226_034319/thermal.png,processed/aligned/000236_20260226_034319/video.png,processed/aligned/000236_20260226_034319/overlay.png,0.4254045933485031,0.22471923828125,0.733056640625,processed/aligned/000236_20260226_034319/mask_80c.png,4223,0.0128875732421875
000237_20260226_034320,exported,20260226_034320.tiff,2026-02-26 03:43:20,260.7849673202615,00:04:20.785,7824,raw/thermal/20260226_034320.tiff,processed/aligned/000237_20260226_034320/thermal.tiff,processed/aligned/000237_20260226_034320/thermal.png,processed/aligned/000237_20260226_034320/video.png,processed/aligned/000237_20260226_034320/overlay.png,0.4252077415585518,0.214715576171875,0.703448486328125,processed/aligned/000237_20260226_034320/mask_80c.png,2640,0.008056640625
000238_20260226_034321,exported,20260226_034321.tiff,2026-02-26 03:43:21,261.7860566448802,00:04:21.786,7854,raw/thermal/20260226_034321.tiff,processed/aligned/000238_20260226_034321/thermal.tiff,processed/aligned/000238_20260226_034321/thermal.png,processed/aligned/000238_20260226_034321/video.png,processed/aligned/000238_20260226_034321/overlay.png,0.446295864880085,0.229541015625,0.7231048583984375,processed/aligned/000238_20260226_034321/mask_80c.png,2688,0.008203125
000239_20260226_034322,exported,20260226_034322.tiff,2026-02-26 03:43:22,262.7871459694989,00:04:22.787,7884,raw/thermal/20260226_034322.tiff,processed/aligned/000239_20260226_034322/thermal.tiff,processed/aligned/000239_20260226_034322/thermal.png,processed/aligned/000239_20260226_034322/video.png,processed/aligned/000239_20260226_034322/overlay.png,0.4189514145255089,0.1996185302734375,0.7058502197265625,processed/aligned/000239_20260226_034322/mask_80c.png,2224,0.006787109375
000240_20260226_034323,exported,20260226_034323.tiff,2026-02-26 03:43:23,263.78823529411767,00:04:23.788,7914,raw/thermal/20260226_034323.tiff,processed/aligned/000240_20260226_034323/thermal.tiff,processed/aligned/000240_20260226_034323/thermal.png,processed/aligned/000240_20260226_034323/video.png,processed/aligned/000240_20260226_034323/overlay.png,0.4225429892539978,0.2171722412109375,0.7158966064453125,processed/aligned/000240_20260226_034323/mask_80c.png,3945,0.0120391845703125
000241_20260226_034324,exported,20260226_034324.tiff,2026-02-26 03:43:24,264.78932461873643,00:04:24.789,7944,raw/thermal/20260226_034324.tiff,processed/aligned/000241_20260226_034324/thermal.tiff,processed/aligned/000241_20260226_034324/thermal.png,processed/aligned/000241_20260226_034324/video.png,processed/aligned/000241_20260226_034324/overlay.png,0.4171318858861923,0.18494873046875,0.7090911865234375,processed/aligned/000241_20260226_034324/mask_80c.png,2360,0.0072021484375
000242_20260226_034325,exported,20260226_034325.tiff,2026-02-26 03:43:25,265.7904139433552,00:04:25.790,7974,raw/thermal/20260226_034325.tiff,processed/aligned/000242_20260226_034325/thermal.tiff,processed/aligned/000242_20260226_034325/thermal.png,processed/aligned/000242_20260226_034325/video.png,processed/aligned/000242_20260226_034325/overlay.png,0.4063759446144104,0.1882476806640625,0.70728759765625,processed/aligned/000242_20260226_034325/mask_80c.png,2783,0.0084930419921875
000243_20260226_034326,exported,20260226_034326.tiff,2026-02-26 03:43:26,266.7915032679739,00:04:26.792,8004,raw/thermal/20260226_034326.tiff,processed/aligned/000243_20260226_034326/thermal.tiff,processed/aligned/000243_20260226_034326/thermal.png,processed/aligned/000243_20260226_034326/video.png,processed/aligned/000243_20260226_034326/overlay.png,0.362697534263134,0.1310821533203125,0.695550537109375,processed/aligned/000243_20260226_034326/mask_80c.png,2218,0.006768798828125
000244_20260226_034327,exported,20260226_034327.tiff,2026-02-26 03:43:27,267.7925925925926,00:04:27.793,8034,raw/thermal/20260226_034327.tiff,processed/aligned/000244_20260226_034327/thermal.tiff,processed/aligned/000244_20260226_034327/thermal.png,processed/aligned/000244_20260226_034327/video.png,processed/aligned/000244_20260226_034327/overlay.png,0.40036287158727646,0.1831329345703125,0.69512939453125,processed/aligned/000244_20260226_034327/mask_80c.png,1928,0.0058837890625
000245_20260226_034328,exported,20260226_034328.tiff,2026-02-26 03:43:28,268.79368191721136,00:04:28.794,8064,raw/thermal/20260226_034328.tiff,processed/aligned/000245_20260226_034328/thermal.tiff,processed/aligned/000245_20260226_034328/thermal.png,processed/aligned/000245_20260226_034328/video.png,processed/aligned/000245_20260226_034328/overlay.png,0.3856992647051811,0.221356201171875,0.6311492919921875,processed/aligned/000245_20260226_034328/mask_80c.png,3049,0.0093048095703125
000246_20260226_034329,exported,20260226_034329.tiff,2026-02-26 03:43:29,269.7947712418301,00:04:29.795,8094,raw/thermal/20260226_034329.tiff,processed/aligned/000246_20260226_034329/thermal.tiff,processed/aligned/000246_20260226_034329/thermal.png,processed/aligned/000246_20260226_034329/video.png,processed/aligned/000246_20260226_034329/overlay.png,0.38222982734441757,0.176885986328125,0.5878326416015625,processed/aligned/000246_20260226_034329/mask_80c.png,3140,0.00958251953125
000247_20260226_034330,exported,20260226_034330.tiff,2026-02-26 03:43:30,270.7958605664489,00:04:30.796,8124,raw/thermal/20260226_034330.tiff,processed/aligned/000247_20260226_034330/thermal.tiff,processed/aligned/000247_20260226_034330/thermal.png,processed/aligned/000247_20260226_034330/video.png,processed/aligned/000247_20260226_034330/overlay.png,0.3857715278863907,0.1999664306640625,0.5739654541015625,processed/aligned/000247_20260226_034330/mask_80c.png,3079,0.0093963623046875
000248_20260226_034331,exported,20260226_034331.tiff,2026-02-26 03:43:31,271.7969498910676,00:04:31.797,8154,raw/thermal/20260226_034331.tiff,processed/aligned/000248_20260226_034331/thermal.tiff,processed/aligned/000248_20260226_034331/thermal.png,processed/aligned/000248_20260226_034331/video.png,processed/aligned/000248_20260226_034331/overlay.png,0.3670097216963768,0.2008087158203125,0.529107666015625,processed/aligned/000248_20260226_034331/mask_80c.png,2201,0.0067169189453125
000249_20260226_034332,exported,20260226_034332.tiff,2026-02-26 03:43:32,272.7980392156863,00:04:32.798,8184,raw/thermal/20260226_034332.tiff,processed/aligned/000249_20260226_034332/thermal.tiff,processed/aligned/000249_20260226_034332/thermal.png,processed/aligned/000249_20260226_034332/video.png,processed/aligned/000249_20260226_034332/overlay.png,0.3309677615761757,0.216876220703125,0.4222137451171875,processed/aligned/000249_20260226_034332/mask_80c.png,1819,0.0055511474609375
000250_20260226_034333,exported,20260226_034333.tiff,2026-02-26 03:43:33,273.79912854030505,00:04:33.799,8214,raw/thermal/20260226_034333.tiff,processed/aligned/000250_20260226_034333/thermal.tiff,processed/aligned/000250_20260226_034333/thermal.png,processed/aligned/000250_20260226_034333/video.png,processed/aligned/000250_20260226_034333/overlay.png,0.36202333867549896,0.27930908203125,0.3677825927734375,processed/aligned/000250_20260226_034333/mask_80c.png,3851,0.0117523193359375
000251_20260226_034334,exported,20260226_034334.tiff,2026-02-26 03:43:34,274.8002178649238,00:04:34.800,8244,raw/thermal/20260226_034334.tiff,processed/aligned/000251_20260226_034334/thermal.tiff,processed/aligned/000251_20260226_034334/thermal.png,processed/aligned/000251_20260226_034334/video.png,processed/aligned/000251_20260226_034334/overlay.png,0.30687181651592255,0.1737335205078125,0.3435394287109375,processed/aligned/000251_20260226_034334/mask_80c.png,1825,0.0055694580078125
000252_20260226_034335,exported,20260226_034335.tiff,2026-02-26 03:43:35,275.8013071895425,00:04:35.801,8274,raw/thermal/20260226_034335.tiff,processed/aligned/000252_20260226_034335/thermal.tiff,processed/aligned/000252_20260226_034335/thermal.png,processed/aligned/000252_20260226_034335/video.png,processed/aligned/000252_20260226_034335/overlay.png,0.30322082713246346,0.189495849609375,0.30654296875,processed/aligned/000252_20260226_034335/mask_80c.png,1503,0.0045867919921875
000253_20260226_034336,exported,20260226_034336.tiff,2026-02-26 03:43:36,276.8023965141612,00:04:36.802,8304,raw/thermal/20260226_034336.tiff,processed/aligned/000253_20260226_034336/thermal.tiff,processed/aligned/000253_20260226_034336/thermal.png,processed/aligned/000253_20260226_034336/video.png,processed/aligned/000253_20260226_034336/overlay.png,0.2412794716656208,0.2038848876953125,0.2702911376953125,processed/aligned/000253_20260226_034336/mask_80c.png,1075,0.0032806396484375
000254_20260226_034337,exported,20260226_034337.tiff,2026-02-26 03:43:37,277.80348583878,00:04:37.803,8334,raw/thermal/20260226_034337.tiff,processed/aligned/000254_20260226_034337/thermal.tiff,processed/aligned/000254_20260226_034337/thermal.png,processed/aligned/000254_20260226_034337/video.png,processed/aligned/000254_20260226_034337/overlay.png,0.26749585568904877,0.1622650146484375,0.36749267578125,processed/aligned/000254_20260226_034337/mask_80c.png,3518,0.010736083984375
000255_20260226_034338,exported,20260226_034338.tiff,2026-02-26 03:43:38,278.80457516339874,00:04:38.805,8364,raw/thermal/20260226_034338.tiff,processed/aligned/000255_20260226_034338/thermal.tiff,processed/aligned/000255_20260226_034338/thermal.png,processed/aligned/000255_20260226_034338/video.png,processed/aligned/000255_20260226_034338/overlay.png,0.3035152517259121,0.1967620849609375,0.368597412109375,processed/aligned/000255_20260226_034338/mask_80c.png,3218,0.009820556640625
000256_20260226_034339,exported,20260226_034339.tiff,2026-02-26 03:43:39,279.8056644880175,00:04:39.806,8394,raw/thermal/20260226_034339.tiff,processed/aligned/000256_20260226_034339/thermal.tiff,processed/aligned/000256_20260226_034339/thermal.png,processed/aligned/000256_20260226_034339/video.png,processed/aligned/000256_20260226_034339/overlay.png,0.37755925953388214,0.24871826171875,0.432763671875,processed/aligned/000256_20260226_034339/mask_80c.png,595,0.0018157958984375
000257_20260226_034340,exported,20260226_034340.tiff,2026-02-26 03:43:40,280.8067538126362,00:04:40.807,8424,raw/thermal/20260226_034340.tiff,processed/aligned/000257_20260226_034340/thermal.tiff,processed/aligned/000257_20260226_034340/thermal.png,processed/aligned/000257_20260226_034340/video.png,processed/aligned/000257_20260226_034340/overlay.png,0.35556964576244354,0.23179931640625,0.36844482421875,processed/aligned/000257_20260226_034340/mask_80c.png,1812,0.00552978515625
000258_20260226_034341,exported,20260226_034341.tiff,2026-02-26 03:43:41,281.80784313725496,00:04:41.808,8454,raw/thermal/20260226_034341.tiff,processed/aligned/000258_20260226_034341/thermal.tiff,processed/aligned/000258_20260226_034341/thermal.png,processed/aligned/000258_20260226_034341/video.png,processed/aligned/000258_20260226_034341/overlay.png,0.34847491979599,0.19810791015625,0.48404541015625,processed/aligned/000258_20260226_034341/mask_80c.png,6971,0.0212738037109375
000259_20260226_034342,exported,20260226_034342.tiff,2026-02-26 03:43:42,282.80893246187367,00:04:42.809,8484,raw/thermal/20260226_034342.tiff,processed/aligned/000259_20260226_034342/thermal.tiff,processed/aligned/000259_20260226_034342/thermal.png,processed/aligned/000259_20260226_034342/video.png,processed/aligned/000259_20260226_034342/overlay.png,0.35757358372211456,0.228692626953125,0.4933441162109375,processed/aligned/000259_20260226_034342/mask_80c.png,8946,0.027301025390625
000260_20260226_034343,exported,20260226_034343.tiff,2026-02-26 03:43:43,283.8100217864924,00:04:43.810,8514,raw/thermal/20260226_034343.tiff,processed/aligned/000260_20260226_034343/thermal.tiff,processed/aligned/000260_20260226_034343/thermal.png,processed/aligned/000260_20260226_034343/video.png,processed/aligned/000260_20260226_034343/overlay.png,0.32821981608867645,0.206317138671875,0.4728607177734375,processed/aligned/000260_20260226_034343/mask_80c.png,8835,0.0269622802734375
000261_20260226_034344,exported,20260226_034344.tiff,2026-02-26 03:43:44,284.81111111111113,00:04:44.811,8544,raw/thermal/20260226_034344.tiff,processed/aligned/000261_20260226_034344/thermal.tiff,processed/aligned/000261_20260226_034344/thermal.png,processed/aligned/000261_20260226_034344/video.png,processed/aligned/000261_20260226_034344/overlay.png,0.33255573362112045,0.1669586181640625,0.5942901611328125,processed/aligned/000261_20260226_034344/mask_80c.png,8630,0.026336669921875
000262_20260226_034345,exported,20260226_034345.tiff,2026-02-26 03:43:45,285.8122004357299,00:04:45.812,8574,raw/thermal/20260226_034345.tiff,processed/aligned/000262_20260226_034345/thermal.tiff,processed/aligned/000262_20260226_034345/thermal.png,processed/aligned/000262_20260226_034345/video.png,processed/aligned/000262_20260226_034345/overlay.png,0.2663601040840149,0.1435516357421875,0.5380645751953125,processed/aligned/000262_20260226_034345/mask_80c.png,9443,0.0288177490234375
000263_20260226_034346,exported,20260226_034346.tiff,2026-02-26 03:43:46,286.8132897603486,00:04:46.813,8604,raw/thermal/20260226_034346.tiff,processed/aligned/000263_20260226_034346/thermal.tiff,processed/aligned/000263_20260226_034346/thermal.png,processed/aligned/000263_20260226_034346/video.png,processed/aligned/000263_20260226_034346/overlay.png,0.30434930324554443,0.1598724365234375,0.42877197265625,processed/aligned/000263_20260226_034346/mask_80c.png,4914,0.014996337890625
000264_20260226_034347,exported,20260226_034347.tiff,2026-02-26 03:43:47,287.81437908496736,00:04:47.814,8634,raw/thermal/20260226_034347.tiff,processed/aligned/000264_20260226_034347/thermal.tiff,processed/aligned/000264_20260226_034347/thermal.png,processed/aligned/000264_20260226_034347/video.png,processed/aligned/000264_20260226_034347/overlay.png,0.2741119749844074,0.142169189453125,0.5171783447265625,processed/aligned/000264_20260226_034347/mask_80c.png,9033,0.0275665283203125
000265_20260226_034348,exported,20260226_034348.tiff,2026-02-26 03:43:48,288.8154684095861,00:04:48.815,8664,raw/thermal/20260226_034348.tiff,processed/aligned/000265_20260226_034348/thermal.tiff,processed/aligned/000265_20260226_034348/thermal.png,processed/aligned/000265_20260226_034348/video.png,processed/aligned/000265_20260226_034348/overlay.png,0.2103637419641018,0.0877288818359375,0.563836669921875,processed/aligned/000265_20260226_034348/mask_80c.png,8977,0.0273956298828125
000266_20260226_034349,exported,20260226_034349.tiff,2026-02-26 03:43:49,289.8165577342048,00:04:49.817,8694,raw/thermal/20260226_034349.tiff,processed/aligned/000266_20260226_034349/thermal.tiff,processed/aligned/000266_20260226_034349/thermal.png,processed/aligned/000266_20260226_034349/video.png,processed/aligned/000266_20260226_034349/overlay.png,0.24400106444954872,0.07330322265625,0.649786376953125,processed/aligned/000266_20260226_034349/mask_80c.png,8178,0.024957275390625
000267_20260226_034350,exported,20260226_034350.tiff,2026-02-26 03:43:50,290.8176470588236,00:04:50.818,8725,raw/thermal/20260226_034350.tiff,processed/aligned/000267_20260226_034350/thermal.tiff,processed/aligned/000267_20260226_034350/thermal.png,processed/aligned/000267_20260226_034350/video.png,processed/aligned/000267_20260226_034350/overlay.png,0.4069596603512764,0.18642578125,0.6740509033203125,processed/aligned/000267_20260226_034350/mask_80c.png,4838,0.014764404296875
000268_20260226_034351,exported,20260226_034351.tiff,2026-02-26 03:43:51,291.8187363834423,00:04:51.819,8755,raw/thermal/20260226_034351.tiff,processed/aligned/000268_20260226_034351/thermal.tiff,processed/aligned/000268_20260226_034351/thermal.png,processed/aligned/000268_20260226_034351/video.png,processed/aligned/000268_20260226_034351/overlay.png,0.3977188616991043,0.1303680419921875,0.674810791015625,processed/aligned/000268_20260226_034351/mask_80c.png,34,0.000103759765625
000269_20260226_034352,exported,20260226_034352.tiff,2026-02-26 03:43:52,292.81982570806105,00:04:52.820,8785,raw/thermal/20260226_034352.tiff,processed/aligned/000269_20260226_034352/thermal.tiff,processed/aligned/000269_20260226_034352/thermal.png,processed/aligned/000269_20260226_034352/video.png,processed/aligned/000269_20260226_034352/overlay.png,0.4359772801399231,0.1923248291015625,0.6573486328125,processed/aligned/000269_20260226_034352/mask_80c.png,6,1.8310546875e-05
000270_20260226_034353,exported,20260226_034353.tiff,2026-02-26 03:43:53,293.82091503267975,00:04:53.821,8815,raw/thermal/20260226_034353.tiff,processed/aligned/000270_20260226_034353/thermal.tiff,processed/aligned/000270_20260226_034353/thermal.png,processed/aligned/000270_20260226_034353/video.png,processed/aligned/000270_20260226_034353/overlay.png,0.4104069620370865,0.168121337890625,0.6236480712890625,processed/aligned/000270_20260226_034353/mask_80c.png,0,0.0
000271_20260226_034354,exported,20260226_034354.tiff,2026-02-26 03:43:54,294.8220043572985,00:04:54.822,8845,raw/thermal/20260226_034354.tiff,processed/aligned/000271_20260226_034354/thermal.tiff,processed/aligned/000271_20260226_034354/thermal.png,processed/aligned/000271_20260226_034354/video.png,processed/aligned/000271_20260226_034354/overlay.png,0.36744367331266403,0.136651611328125,0.59322509765625,processed/aligned/000271_20260226_034354/mask_80c.png,0,0.0
000272_20260226_034355,exported,20260226_034355.tiff,2026-02-26 03:43:55,295.82309368191727,00:04:55.823,8875,raw/thermal/20260226_034355.tiff,processed/aligned/000272_20260226_034355/thermal.tiff,processed/aligned/000272_20260226_034355/thermal.png,processed/aligned/000272_20260226_034355/video.png,processed/aligned/000272_20260226_034355/overlay.png,0.4697883874177933,0.226629638671875,0.7011962890625,processed/aligned/000272_20260226_034355/mask_80c.png,0,0.0
000273_20260226_034356,exported,20260226_034356.tiff,2026-02-26 03:43:56,296.824183006536,00:04:56.824,8905,raw/thermal/20260226_034356.tiff,processed/aligned/000273_20260226_034356/thermal.tiff,processed/aligned/000273_20260226_034356/thermal.png,processed/aligned/000273_20260226_034356/video.png,processed/aligned/000273_20260226_034356/overlay.png,0.49379292875528336,0.250341796875,0.7391265869140625,processed/aligned/000273_20260226_034356/mask_80c.png,0,0.0
000274_20260226_034357,exported,20260226_034357.tiff,2026-02-26 03:43:57,297.82527233115474,00:04:57.825,8935,raw/thermal/20260226_034357.tiff,processed/aligned/000274_20260226_034357/thermal.tiff,processed/aligned/000274_20260226_034357/thermal.png,processed/aligned/000274_20260226_034357/video.png,processed/aligned/000274_20260226_034357/overlay.png,0.491732619702816,0.2663818359375,0.7161865234375,processed/aligned/000274_20260226_034357/mask_80c.png,0,0.0
000275_20260226_034358,exported,20260226_034358.tiff,2026-02-26 03:43:58,298.82636165577344,00:04:58.826,8965,raw/thermal/20260226_034358.tiff,processed/aligned/000275_20260226_034358/thermal.tiff,processed/aligned/000275_20260226_034358/thermal.png,processed/aligned/000275_20260226_034358/video.png,processed/aligned/000275_20260226_034358/overlay.png,0.4988832324743271,0.2615386962890625,0.7181884765625,processed/aligned/000275_20260226_034358/mask_80c.png,0,0.0
000276_20260226_034359,exported,20260226_034359.tiff,2026-02-26 03:43:59,299.8274509803922,00:04:59.827,8995,raw/thermal/20260226_034359.tiff,processed/aligned/000276_20260226_034359/thermal.tiff,processed/aligned/000276_20260226_034359/thermal.png,processed/aligned/000276_20260226_034359/video.png,processed/aligned/000276_20260226_034359/overlay.png,0.5184177979826927,0.2973358154296875,0.72513427734375,processed/aligned/000276_20260226_034359/mask_80c.png,0,0.0
000277_20260226_034400,exported,20260226_034400.tiff,2026-02-26 03:44:00,300.8285403050109,00:05:00.829,9025,raw/thermal/20260226_034400.tiff,processed/aligned/000277_20260226_034400/thermal.tiff,processed/aligned/000277_20260226_034400/thermal.png,processed/aligned/000277_20260226_034400/video.png,processed/aligned/000277_20260226_034400/overlay.png,0.5180338844656944,0.33236083984375,0.6741058349609375,processed/aligned/000277_20260226_034400/mask_80c.png,0,0.0
000278_20260226_034401,exported,20260226_034401.tiff,2026-02-26 03:44:01,301.82962962962966,00:05:01.830,9055,raw/thermal/20260226_034401.tiff,processed/aligned/000278_20260226_034401/thermal.tiff,processed/aligned/000278_20260226_034401/thermal.png,processed/aligned/000278_20260226_034401/video.png,processed/aligned/000278_20260226_034401/overlay.png,0.552355945110321,0.367999267578125,0.71572265625,processed/aligned/000278_20260226_034401/mask_80c.png,0,0.0
000279_20260226_034402,exported,20260226_034402.tiff,2026-02-26 03:44:02,302.8307189542484,00:05:02.831,9085,raw/thermal/20260226_034402.tiff,processed/aligned/000279_20260226_034402/thermal.tiff,processed/aligned/000279_20260226_034402/thermal.png,processed/aligned/000279_20260226_034402/video.png,processed/aligned/000279_20260226_034402/overlay.png,0.5035116076469421,0.275732421875,0.7259735107421875,processed/aligned/000279_20260226_034402/mask_80c.png,0,0.0
000280_20260226_034403,exported,20260226_034403.tiff,2026-02-26 03:44:03,303.83180827886713,00:05:03.832,9115,raw/thermal/20260226_034403.tiff,processed/aligned/000280_20260226_034403/thermal.tiff,processed/aligned/000280_20260226_034403/thermal.png,processed/aligned/000280_20260226_034403/video.png,processed/aligned/000280_20260226_034403/overlay.png,0.49020687490701675,0.2728179931640625,0.6820098876953125,processed/aligned/000280_20260226_034403/mask_80c.png,0,0.0
000281_20260226_034404,exported,20260226_034404.tiff,2026-02-26 03:44:04,304.8328976034859,00:05:04.833,9145,raw/thermal/20260226_034404.tiff,processed/aligned/000281_20260226_034404/thermal.tiff,processed/aligned/000281_20260226_034404/thermal.png,processed/aligned/000281_20260226_034404/video.png,processed/aligned/000281_20260226_034404/overlay.png,0.5542076230049133,0.3732513427734375,0.7125579833984375,processed/aligned/000281_20260226_034404/mask_80c.png,0,0.0
000282_20260226_034405,exported,20260226_034405.tiff,2026-02-26 03:44:05,305.8339869281046,00:05:05.834,9175,raw/thermal/20260226_034405.tiff,processed/aligned/000282_20260226_034405/thermal.tiff,processed/aligned/000282_20260226_034405/thermal.png,processed/aligned/000282_20260226_034405/video.png,processed/aligned/000282_20260226_034405/overlay.png,0.5098770931363106,0.300347900390625,0.6969329833984375,processed/aligned/000282_20260226_034405/mask_80c.png,0,0.0
000283_20260226_034406,exported,20260226_034406.tiff,2026-02-26 03:44:06,306.83507625272335,00:05:06.835,9205,raw/thermal/20260226_034406.tiff,processed/aligned/000283_20260226_034406/thermal.tiff,processed/aligned/000283_20260226_034406/thermal.png,processed/aligned/000283_20260226_034406/video.png,processed/aligned/000283_20260226_034406/overlay.png,0.4825388714671135,0.2714202880859375,0.6663116455078125,processed/aligned/000283_20260226_034406/mask_80c.png,0,0.0
000284_20260226_034407,exported,20260226_034407.tiff,2026-02-26 03:44:07,307.8361655773421,00:05:07.836,9235,raw/thermal/20260226_034407.tiff,processed/aligned/000284_20260226_034407/thermal.tiff,processed/aligned/000284_20260226_034407/thermal.png,processed/aligned/000284_20260226_034407/video.png,processed/aligned/000284_20260226_034407/overlay.png,0.48620305210351944,0.2909515380859375,0.6541259765625,processed/aligned/000284_20260226_034407/mask_80c.png,0,0.0
000285_20260226_034408,exported,20260226_034408.tiff,2026-02-26 03:44:08,308.8372549019608,00:05:08.837,9265,raw/thermal/20260226_034408.tiff,processed/aligned/000285_20260226_034408/thermal.tiff,processed/aligned/000285_20260226_034408/thermal.png,processed/aligned/000285_20260226_034408/video.png,processed/aligned/000285_20260226_034408/overlay.png,0.5039278864860535,0.304888916015625,0.6601165771484375,processed/aligned/000285_20260226_034408/mask_80c.png,0,0.0
000286_20260226_034409,exported,20260226_034409.tiff,2026-02-26 03:44:09,309.8383442265796,00:05:09.838,9295,raw/thermal/20260226_034409.tiff,processed/aligned/000286_20260226_034409/thermal.tiff,processed/aligned/000286_20260226_034409/thermal.png,processed/aligned/000286_20260226_034409/video.png,processed/aligned/000286_20260226_034409/overlay.png,0.44915955513715744,0.223876953125,0.653863525390625,processed/aligned/000286_20260226_034409/mask_80c.png,0,0.0
000287_20260226_034410,exported,20260226_034410.tiff,2026-02-26 03:44:10,310.8394335511983,00:05:10.839,9325,raw/thermal/20260226_034410.tiff,processed/aligned/000287_20260226_034410/thermal.tiff,processed/aligned/000287_20260226_034410/thermal.png,processed/aligned/000287_20260226_034410/video.png,processed/aligned/000287_20260226_034410/overlay.png,0.4600122421979904,0.2432037353515625,0.6542144775390625,processed/aligned/000287_20260226_034410/mask_80c.png,0,0.0
000288_20260226_034411,exported,20260226_034411.tiff,2026-02-26 03:44:11,311.84052287581704,00:05:11.841,9355,raw/thermal/20260226_034411.tiff,processed/aligned/000288_20260226_034411/thermal.tiff,processed/aligned/000288_20260226_034411/thermal.png,processed/aligned/000288_20260226_034411/video.png,processed/aligned/000288_20260226_034411/overlay.png,0.46706879884004593,0.253118896484375,0.65184326171875,processed/aligned/000288_20260226_034411/mask_80c.png,0,0.0
000289_20260226_034412,exported,20260226_034412.tiff,2026-02-26 03:44:12,312.84161220043575,00:05:12.842,9385,raw/thermal/20260226_034412.tiff,processed/aligned/000289_20260226_034412/thermal.tiff,processed/aligned/000289_20260226_034412/thermal.png,processed/aligned/000289_20260226_034412/video.png,processed/aligned/000289_20260226_034412/overlay.png,0.4976411908864975,0.3172332763671875,0.6596435546875,processed/aligned/000289_20260226_034412/mask_80c.png,0,0.0
000290_20260226_034413,exported,20260226_034413.tiff,2026-02-26 03:44:13,313.8427015250545,00:05:13.843,9415,raw/thermal/20260226_034413.tiff,processed/aligned/000290_20260226_034413/thermal.tiff,processed/aligned/000290_20260226_034413/thermal.png,processed/aligned/000290_20260226_034413/video.png,processed/aligned/000290_20260226_034413/overlay.png,0.516238696873188,0.3303131103515625,0.651177978515625,processed/aligned/000290_20260226_034413/mask_80c.png,0,0.0
000291_20260226_034414,exported,20260226_034414.tiff,2026-02-26 03:44:14,314.84379084967327,00:05:14.844,9445,raw/thermal/20260226_034414.tiff,processed/aligned/000291_20260226_034414/thermal.tiff,processed/aligned/000291_20260226_034414/thermal.png,processed/aligned/000291_20260226_034414/video.png,processed/aligned/000291_20260226_034414/overlay.png,0.5053958594799042,0.312847900390625,0.658349609375,processed/aligned/000291_20260226_034414/mask_80c.png,0,0.0
000292_20260226_034415,exported,20260226_034415.tiff,2026-02-26 03:44:15,315.844880174292,00:05:15.845,9475,raw/thermal/20260226_034415.tiff,processed/aligned/000292_20260226_034415/thermal.tiff,processed/aligned/000292_20260226_034415/thermal.png,processed/aligned/000292_20260226_034415/video.png,processed/aligned/000292_20260226_034415/overlay.png,0.5210302695631981,0.334844970703125,0.6774658203125,processed/aligned/000292_20260226_034415/mask_80c.png,0,0.0
000293_20260226_034416,exported,20260226_034416.tiff,2026-02-26 03:44:16,316.84596949891073,00:05:16.846,9505,raw/thermal/20260226_034416.tiff,processed/aligned/000293_20260226_034416/thermal.tiff,processed/aligned/000293_20260226_034416/thermal.png,processed/aligned/000293_20260226_034416/video.png,processed/aligned/000293_20260226_034416/overlay.png,0.5310038924217224,0.364208984375,0.665863037109375,processed/aligned/000293_20260226_034416/mask_80c.png,0,0.0
000294_20260226_034417,exported,20260226_034417.tiff,2026-02-26 03:44:17,317.84705882352944,00:05:17.847,9535,raw/thermal/20260226_034417.tiff,processed/aligned/000294_20260226_034417/thermal.tiff,processed/aligned/000294_20260226_034417/thermal.png,processed/aligned/000294_20260226_034417/video.png,processed/aligned/000294_20260226_034417/overlay.png,0.4684697240591049,0.2705596923828125,0.6256591796875,processed/aligned/000294_20260226_034417/mask_80c.png,0,0.0
000295_20260226_034418,exported,20260226_034418.tiff,2026-02-26 03:44:18,318.8481481481482,00:05:18.848,9565,raw/thermal/20260226_034418.tiff,processed/aligned/000295_20260226_034418/thermal.tiff,processed/aligned/000295_20260226_034418/thermal.png,processed/aligned/000295_20260226_034418/video.png,processed/aligned/000295_20260226_034418/overlay.png,0.4738489165902138,0.2642120361328125,0.6588348388671875,processed/aligned/000295_20260226_034418/mask_80c.png,0,0.0
000296_20260226_034419,exported,20260226_034419.tiff,2026-02-26 03:44:19,319.8492374727669,00:05:19.849,9595,raw/thermal/20260226_034419.tiff,processed/aligned/000296_20260226_034419/thermal.tiff,processed/aligned/000296_20260226_034419/thermal.png,processed/aligned/000296_20260226_034419/video.png,processed/aligned/000296_20260226_034419/overlay.png,0.444967083632946,0.2396697998046875,0.612603759765625,processed/aligned/000296_20260226_034419/mask_80c.png,0,0.0
000297_20260226_034420,exported,20260226_034420.tiff,2026-02-26 03:44:20,320.85032679738566,00:05:20.850,9626,raw/thermal/20260226_034420.tiff,processed/aligned/000297_20260226_034420/thermal.tiff,processed/aligned/000297_20260226_034420/thermal.png,processed/aligned/000297_20260226_034420/video.png,processed/aligned/000297_20260226_034420/overlay.png,0.44316354393959045,0.2798309326171875,0.492510986328125,processed/aligned/000297_20260226_034420/mask_80c.png,0,0.0
000298_20260226_034421,exported,20260226_034421.tiff,2026-02-26 03:44:21,321.8514161220044,00:05:21.851,9656,raw/thermal/20260226_034421.tiff,processed/aligned/000298_20260226_034421/thermal.tiff,processed/aligned/000298_20260226_034421/thermal.png,processed/aligned/000298_20260226_034421/video.png,processed/aligned/000298_20260226_034421/overlay.png,0.49219243228435516,0.282989501953125,0.674407958984375,processed/aligned/000298_20260226_034421/mask_80c.png,0,0.0
000299_20260226_034422,exported,20260226_034422.tiff,2026-02-26 03:44:22,322.8525054466231,00:05:22.853,9686,raw/thermal/20260226_034422.tiff,processed/aligned/000299_20260226_034422/thermal.tiff,processed/aligned/000299_20260226_034422/thermal.png,processed/aligned/000299_20260226_034422/video.png,processed/aligned/000299_20260226_034422/overlay.png,0.41812529414892197,0.184527587890625,0.68731689453125,processed/aligned/000299_20260226_034422/mask_80c.png,3191,0.0097381591796875
000300_20260226_034423,exported,20260226_034423.tiff,2026-02-26 03:44:23,323.8535947712419,00:05:23.854,9716,raw/thermal/20260226_034423.tiff,processed/aligned/000300_20260226_034423/thermal.tiff,processed/aligned/000300_20260226_034423/thermal.png,processed/aligned/000300_20260226_034423/video.png,processed/aligned/000300_20260226_034423/overlay.png,0.40724673867225647,0.1970367431640625,0.6514739990234375,processed/aligned/000300_20260226_034423/mask_80c.png,5030,0.015350341796875
000301_20260226_034424,exported,20260226_034424.tiff,2026-02-26 03:44:24,324.8546840958606,00:05:24.855,9746,raw/thermal/20260226_034424.tiff,processed/aligned/000301_20260226_034424/thermal.tiff,processed/aligned/000301_20260226_034424/thermal.png,processed/aligned/000301_20260226_034424/video.png,processed/aligned/000301_20260226_034424/overlay.png,0.44598977267742157,0.2312408447265625,0.66837158203125,processed/aligned/000301_20260226_034424/mask_80c.png,741,0.0022613525390625
000302_20260226_034425,exported,20260226_034425.tiff,2026-02-26 03:44:25,325.85577342047935,00:05:25.856,9776,raw/thermal/20260226_034425.tiff,processed/aligned/000302_20260226_034425/thermal.tiff,processed/aligned/000302_20260226_034425/thermal.png,processed/aligned/000302_20260226_034425/video.png,processed/aligned/000302_20260226_034425/overlay.png,0.4481121152639389,0.274530029296875,0.5846435546875,processed/aligned/000302_20260226_034425/mask_80c.png,1818,0.005548095703125
000303_20260226_034426,exported,20260226_034426.tiff,2026-02-26 03:44:26,326.85686274509806,00:05:26.857,9806,raw/thermal/20260226_034426.tiff,processed/aligned/000303_20260226_034426/thermal.tiff,processed/aligned/000303_20260226_034426/thermal.png,processed/aligned/000303_20260226_034426/video.png,processed/aligned/000303_20260226_034426/overlay.png,0.29805076122283936,0.174688720703125,0.4679840087890625,processed/aligned/000303_20260226_034426/mask_80c.png,3463,0.0105682373046875
000304_20260226_034427,exported,20260226_034427.tiff,2026-02-26 03:44:27,327.8579520697168,00:05:27.858,9836,raw/thermal/20260226_034427.tiff,processed/aligned/000304_20260226_034427/thermal.tiff,processed/aligned/000304_20260226_034427/thermal.png,processed/aligned/000304_20260226_034427/video.png,processed/aligned/000304_20260226_034427/overlay.png,0.2680073194205761,0.1943023681640625,0.31180419921875,processed/aligned/000304_20260226_034427/mask_80c.png,1369,0.0041778564453125
000305_20260226_034428,exported,20260226_034428.tiff,2026-02-26 03:44:28,328.8590413943356,00:05:28.859,9866,raw/thermal/20260226_034428.tiff,processed/aligned/000305_20260226_034428/thermal.tiff,processed/aligned/000305_20260226_034428/thermal.png,processed/aligned/000305_20260226_034428/video.png,processed/aligned/000305_20260226_034428/overlay.png,0.27471231669187546,0.1679046630859375,0.2713043212890625,processed/aligned/000305_20260226_034428/mask_80c.png,1048,0.0031982421875
000306_20260226_034429,exported,20260226_034429.tiff,2026-02-26 03:44:29,329.8601307189543,00:05:29.860,9896,raw/thermal/20260226_034429.tiff,processed/aligned/000306_20260226_034429/thermal.tiff,processed/aligned/000306_20260226_034429/thermal.png,processed/aligned/000306_20260226_034429/video.png,processed/aligned/000306_20260226_034429/overlay.png,0.32699690014123917,0.24261474609375,0.2497711181640625,processed/aligned/000306_20260226_034429/mask_80c.png,987,0.0030120849609375
000307_20260226_034430,exported,20260226_034430.tiff,2026-02-26 03:44:30,330.86122004357304,00:05:30.861,9926,raw/thermal/20260226_034430.tiff,processed/aligned/000307_20260226_034430/thermal.tiff,processed/aligned/000307_20260226_034430/thermal.png,processed/aligned/000307_20260226_034430/video.png,processed/aligned/000307_20260226_034430/overlay.png,0.33422596752643585,0.2609954833984375,0.2610443115234375,processed/aligned/000307_20260226_034430/mask_80c.png,743,0.0022674560546875
000308_20260226_034431,exported,20260226_034431.tiff,2026-02-26 03:44:31,331.86230936819175,00:05:31.862,9956,raw/thermal/20260226_034431.tiff,processed/aligned/000308_20260226_034431/thermal.tiff,processed/aligned/000308_20260226_034431/thermal.png,processed/aligned/000308_20260226_034431/video.png,processed/aligned/000308_20260226_034431/overlay.png,0.2909211628139019,0.17667236328125,0.274017333984375,processed/aligned/000308_20260226_034431/mask_80c.png,1774,0.005413818359375
000309_20260226_034432,exported,20260226_034432.tiff,2026-02-26 03:44:32,332.8633986928105,00:05:32.863,9986,raw/thermal/20260226_034432.tiff,processed/aligned/000309_20260226_034432/thermal.tiff,processed/aligned/000309_20260226_034432/thermal.png,processed/aligned/000309_20260226_034432/video.png,processed/aligned/000309_20260226_034432/overlay.png,0.3037807121872902,0.208154296875,0.253875732421875,processed/aligned/000309_20260226_034432/mask_80c.png,1771,0.0054046630859375
000310_20260226_034433,exported,20260226_034433.tiff,2026-02-26 03:44:33,333.8644880174292,00:05:33.864,10016,raw/thermal/20260226_034433.tiff,processed/aligned/000310_20260226_034433/thermal.tiff,processed/aligned/000310_20260226_034433/thermal.png,processed/aligned/000310_20260226_034433/video.png,processed/aligned/000310_20260226_034433/overlay.png,0.28335297107696533,0.1628814697265625,0.2833465576171875,processed/aligned/000310_20260226_034433/mask_80c.png,2100,0.00640869140625
000311_20260226_034434,exported,20260226_034434.tiff,2026-02-26 03:44:34,334.86557734204797,00:05:34.866,10046,raw/thermal/20260226_034434.tiff,processed/aligned/000311_20260226_034434/thermal.tiff,processed/aligned/000311_20260226_034434/thermal.png,processed/aligned/000311_20260226_034434/video.png,processed/aligned/000311_20260226_034434/overlay.png,0.2930642329156399,0.15426025390625,0.320989990234375,processed/aligned/000311_20260226_034434/mask_80c.png,2559,0.0078094482421875
000312_20260226_034435,exported,20260226_034435.tiff,2026-02-26 03:44:35,335.86666666666673,00:05:35.867,10076,raw/thermal/20260226_034435.tiff,processed/aligned/000312_20260226_034435/thermal.tiff,processed/aligned/000312_20260226_034435/thermal.png,processed/aligned/000312_20260226_034435/video.png,processed/aligned/000312_20260226_034435/overlay.png,0.3224020451307297,0.17109375,0.32734375,processed/aligned/000312_20260226_034435/mask_80c.png,1861,0.0056793212890625
000313_20260226_034436,exported,20260226_034436.tiff,2026-02-26 03:44:36,336.86775599128543,00:05:36.868,10106,raw/thermal/20260226_034436.tiff,processed/aligned/000313_20260226_034436/thermal.tiff,processed/aligned/000313_20260226_034436/thermal.png,processed/aligned/000313_20260226_034436/video.png,processed/aligned/000313_20260226_034436/overlay.png,0.302197627723217,0.1165313720703125,0.456011962890625,processed/aligned/000313_20260226_034436/mask_80c.png,1422,0.004339599609375
000314_20260226_034437,exported,20260226_034437.tiff,2026-02-26 03:44:37,337.8688453159042,00:05:37.869,10136,raw/thermal/20260226_034437.tiff,processed/aligned/000314_20260226_034437/thermal.tiff,processed/aligned/000314_20260226_034437/thermal.png,processed/aligned/000314_20260226_034437/video.png,processed/aligned/000314_20260226_034437/overlay.png,0.3219486251473427,0.13505859375,0.4926544189453125,processed/aligned/000314_20260226_034437/mask_80c.png,3443,0.0105072021484375
000315_20260226_034438,exported,20260226_034438.tiff,2026-02-26 03:44:38,338.8699346405229,00:05:38.870,10166,raw/thermal/20260226_034438.tiff,processed/aligned/000315_20260226_034438/thermal.tiff,processed/aligned/000315_20260226_034438/thermal.png,processed/aligned/000315_20260226_034438/video.png,processed/aligned/000315_20260226_034438/overlay.png,0.29781877622008324,0.0975341796875,0.5015838623046875,processed/aligned/000315_20260226_034438/mask_80c.png,4090,0.012481689453125
000316_20260226_034439,exported,20260226_034439.tiff,2026-02-26 03:44:39,339.87102396514166,00:05:39.871,10196,raw/thermal/20260226_034439.tiff,processed/aligned/000316_20260226_034439/thermal.tiff,processed/aligned/000316_20260226_034439/thermal.png,processed/aligned/000316_20260226_034439/video.png,processed/aligned/000316_20260226_034439/overlay.png,0.2968732379376888,0.0859649658203125,0.50709228515625,processed/aligned/000316_20260226_034439/mask_80c.png,4278,0.013055419921875
000317_20260226_034440,exported,20260226_034440.tiff,2026-02-26 03:44:40,340.87211328976036,00:05:40.872,10226,raw/thermal/20260226_034440.tiff,processed/aligned/000317_20260226_034440/thermal.tiff,processed/aligned/000317_20260226_034440/thermal.png,processed/aligned/000317_20260226_034440/video.png,processed/aligned/000317_20260226_034440/overlay.png,0.2785566672682762,0.0573822021484375,0.5560089111328125,processed/aligned/000317_20260226_034440/mask_80c.png,5001,0.0152618408203125
000318_20260226_034441,exported,20260226_034441.tiff,2026-02-26 03:44:41,341.8732026143791,00:05:41.873,10256,raw/thermal/20260226_034441.tiff,processed/aligned/000318_20260226_034441/thermal.tiff,processed/aligned/000318_20260226_034441/thermal.png,processed/aligned/000318_20260226_034441/video.png,processed/aligned/000318_20260226_034441/overlay.png,0.2701536864042282,0.0570404052734375,0.55301513671875,processed/aligned/000318_20260226_034441/mask_80c.png,4549,0.0138824462890625
000319_20260226_034442,exported,20260226_034442.tiff,2026-02-26 03:44:42,342.8742919389979,00:05:42.874,10286,raw/thermal/20260226_034442.tiff,processed/aligned/000319_20260226_034442/thermal.tiff,processed/aligned/000319_20260226_034442/thermal.png,processed/aligned/000319_20260226_034442/video.png,processed/aligned/000319_20260226_034442/overlay.png,0.2938072457909584,0.07850341796875,0.572430419921875,processed/aligned/000319_20260226_034442/mask_80c.png,3953,0.0120635986328125
000320_20260226_034443,exported,20260226_034443.tiff,2026-02-26 03:44:43,343.8753812636166,00:05:43.875,10316,raw/thermal/20260226_034443.tiff,processed/aligned/000320_20260226_034443/thermal.tiff,processed/aligned/000320_20260226_034443/thermal.png,processed/aligned/000320_20260226_034443/video.png,processed/aligned/000320_20260226_034443/overlay.png,0.3185303658246994,0.11212158203125,0.5892425537109375,processed/aligned/000320_20260226_034443/mask_80c.png,3961,0.0120880126953125
000321_20260226_034444,exported,20260226_034444.tiff,2026-02-26 03:44:44,344.87647058823535,00:05:44.876,10346,raw/thermal/20260226_034444.tiff,processed/aligned/000321_20260226_034444/thermal.tiff,processed/aligned/000321_20260226_034444/thermal.png,processed/aligned/000321_20260226_034444/video.png,processed/aligned/000321_20260226_034444/overlay.png,0.33143705129623413,0.1304229736328125,0.612420654296875,processed/aligned/000321_20260226_034444/mask_80c.png,3743,0.0114227294921875
000322_20260226_034445,exported,20260226_034445.tiff,2026-02-26 03:44:45,345.87755991285405,00:05:45.878,10376,raw/thermal/20260226_034445.tiff,processed/aligned/000322_20260226_034445/thermal.tiff,processed/aligned/000322_20260226_034445/thermal.png,processed/aligned/000322_20260226_034445/video.png,processed/aligned/000322_20260226_034445/overlay.png,0.326335147023201,0.13046875,0.5716033935546875,processed/aligned/000322_20260226_034445/mask_80c.png,4131,0.0126068115234375
000323_20260226_034446,exported,20260226_034446.tiff,2026-02-26 03:44:46,346.8786492374728,00:05:46.879,10406,raw/thermal/20260226_034446.tiff,processed/aligned/000323_20260226_034446/thermal.tiff,processed/aligned/000323_20260226_034446/thermal.png,processed/aligned/000323_20260226_034446/video.png,processed/aligned/000323_20260226_034446/overlay.png,0.30693066120147705,0.1323638916015625,0.52572021484375,processed/aligned/000323_20260226_034446/mask_80c.png,3806,0.011614990234375
000324_20260226_034447,exported,20260226_034447.tiff,2026-02-26 03:44:47,347.8797385620915,00:05:47.880,10436,raw/thermal/20260226_034447.tiff,processed/aligned/000324_20260226_034447/thermal.tiff,processed/aligned/000324_20260226_034447/thermal.png,processed/aligned/000324_20260226_034447/video.png,processed/aligned/000324_20260226_034447/overlay.png,0.3331289514899254,0.1386505126953125,0.3958648681640625,processed/aligned/000324_20260226_034447/mask_80c.png,3102,0.009466552734375
000325_20260226_034448,exported,20260226_034448.tiff,2026-02-26 03:44:48,348.8808278867103,00:05:48.881,10466,raw/thermal/20260226_034448.tiff,processed/aligned/000325_20260226_034448/thermal.tiff,processed/aligned/000325_20260226_034448/thermal.png,processed/aligned/000325_20260226_034448/video.png,processed/aligned/000325_20260226_034448/overlay.png,0.26549604535102844,0.062982177734375,0.262847900390625,processed/aligned/000325_20260226_034448/mask_80c.png,424,0.0012939453125
000326_20260226_034449,exported,20260226_034449.tiff,2026-02-26 03:44:49,349.88191721132904,00:05:49.882,10496,raw/thermal/20260226_034449.tiff,processed/aligned/000326_20260226_034449/thermal.tiff,processed/aligned/000326_20260226_034449/thermal.png,processed/aligned/000326_20260226_034449/video.png,processed/aligned/000326_20260226_034449/overlay.png,0.2729027569293976,0.0717529296875,0.238189697265625,processed/aligned/000326_20260226_034449/mask_80c.png,0,0.0
000327_20260226_034450,exported,20260226_034450.tiff,2026-02-26 03:44:50,350.88300653594774,00:05:50.883,10526,raw/thermal/20260226_034450.tiff,processed/aligned/000327_20260226_034450/thermal.tiff,processed/aligned/000327_20260226_034450/thermal.png,processed/aligned/000327_20260226_034450/video.png,processed/aligned/000327_20260226_034450/overlay.png,0.3616761267185211,0.1449066162109375,0.298431396484375,processed/aligned/000327_20260226_034450/mask_80c.png,0,0.0
000328_20260226_034451,exported,20260226_034451.tiff,2026-02-26 03:44:51,351.8840958605665,00:05:51.884,10557,raw/thermal/20260226_034451.tiff,processed/aligned/000328_20260226_034451/thermal.tiff,processed/aligned/000328_20260226_034451/thermal.png,processed/aligned/000328_20260226_034451/video.png,processed/aligned/000328_20260226_034451/overlay.png,0.3497294560074806,0.1861724853515625,0.3381103515625,processed/aligned/000328_20260226_034451/mask_80c.png,0,0.0
000329_20260226_034452,exported,20260226_034452.tiff,2026-02-26 03:44:52,352.8851851851852,00:05:52.885,10587,raw/thermal/20260226_034452.tiff,processed/aligned/000329_20260226_034452/thermal.tiff,processed/aligned/000329_20260226_034452/thermal.png,processed/aligned/000329_20260226_034452/video.png,processed/aligned/000329_20260226_034452/overlay.png,0.3205542378127575,0.1579345703125,0.323651123046875,processed/aligned/000329_20260226_034452/mask_80c.png,0,0.0
000330_20260226_034453,exported,20260226_034453.tiff,2026-02-26 03:44:53,353.88627450980397,00:05:53.886,10617,raw/thermal/20260226_034453.tiff,processed/aligned/000330_20260226_034453/thermal.tiff,processed/aligned/000330_20260226_034453/thermal.png,processed/aligned/000330_20260226_034453/video.png,processed/aligned/000330_20260226_034453/overlay.png,0.3536403477191925,0.163275146484375,0.4035400390625,processed/aligned/000330_20260226_034453/mask_80c.png,0,0.0
000331_20260226_034454,exported,20260226_034454.tiff,2026-02-26 03:44:54,354.8873638344227,00:05:54.887,10647,raw/thermal/20260226_034454.tiff,processed/aligned/000331_20260226_034454/thermal.tiff,processed/aligned/000331_20260226_034454/thermal.png,processed/aligned/000331_20260226_034454/video.png,processed/aligned/000331_20260226_034454/overlay.png,0.3574977070093155,0.1295074462890625,0.4951446533203125,processed/aligned/000331_20260226_034454/mask_80c.png,0,0.0
000332_20260226_034455,exported,20260226_034455.tiff,2026-02-26 03:44:55,355.88845315904143,00:05:55.888,10677,raw/thermal/20260226_034455.tiff,processed/aligned/000332_20260226_034455/thermal.tiff,processed/aligned/000332_20260226_034455/thermal.png,processed/aligned/000332_20260226_034455/video.png,processed/aligned/000332_20260226_034455/overlay.png,0.3592139706015587,0.143194580078125,0.48408203125,processed/aligned/000332_20260226_034455/mask_80c.png,0,0.0
000333_20260226_034456,exported,20260226_034456.tiff,2026-02-26 03:44:56,356.8895424836602,00:05:56.890,10707,raw/thermal/20260226_034456.tiff,processed/aligned/000333_20260226_034456/thermal.tiff,processed/aligned/000333_20260226_034456/thermal.png,processed/aligned/000333_20260226_034456/video.png,processed/aligned/000333_20260226_034456/overlay.png,0.3172930143773556,0.0851104736328125,0.49783935546875,processed/aligned/000333_20260226_034456/mask_80c.png,0,0.0
000334_20260226_034457,exported,20260226_034457.tiff,2026-02-26 03:44:57,357.8906318082789,00:05:57.891,10737,raw/thermal/20260226_034457.tiff,processed/aligned/000334_20260226_034457/thermal.tiff,processed/aligned/000334_20260226_034457/thermal.png,processed/aligned/000334_20260226_034457/video.png,processed/aligned/000334_20260226_034457/overlay.png,0.34764957427978516,0.1212005615234375,0.52568359375,processed/aligned/000334_20260226_034457/mask_80c.png,0,0.0
000335_20260226_034458,exported,20260226_034458.tiff,2026-02-26 03:44:58,358.89172113289766,00:05:58.892,10767,raw/thermal/20260226_034458.tiff,processed/aligned/000335_20260226_034458/thermal.tiff,processed/aligned/000335_20260226_034458/thermal.png,processed/aligned/000335_20260226_034458/video.png,processed/aligned/000335_20260226_034458/overlay.png,0.25892553105950356,0.0375579833984375,0.4981658935546875,processed/aligned/000335_20260226_034458/mask_80c.png,0,0.0
000336_20260226_034459,exported,20260226_034459.tiff,2026-02-26 03:44:59,359.89281045751636,00:05:59.893,10797,raw/thermal/20260226_034459.tiff,processed/aligned/000336_20260226_034459/thermal.tiff,processed/aligned/000336_20260226_034459/thermal.png,processed/aligned/000336_20260226_034459/video.png,processed/aligned/000336_20260226_034459/overlay.png,0.36170594394207,0.1181610107421875,0.5914154052734375,processed/aligned/000336_20260226_034459/mask_80c.png,0,0.0
000337_20260226_034500,exported,20260226_034500.tiff,2026-02-26 03:45:00,360.8938997821351,00:06:00.894,10827,raw/thermal/20260226_034500.tiff,processed/aligned/000337_20260226_034500/thermal.tiff,processed/aligned/000337_20260226_034500/thermal.png,processed/aligned/000337_20260226_034500/video.png,processed/aligned/000337_20260226_034500/overlay.png,0.2686455436050892,0.029449462890625,0.553314208984375,processed/aligned/000337_20260226_034500/mask_80c.png,0,0.0
000338_20260226_034501,exported,20260226_034501.tiff,2026-02-26 03:45:01,361.8949891067539,00:06:01.895,10857,raw/thermal/20260226_034501.tiff,processed/aligned/000338_20260226_034501/thermal.tiff,processed/aligned/000338_20260226_034501/thermal.png,processed/aligned/000338_20260226_034501/video.png,processed/aligned/000338_20260226_034501/overlay.png,0.23649676330387592,0.013690185546875,0.610369873046875,processed/aligned/000338_20260226_034501/mask_80c.png,0,0.0
000339_20260226_034502,exported,20260226_034502.tiff,2026-02-26 03:45:02,362.8960784313726,00:06:02.896,10887,raw/thermal/20260226_034502.tiff,processed/aligned/000339_20260226_034502/thermal.tiff,processed/aligned/000339_20260226_034502/thermal.png,processed/aligned/000339_20260226_034502/video.png,processed/aligned/000339_20260226_034502/overlay.png,0.29683955758810043,0.04906005859375,0.5612518310546875,processed/aligned/000339_20260226_034502/mask_80c.png,0,0.0
000340_20260226_034503,exported,20260226_034503.tiff,2026-02-26 03:45:03,363.89716775599135,00:06:03.897,10917,raw/thermal/20260226_034503.tiff,processed/aligned/000340_20260226_034503/thermal.tiff,processed/aligned/000340_20260226_034503/thermal.png,processed/aligned/000340_20260226_034503/video.png,processed/aligned/000340_20260226_034503/overlay.png,0.21884789131581783,0.01317138671875,0.4429351806640625,processed/aligned/000340_20260226_034503/mask_80c.png,0,0.0
000341_20260226_034504,exported,20260226_034504.tiff,2026-02-26 03:45:04,364.89825708061005,00:06:04.898,10947,raw/thermal/20260226_034504.tiff,processed/aligned/000341_20260226_034504/thermal.tiff,processed/aligned/000341_20260226_034504/thermal.png,processed/aligned/000341_20260226_034504/video.png,processed/aligned/000341_20260226_034504/overlay.png,0.23037671111524105,0.0206207275390625,0.4413116455078125,processed/aligned/000341_20260226_034504/mask_80c.png,0,0.0
000342_20260226_034505,exported,20260226_034505.tiff,2026-02-26 03:45:05,365.8993464052288,00:06:05.899,10977,raw/thermal/20260226_034505.tiff,processed/aligned/000342_20260226_034505/thermal.tiff,processed/aligned/000342_20260226_034505/thermal.png,processed/aligned/000342_20260226_034505/video.png,processed/aligned/000342_20260226_034505/overlay.png,0.2414121851325035,0.037884521484375,0.355596923828125,processed/aligned/000342_20260226_034505/mask_80c.png,0,0.0
000343_20260226_034506,exported,20260226_034506.tiff,2026-02-26 03:45:06,366.9004357298475,00:06:06.900,11007,raw/thermal/20260226_034506.tiff,processed/aligned/000343_20260226_034506/thermal.tiff,processed/aligned/000343_20260226_034506/thermal.png,processed/aligned/000343_20260226_034506/video.png,processed/aligned/000343_20260226_034506/overlay.png,0.22948941215872765,0.0191009521484375,0.4024810791015625,processed/aligned/000343_20260226_034506/mask_80c.png,0,0.0
000344_20260226_034507,exported,20260226_034507.tiff,2026-02-26 03:45:07,367.9015250544663,00:06:07.902,11037,raw/thermal/20260226_034507.tiff,processed/aligned/000344_20260226_034507/thermal.tiff,processed/aligned/000344_20260226_034507/thermal.png,processed/aligned/000344_20260226_034507/video.png,processed/aligned/000344_20260226_034507/overlay.png,0.24634842574596405,0.0384765625,0.3666259765625,processed/aligned/000344_20260226_034507/mask_80c.png,0,0.0
000345_20260226_034508,exported,20260226_034508.tiff,2026-02-26 03:45:08,368.90261437908504,00:06:08.903,11067,raw/thermal/20260226_034508.tiff,processed/aligned/000345_20260226_034508/thermal.tiff,processed/aligned/000345_20260226_034508/thermal.png,processed/aligned/000345_20260226_034508/video.png,processed/aligned/000345_20260226_034508/overlay.png,0.24141933768987656,0.0276458740234375,0.380108642578125,processed/aligned/000345_20260226_034508/mask_80c.png,0,0.0
000346_20260226_034509,exported,20260226_034509.tiff,2026-02-26 03:45:09,369.90370370370374,00:06:09.904,11097,raw/thermal/20260226_034509.tiff,processed/aligned/000346_20260226_034509/thermal.tiff,processed/aligned/000346_20260226_034509/thermal.png,processed/aligned/000346_20260226_034509/video.png,processed/aligned/000346_20260226_034509/overlay.png,0.2656775265932083,0.0523162841796875,0.4667999267578125,processed/aligned/000346_20260226_034509/mask_80c.png,0,0.0
000347_20260226_034510,exported,20260226_034510.tiff,2026-02-26 03:45:10,370.9047930283225,00:06:10.905,11127,raw/thermal/20260226_034510.tiff,processed/aligned/000347_20260226_034510/thermal.tiff,processed/aligned/000347_20260226_034510/thermal.png,processed/aligned/000347_20260226_034510/video.png,processed/aligned/000347_20260226_034510/overlay.png,0.3010652922093868,0.071881103515625,0.452325439453125,processed/aligned/000347_20260226_034510/mask_80c.png,0,0.0
000348_20260226_034511,exported,20260226_034511.tiff,2026-02-26 03:45:11,371.9058823529412,00:06:11.906,11157,raw/thermal/20260226_034511.tiff,processed/aligned/000348_20260226_034511/thermal.tiff,processed/aligned/000348_20260226_034511/thermal.png,processed/aligned/000348_20260226_034511/video.png,processed/aligned/000348_20260226_034511/overlay.png,0.2441538367420435,0.0358245849609375,0.4466766357421875,processed/aligned/000348_20260226_034511/mask_80c.png,0,0.0
000349_20260226_034512,exported,20260226_034512.tiff,2026-02-26 03:45:12,372.90697167755997,00:06:12.907,11187,raw/thermal/20260226_034512.tiff,processed/aligned/000349_20260226_034512/thermal.tiff,processed/aligned/000349_20260226_034512/thermal.png,processed/aligned/000349_20260226_034512/video.png,processed/aligned/000349_20260226_034512/overlay.png,0.2718762867152691,0.0355438232421875,0.549365234375,processed/aligned/000349_20260226_034512/mask_80c.png,0,0.0
000350_20260226_034513,exported,20260226_034513.tiff,2026-02-26 03:45:13,373.90806100217867,00:06:13.908,11217,raw/thermal/20260226_034513.tiff,processed/aligned/000350_20260226_034513/thermal.tiff,processed/aligned/000350_20260226_034513/thermal.png,processed/aligned/000350_20260226_034513/video.png,processed/aligned/000350_20260226_034513/overlay.png,0.3114907443523407,0.0662200927734375,0.5530487060546875,processed/aligned/000350_20260226_034513/mask_80c.png,0,0.0
000351_20260226_034514,exported,20260226_034514.tiff,2026-02-26 03:45:14,374.90915032679743,00:06:14.909,11247,raw/thermal/20260226_034514.tiff,processed/aligned/000351_20260226_034514/thermal.tiff,processed/aligned/000351_20260226_034514/thermal.png,processed/aligned/000351_20260226_034514/video.png,processed/aligned/000351_20260226_034514/overlay.png,0.2765533812344074,0.0441619873046875,0.403009033203125,processed/aligned/000351_20260226_034514/mask_80c.png,0,0.0
000352_20260226_034515,exported,20260226_034515.tiff,2026-02-26 03:45:15,375.9102396514162,00:06:15.910,11277,raw/thermal/20260226_034515.tiff,processed/aligned/000352_20260226_034515/thermal.tiff,processed/aligned/000352_20260226_034515/thermal.png,processed/aligned/000352_20260226_034515/video.png,processed/aligned/000352_20260226_034515/overlay.png,0.3111504800617695,0.08173828125,0.48135986328125,processed/aligned/000352_20260226_034515/mask_80c.png,0,0.0
000353_20260226_034516,exported,20260226_034516.tiff,2026-02-26 03:45:16,376.9113289760349,00:06:16.911,11307,raw/thermal/20260226_034516.tiff,processed/aligned/000353_20260226_034516/thermal.tiff,processed/aligned/000353_20260226_034516/thermal.png,processed/aligned/000353_20260226_034516/video.png,processed/aligned/000353_20260226_034516/overlay.png,0.34452439099550247,0.091278076171875,0.5629119873046875,processed/aligned/000353_20260226_034516/mask_80c.png,0,0.0
000354_20260226_034517,exported,20260226_034517.tiff,2026-02-26 03:45:17,377.91241830065366,00:06:17.912,11337,raw/thermal/20260226_034517.tiff,processed/aligned/000354_20260226_034517/thermal.tiff,processed/aligned/000354_20260226_034517/thermal.png,processed/aligned/000354_20260226_034517/video.png,processed/aligned/000354_20260226_034517/overlay.png,0.29352255538105965,0.0504791259765625,0.55916748046875,processed/aligned/000354_20260226_034517/mask_80c.png,0,0.0
000355_20260226_034518,exported,20260226_034518.tiff,2026-02-26 03:45:18,378.91350762527236,00:06:18.914,11367,raw/thermal/20260226_034518.tiff,processed/aligned/000355_20260226_034518/thermal.tiff,processed/aligned/000355_20260226_034518/thermal.png,processed/aligned/000355_20260226_034518/video.png,processed/aligned/000355_20260226_034518/overlay.png,0.46328040957450867,0.29599609375,0.5950775146484375,processed/aligned/000355_20260226_034518/mask_80c.png,0,0.0
000356_20260226_034519,exported,20260226_034519.tiff,2026-02-26 03:45:19,379.9145969498911,00:06:19.915,11397,raw/thermal/20260226_034519.tiff,processed/aligned/000356_20260226_034519/thermal.tiff,processed/aligned/000356_20260226_034519/thermal.png,processed/aligned/000356_20260226_034519/video.png,processed/aligned/000356_20260226_034519/overlay.png,0.38287121802568436,0.1426788330078125,0.6656524658203125,processed/aligned/000356_20260226_034519/mask_80c.png,0,0.0
000357_20260226_034520,exported,20260226_034520.tiff,2026-02-26 03:45:20,380.9156862745098,00:06:20.916,11427,raw/thermal/20260226_034520.tiff,processed/aligned/000357_20260226_034520/thermal.tiff,processed/aligned/000357_20260226_034520/thermal.png,processed/aligned/000357_20260226_034520/video.png,processed/aligned/000357_20260226_034520/overlay.png,0.30234622210264206,0.0618011474609375,0.580181884765625,processed/aligned/000357_20260226_034520/mask_80c.png,0,0.0
000358_20260226_034521,exported,20260226_034521.tiff,2026-02-26 03:45:21,381.9167755991286,00:06:21.917,11458,raw/thermal/20260226_034521.tiff,processed/aligned/000358_20260226_034521/thermal.tiff,processed/aligned/000358_20260226_034521/thermal.png,processed/aligned/000358_20260226_034521/video.png,processed/aligned/000358_20260226_034521/overlay.png,0.3314894624054432,0.0813720703125,0.6253570556640625,processed/aligned/000358_20260226_034521/mask_80c.png,0,0.0
000359_20260226_034522,exported,20260226_034522.tiff,2026-02-26 03:45:22,382.91786492374735,00:06:22.918,11488,raw/thermal/20260226_034522.tiff,processed/aligned/000359_20260226_034522/thermal.tiff,processed/aligned/000359_20260226_034522/thermal.png,processed/aligned/000359_20260226_034522/video.png,processed/aligned/000359_20260226_034522/overlay.png,0.29405583068728447,0.05655517578125,0.6168792724609375,processed/aligned/000359_20260226_034522/mask_80c.png,0,0.0
000360_20260226_034523,exported,20260226_034523.tiff,2026-02-26 03:45:23,383.91895424836605,00:06:23.919,11518,raw/thermal/20260226_034523.tiff,processed/aligned/000360_20260226_034523/thermal.tiff,processed/aligned/000360_20260226_034523/thermal.png,processed/aligned/000360_20260226_034523/video.png,processed/aligned/000360_20260226_034523/overlay.png,0.3408302068710327,0.0872528076171875,0.6541961669921875,processed/aligned/000360_20260226_034523/mask_80c.png,0,0.0
000361_20260226_034524,exported,20260226_034524.tiff,2026-02-26 03:45:24,384.9200435729848,00:06:24.920,11548,raw/thermal/20260226_034524.tiff,processed/aligned/000361_20260226_034524/thermal.tiff,processed/aligned/000361_20260226_034524/thermal.png,processed/aligned/000361_20260226_034524/video.png,processed/aligned/000361_20260226_034524/overlay.png,0.3643745258450508,0.109228515625,0.67449951171875,processed/aligned/000361_20260226_034524/mask_80c.png,0,0.0
000362_20260226_034525,exported,20260226_034525.tiff,2026-02-26 03:45:25,385.9211328976035,00:06:25.921,11578,raw/thermal/20260226_034525.tiff,processed/aligned/000362_20260226_034525/thermal.tiff,processed/aligned/000362_20260226_034525/thermal.png,processed/aligned/000362_20260226_034525/video.png,processed/aligned/000362_20260226_034525/overlay.png,0.3202561140060425,0.0803741455078125,0.5931671142578125,processed/aligned/000362_20260226_034525/mask_80c.png,0,0.0
000363_20260226_034526,exported,20260226_034526.tiff,2026-02-26 03:45:26,386.9222222222223,00:06:26.922,11608,raw/thermal/20260226_034526.tiff,processed/aligned/000363_20260226_034526/thermal.tiff,processed/aligned/000363_20260226_034526/thermal.png,processed/aligned/000363_20260226_034526/video.png,processed/aligned/000363_20260226_034526/overlay.png,0.2944335676729679,0.046697998046875,0.6591949462890625,processed/aligned/000363_20260226_034526/mask_80c.png,0,0.0
000364_20260226_034527,exported,20260226_034527.tiff,2026-02-26 03:45:27,387.923311546841,00:06:27.923,11638,raw/thermal/20260226_034527.tiff,processed/aligned/000364_20260226_034527/thermal.tiff,processed/aligned/000364_20260226_034527/thermal.png,processed/aligned/000364_20260226_034527/video.png,processed/aligned/000364_20260226_034527/overlay.png,0.3292936831712723,0.0774627685546875,0.663336181640625,processed/aligned/000364_20260226_034527/mask_80c.png,0,0.0
000365_20260226_034528,exported,20260226_034528.tiff,2026-02-26 03:45:28,388.92440087145974,00:06:28.924,11668,raw/thermal/20260226_034528.tiff,processed/aligned/000365_20260226_034528/thermal.tiff,processed/aligned/000365_20260226_034528/thermal.png,processed/aligned/000365_20260226_034528/video.png,processed/aligned/000365_20260226_034528/overlay.png,0.336132250726223,0.1086944580078125,0.5454620361328125,processed/aligned/000365_20260226_034528/mask_80c.png,0,0.0
000366_20260226_034529,exported,20260226_034529.tiff,2026-02-26 03:45:29,389.9254901960785,00:06:29.925,11698,raw/thermal/20260226_034529.tiff,processed/aligned/000366_20260226_034529/thermal.tiff,processed/aligned/000366_20260226_034529/thermal.png,processed/aligned/000366_20260226_034529/video.png,processed/aligned/000366_20260226_034529/overlay.png,0.36649853736162186,0.12921142578125,0.5598602294921875,processed/aligned/000366_20260226_034529/mask_80c.png,0,0.0
000367_20260226_034530,exported,20260226_034530.tiff,2026-02-26 03:45:30,390.9265795206972,00:06:30.927,11728,raw/thermal/20260226_034530.tiff,processed/aligned/000367_20260226_034530/thermal.tiff,processed/aligned/000367_20260226_034530/thermal.png,processed/aligned/000367_20260226_034530/video.png,processed/aligned/000367_20260226_034530/overlay.png,0.3571348711848259,0.103265380859375,0.6272308349609375,processed/aligned/000367_20260226_034530/mask_80c.png,0,0.0
000368_20260226_034531,exported,20260226_034531.tiff,2026-02-26 03:45:31,391.92766884531596,00:06:31.928,11758,raw/thermal/20260226_034531.tiff,processed/aligned/000368_20260226_034531/thermal.tiff,processed/aligned/000368_20260226_034531/thermal.png,processed/aligned/000368_20260226_034531/video.png,processed/aligned/000368_20260226_034531/overlay.png,0.33426907658576965,0.083282470703125,0.5947174072265625,processed/aligned/000368_20260226_034531/mask_80c.png,0,0.0
000369_20260226_034532,exported,20260226_034532.tiff,2026-02-26 03:45:32,392.92875816993467,00:06:32.929,11788,raw/thermal/20260226_034532.tiff,processed/aligned/000369_20260226_034532/thermal.tiff,processed/aligned/000369_20260226_034532/thermal.png,processed/aligned/000369_20260226_034532/video.png,processed/aligned/000369_20260226_034532/overlay.png,0.34777871891856194,0.1011505126953125,0.60889892578125,processed/aligned/000369_20260226_034532/mask_80c.png,0,0.0
000370_20260226_034533,exported,20260226_034533.tiff,2026-02-26 03:45:33,393.9298474945534,00:06:33.930,11818,raw/thermal/20260226_034533.tiff,processed/aligned/000370_20260226_034533/thermal.tiff,processed/aligned/000370_20260226_034533/thermal.png,processed/aligned/000370_20260226_034533/video.png,processed/aligned/000370_20260226_034533/overlay.png,0.3185209594666958,0.0877410888671875,0.55289306640625,processed/aligned/000370_20260226_034533/mask_80c.png,0,0.0
000371_20260226_034534,exported,20260226_034534.tiff,2026-02-26 03:45:34,394.93093681917213,00:06:34.931,11848,raw/thermal/20260226_034534.tiff,processed/aligned/000371_20260226_034534/thermal.tiff,processed/aligned/000371_20260226_034534/thermal.png,processed/aligned/000371_20260226_034534/video.png,processed/aligned/000371_20260226_034534/overlay.png,0.3847605064511299,0.1242889404296875,0.665570068359375,processed/aligned/000371_20260226_034534/mask_80c.png,0,0.0
000372_20260226_034535,exported,20260226_034535.tiff,2026-02-26 03:45:35,395.9320261437909,00:06:35.932,11878,raw/thermal/20260226_034535.tiff,processed/aligned/000372_20260226_034535/thermal.tiff,processed/aligned/000372_20260226_034535/thermal.png,processed/aligned/000372_20260226_034535/video.png,processed/aligned/000372_20260226_034535/overlay.png,0.29446398094296455,0.0541351318359375,0.6037109375,processed/aligned/000372_20260226_034535/mask_80c.png,0,0.0
000373_20260226_034536,exported,20260226_034536.tiff,2026-02-26 03:45:36,396.93311546840965,00:06:36.933,11908,raw/thermal/20260226_034536.tiff,processed/aligned/000373_20260226_034536/thermal.tiff,processed/aligned/000373_20260226_034536/thermal.png,processed/aligned/000373_20260226_034536/video.png,processed/aligned/000373_20260226_034536/overlay.png,0.3417167104780674,0.085516357421875,0.638885498046875,processed/aligned/000373_20260226_034536/mask_80c.png,0,0.0
000374_20260226_034537,exported,20260226_034537.tiff,2026-02-26 03:45:37,397.93420479302836,00:06:37.934,11938,raw/thermal/20260226_034537.tiff,processed/aligned/000374_20260226_034537/thermal.tiff,processed/aligned/000374_20260226_034537/thermal.png,processed/aligned/000374_20260226_034537/video.png,processed/aligned/000374_20260226_034537/overlay.png,0.38513287901878357,0.145428466796875,0.623358154296875,processed/aligned/000374_20260226_034537/mask_80c.png,0,0.0
000375_20260226_034538,exported,20260226_034538.tiff,2026-02-26 03:45:38,398.9352941176471,00:06:38.935,11968,raw/thermal/20260226_034538.tiff,processed/aligned/000375_20260226_034538/thermal.tiff,processed/aligned/000375_20260226_034538/thermal.png,processed/aligned/000375_20260226_034538/video.png,processed/aligned/000375_20260226_034538/overlay.png,0.3160764202475548,0.0770355224609375,0.604705810546875,processed/aligned/000375_20260226_034538/mask_80c.png,0,0.0
000376_20260226_034539,exported,20260226_034539.tiff,2026-02-26 03:45:39,399.9363834422658,00:06:39.936,11998,raw/thermal/20260226_034539.tiff,processed/aligned/000376_20260226_034539/thermal.tiff,processed/aligned/000376_20260226_034539/thermal.png,processed/aligned/000376_20260226_034539/video.png,processed/aligned/000376_20260226_034539/overlay.png,0.31051473319530487,0.0635589599609375,0.6268463134765625,processed/aligned/000376_20260226_034539/mask_80c.png,0,0.0
000377_20260226_034540,exported,20260226_034540.tiff,2026-02-26 03:45:40,400.9374727668846,00:06:40.937,12028,raw/thermal/20260226_034540.tiff,processed/aligned/000377_20260226_034540/thermal.tiff,processed/aligned/000377_20260226_034540/thermal.png,processed/aligned/000377_20260226_034540/video.png,processed/aligned/000377_20260226_034540/overlay.png,0.36870598793029785,0.1275787353515625,0.63555908203125,processed/aligned/000377_20260226_034540/mask_80c.png,0,0.0
000378_20260226_034541,exported,20260226_034541.tiff,2026-02-26 03:45:41,401.9385620915033,00:06:41.939,12058,raw/thermal/20260226_034541.tiff,processed/aligned/000378_20260226_034541/thermal.tiff,processed/aligned/000378_20260226_034541/thermal.png,processed/aligned/000378_20260226_034541/video.png,processed/aligned/000378_20260226_034541/overlay.png,0.4131144881248474,0.1857086181640625,0.6337066650390625,processed/aligned/000378_20260226_034541/mask_80c.png,0,0.0
000379_20260226_034542,exported,20260226_034542.tiff,2026-02-26 03:45:42,402.93965141612205,00:06:42.940,12088,raw/thermal/20260226_034542.tiff,processed/aligned/000379_20260226_034542/thermal.tiff,processed/aligned/000379_20260226_034542/thermal.png,processed/aligned/000379_20260226_034542/video.png,processed/aligned/000379_20260226_034542/overlay.png,0.36859578639268875,0.12431640625,0.6347869873046875,processed/aligned/000379_20260226_034542/mask_80c.png,0,0.0
000380_20260226_034543,exported,20260226_034543.tiff,2026-02-26 03:45:43,403.9407407407408,00:06:43.941,12118,raw/thermal/20260226_034543.tiff,processed/aligned/000380_20260226_034543/thermal.tiff,processed/aligned/000380_20260226_034543/thermal.png,processed/aligned/000380_20260226_034543/video.png,processed/aligned/000380_20260226_034543/overlay.png,0.28845373168587685,0.04853515625,0.61182861328125,processed/aligned/000380_20260226_034543/mask_80c.png,0,0.0
000381_20260226_034544,exported,20260226_034544.tiff,2026-02-26 03:45:44,404.9418300653595,00:06:44.942,12148,raw/thermal/20260226_034544.tiff,processed/aligned/000381_20260226_034544/thermal.tiff,processed/aligned/000381_20260226_034544/thermal.png,processed/aligned/000381_20260226_034544/video.png,processed/aligned/000381_20260226_034544/overlay.png,0.3168444521725178,0.07987060546875,0.61470947265625,processed/aligned/000381_20260226_034544/mask_80c.png,0,0.0
000382_20260226_034545,exported,20260226_034545.tiff,2026-02-26 03:45:45,405.9429193899783,00:06:45.943,12178,raw/thermal/20260226_034545.tiff,processed/aligned/000382_20260226_034545/thermal.tiff,processed/aligned/000382_20260226_034545/thermal.png,processed/aligned/000382_20260226_034545/video.png,processed/aligned/000382_20260226_034545/overlay.png,0.4697132557630539,0.2604736328125,0.653497314453125,processed/aligned/000382_20260226_034545/mask_80c.png,0,0.0
000383_20260226_034546,exported,20260226_034546.tiff,2026-02-26 03:45:46,406.944008714597,00:06:46.944,12208,raw/thermal/20260226_034546.tiff,processed/aligned/000383_20260226_034546/thermal.tiff,processed/aligned/000383_20260226_034546/thermal.png,processed/aligned/000383_20260226_034546/video.png,processed/aligned/000383_20260226_034546/overlay.png,0.473721019923687,0.25609130859375,0.6617767333984375,processed/aligned/000383_20260226_034546/mask_80c.png,0,0.0
000384_20260226_034547,exported,20260226_034547.tiff,2026-02-26 03:45:47,407.94509803921574,00:06:47.945,12238,raw/thermal/20260226_034547.tiff,processed/aligned/000384_20260226_034547/thermal.tiff,processed/aligned/000384_20260226_034547/thermal.png,processed/aligned/000384_20260226_034547/video.png,processed/aligned/000384_20260226_034547/overlay.png,0.40878771245479584,0.1689910888671875,0.63389892578125,processed/aligned/000384_20260226_034547/mask_80c.png,0,0.0
000385_20260226_034548,exported,20260226_034548.tiff,2026-02-26 03:45:48,408.94618736383444,00:06:48.946,12268,raw/thermal/20260226_034548.tiff,processed/aligned/000385_20260226_034548/thermal.tiff,processed/aligned/000385_20260226_034548/thermal.png,processed/aligned/000385_20260226_034548/video.png,processed/aligned/000385_20260226_034548/overlay.png,0.34033889323472977,0.0833160400390625,0.64986572265625,processed/aligned/000385_20260226_034548/mask_80c.png,0,0.0
000386_20260226_034549,exported,20260226_034549.tiff,2026-02-26 03:45:49,409.9472766884532,00:06:49.947,12298,raw/thermal/20260226_034549.tiff,processed/aligned/000386_20260226_034549/thermal.tiff,processed/aligned/000386_20260226_034549/thermal.png,processed/aligned/000386_20260226_034549/video.png,processed/aligned/000386_20260226_034549/overlay.png,0.35333042591810226,0.1084259033203125,0.6299530029296875,processed/aligned/000386_20260226_034549/mask_80c.png,0,0.0
000387_20260226_034550,exported,20260226_034550.tiff,2026-02-26 03:45:50,410.94836601307196,00:06:50.948,12328,raw/thermal/20260226_034550.tiff,processed/aligned/000387_20260226_034550/thermal.tiff,processed/aligned/000387_20260226_034550/thermal.png,processed/aligned/000387_20260226_034550/video.png,processed/aligned/000387_20260226_034550/overlay.png,0.39594510942697525,0.14298095703125,0.6854461669921875,processed/aligned/000387_20260226_034550/mask_80c.png,0,0.0
000388_20260226_034551,exported,20260226_034551.tiff,2026-02-26 03:45:51,411.94945533769067,00:06:51.949,12358,raw/thermal/20260226_034551.tiff,processed/aligned/000388_20260226_034551/thermal.tiff,processed/aligned/000388_20260226_034551/thermal.png,processed/aligned/000388_20260226_034551/video.png,processed/aligned/000388_20260226_034551/overlay.png,0.3941831812262535,0.119140625,0.738336181640625,processed/aligned/000388_20260226_034551/mask_80c.png,0,0.0
000389_20260226_034552,exported,20260226_034552.tiff,2026-02-26 03:45:52,412.9505446623094,00:06:52.951,12389,raw/thermal/20260226_034552.tiff,processed/aligned/000389_20260226_034552/thermal.tiff,processed/aligned/000389_20260226_034552/thermal.png,processed/aligned/000389_20260226_034552/video.png,processed/aligned/000389_20260226_034552/overlay.png,0.4240051135420799,0.1607879638671875,0.72161865234375,processed/aligned/000389_20260226_034552/mask_80c.png,0,0.0
000390_20260226_034553,exported,20260226_034553.tiff,2026-02-26 03:45:53,413.95163398692813,00:06:53.952,12419,raw/thermal/20260226_034553.tiff,processed/aligned/000390_20260226_034553/thermal.tiff,processed/aligned/000390_20260226_034553/thermal.png,processed/aligned/000390_20260226_034553/video.png,processed/aligned/000390_20260226_034553/overlay.png,0.41451872140169144,0.146881103515625,0.72708740234375,processed/aligned/000390_20260226_034553/mask_80c.png,0,0.0
000391_20260226_034554,exported,20260226_034554.tiff,2026-02-26 03:45:54,414.9527233115469,00:06:54.953,12449,raw/thermal/20260226_034554.tiff,processed/aligned/000391_20260226_034554/thermal.tiff,processed/aligned/000391_20260226_034554/thermal.png,processed/aligned/000391_20260226_034554/video.png,processed/aligned/000391_20260226_034554/overlay.png,0.3475678935647011,0.0832763671875,0.7141082763671875,processed/aligned/000391_20260226_034554/mask_80c.png,0,0.0
000392_20260226_034555,exported,20260226_034555.tiff,2026-02-26 03:45:55,415.95381263616565,00:06:55.954,12479,raw/thermal/20260226_034555.tiff,processed/aligned/000392_20260226_034555/thermal.tiff,processed/aligned/000392_20260226_034555/thermal.png,processed/aligned/000392_20260226_034555/video.png,processed/aligned/000392_20260226_034555/overlay.png,0.37427520751953125,0.0984161376953125,0.71309814453125,processed/aligned/000392_20260226_034555/mask_80c.png,0,0.0
000393_20260226_034556,exported,20260226_034556.tiff,2026-02-26 03:45:56,416.95490196078435,00:06:56.955,12509,raw/thermal/20260226_034556.tiff,processed/aligned/000393_20260226_034556/thermal.tiff,processed/aligned/000393_20260226_034556/thermal.png,processed/aligned/000393_20260226_034556/video.png,processed/aligned/000393_20260226_034556/overlay.png,0.4073576107621193,0.1360137939453125,0.730584716796875,processed/aligned/000393_20260226_034556/mask_80c.png,0,0.0
000394_20260226_034557,exported,20260226_034557.tiff,2026-02-26 03:45:57,417.9559912854031,00:06:57.956,12539,raw/thermal/20260226_034557.tiff,processed/aligned/000394_20260226_034557/thermal.tiff,processed/aligned/000394_20260226_034557/thermal.png,processed/aligned/000394_20260226_034557/video.png,processed/aligned/000394_20260226_034557/overlay.png,0.4387989416718483,0.1721954345703125,0.7300201416015625,processed/aligned/000394_20260226_034557/mask_80c.png,0,0.0
000395_20260226_034558,exported,20260226_034558.tiff,2026-02-26 03:45:58,418.9570806100218,00:06:58.957,12569,raw/thermal/20260226_034558.tiff,processed/aligned/000395_20260226_034558/thermal.tiff,processed/aligned/000395_20260226_034558/thermal.png,processed/aligned/000395_20260226_034558/video.png,processed/aligned/000395_20260226_034558/overlay.png,0.45569752156734467,0.2005706787109375,0.728912353515625,processed/aligned/000395_20260226_034558/mask_80c.png,0,0.0
000396_20260226_034559,exported,20260226_034559.tiff,2026-02-26 03:45:59,419.9581699346406,00:06:59.958,12599,raw/thermal/20260226_034559.tiff,processed/aligned/000396_20260226_034559/thermal.tiff,processed/aligned/000396_20260226_034559/thermal.png,processed/aligned/000396_20260226_034559/video.png,processed/aligned/000396_20260226_034559/overlay.png,0.4321228712797165,0.167230224609375,0.727386474609375,processed/aligned/000396_20260226_034559/mask_80c.png,0,0.0
000397_20260226_034600,exported,20260226_034600.tiff,2026-02-26 03:46:00,420.9592592592593,00:07:00.959,12629,raw/thermal/20260226_034600.tiff,processed/aligned/000397_20260226_034600/thermal.tiff,processed/aligned/000397_20260226_034600/thermal.png,processed/aligned/000397_20260226_034600/video.png,processed/aligned/000397_20260226_034600/overlay.png,0.46669070422649384,0.218365478515625,0.7295440673828125,processed/aligned/000397_20260226_034600/mask_80c.png,0,0.0
000398_20260226_034601,exported,20260226_034601.tiff,2026-02-26 03:46:01,421.96034858387804,00:07:01.960,12659,raw/thermal/20260226_034601.tiff,processed/aligned/000398_20260226_034601/thermal.tiff,processed/aligned/000398_20260226_034601/thermal.png,processed/aligned/000398_20260226_034601/video.png,processed/aligned/000398_20260226_034601/overlay.png,0.4536323696374893,0.198748779296875,0.7258819580078125,processed/aligned/000398_20260226_034601/mask_80c.png,0,0.0
000399_20260226_034602,exported,20260226_034602.tiff,2026-02-26 03:46:02,422.9614379084968,00:07:02.961,12689,raw/thermal/20260226_034602.tiff,processed/aligned/000399_20260226_034602/thermal.tiff,processed/aligned/000399_20260226_034602/thermal.png,processed/aligned/000399_20260226_034602/video.png,processed/aligned/000399_20260226_034602/overlay.png,0.4190134108066559,0.150543212890625,0.7377838134765625,processed/aligned/000399_20260226_034602/mask_80c.png,0,0.0
000400_20260226_034603,exported,20260226_034603.tiff,2026-02-26 03:46:03,423.9625272331155,00:07:03.963,12719,raw/thermal/20260226_034603.tiff,processed/aligned/000400_20260226_034603/thermal.tiff,processed/aligned/000400_20260226_034603/thermal.png,processed/aligned/000400_20260226_034603/video.png,processed/aligned/000400_20260226_034603/overlay.png,0.4215509593486786,0.1623382568359375,0.7185943603515625,processed/aligned/000400_20260226_034603/mask_80c.png,0,0.0
000401_20260226_034604,exported,20260226_034604.tiff,2026-02-26 03:46:04,424.96361655773427,00:07:04.964,12749,raw/thermal/20260226_034604.tiff,processed/aligned/000401_20260226_034604/thermal.tiff,processed/aligned/000401_20260226_034604/thermal.png,processed/aligned/000401_20260226_034604/video.png,processed/aligned/000401_20260226_034604/overlay.png,0.45451777428388596,0.203814697265625,0.71754150390625,processed/aligned/000401_20260226_034604/mask_80c.png,0,0.0
000402_20260226_034605,exported,20260226_034605.tiff,2026-02-26 03:46:05,425.964705882353,00:07:05.965,12779,raw/thermal/20260226_034605.tiff,processed/aligned/000402_20260226_034605/thermal.tiff,processed/aligned/000402_20260226_034605/thermal.png,processed/aligned/000402_20260226_034605/video.png,processed/aligned/000402_20260226_034605/overlay.png,0.39306025952100754,0.1341400146484375,0.69490966796875,processed/aligned/000402_20260226_034605/mask_80c.png,0,0.0
000403_20260226_034606,exported,20260226_034606.tiff,2026-02-26 03:46:06,426.96579520697173,00:07:06.966,12809,raw/thermal/20260226_034606.tiff,processed/aligned/000403_20260226_034606/thermal.tiff,processed/aligned/000403_20260226_034606/thermal.png,processed/aligned/000403_20260226_034606/video.png,processed/aligned/000403_20260226_034606/overlay.png,0.39445607364177704,0.142254638671875,0.670196533203125,processed/aligned/000403_20260226_034606/mask_80c.png,0,0.0
000404_20260226_034607,exported,20260226_034607.tiff,2026-02-26 03:46:07,427.96688453159044,00:07:07.967,12839,raw/thermal/20260226_034607.tiff,processed/aligned/000404_20260226_034607/thermal.tiff,processed/aligned/000404_20260226_034607/thermal.png,processed/aligned/000404_20260226_034607/video.png,processed/aligned/000404_20260226_034607/overlay.png,0.4151189923286438,0.1551177978515625,0.681756591796875,processed/aligned/000404_20260226_034607/mask_80c.png,0,0.0
000405_20260226_034608,exported,20260226_034608.tiff,2026-02-26 03:46:08,428.9679738562092,00:07:08.968,12869,raw/thermal/20260226_034608.tiff,processed/aligned/000405_20260226_034608/thermal.tiff,processed/aligned/000405_20260226_034608/thermal.png,processed/aligned/000405_20260226_034608/video.png,processed/aligned/000405_20260226_034608/overlay.png,0.3777008429169655,0.12691650390625,0.642529296875,processed/aligned/000405_20260226_034608/mask_80c.png,0,0.0
000406_20260226_034609,exported,20260226_034609.tiff,2026-02-26 03:46:09,429.96906318082796,00:07:09.969,12899,raw/thermal/20260226_034609.tiff,processed/aligned/000406_20260226_034609/thermal.tiff,processed/aligned/000406_20260226_034609/thermal.png,processed/aligned/000406_20260226_034609/video.png,processed/aligned/000406_20260226_034609/overlay.png,0.39942799508571625,0.1399749755859375,0.66962890625,processed/aligned/000406_20260226_034609/mask_80c.png,0,0.0
000407_20260226_034610,exported,20260226_034610.tiff,2026-02-26 03:46:10,430.97015250544666,00:07:10.970,12929,raw/thermal/20260226_034610.tiff,processed/aligned/000407_20260226_034610/thermal.tiff,processed/aligned/000407_20260226_034610/thermal.png,processed/aligned/000407_20260226_034610/video.png,processed/aligned/000407_20260226_034610/overlay.png,0.4199966937303543,0.161883544921875,0.7031585693359375,processed/aligned/000407_20260226_034610/mask_80c.png,0,0.0
000408_20260226_034611,exported,20260226_034611.tiff,2026-02-26 03:46:11,431.9712418300654,00:07:11.971,12959,raw/thermal/20260226_034611.tiff,processed/aligned/000408_20260226_034611/thermal.tiff,processed/aligned/000408_20260226_034611/thermal.png,processed/aligned/000408_20260226_034611/video.png,processed/aligned/000408_20260226_034611/overlay.png,0.44419078528881073,0.1908782958984375,0.709136962890625,processed/aligned/000408_20260226_034611/mask_80c.png,0,0.0
000409_20260226_034612,exported,20260226_034612.tiff,2026-02-26 03:46:12,432.9723311546841,00:07:12.972,12989,raw/thermal/20260226_034612.tiff,processed/aligned/000409_20260226_034612/thermal.tiff,processed/aligned/000409_20260226_034612/thermal.png,processed/aligned/000409_20260226_034612/video.png,processed/aligned/000409_20260226_034612/overlay.png,0.4153321534395218,0.18475341796875,0.6746002197265625,processed/aligned/000409_20260226_034612/mask_80c.png,0,0.0
000410_20260226_034613,exported,20260226_034613.tiff,2026-02-26 03:46:13,433.9734204793029,00:07:13.973,13019,raw/thermal/20260226_034613.tiff,processed/aligned/000410_20260226_034613/thermal.tiff,processed/aligned/000410_20260226_034613/thermal.png,processed/aligned/000410_20260226_034613/video.png,processed/aligned/000410_20260226_034613/overlay.png,0.3999069407582283,0.1788299560546875,0.6326171875,processed/aligned/000410_20260226_034613/mask_80c.png,0,0.0
000411_20260226_034614,exported,20260226_034614.tiff,2026-02-26 03:46:14,434.9745098039216,00:07:14.975,13049,raw/thermal/20260226_034614.tiff,processed/aligned/000411_20260226_034614/thermal.tiff,processed/aligned/000411_20260226_034614/thermal.png,processed/aligned/000411_20260226_034614/video.png,processed/aligned/000411_20260226_034614/overlay.png,0.40138794481754303,0.1564849853515625,0.672784423828125,processed/aligned/000411_20260226_034614/mask_80c.png,0,0.0
000412_20260226_034615,exported,20260226_034615.tiff,2026-02-26 03:46:15,435.97559912854035,00:07:15.976,13079,raw/thermal/20260226_034615.tiff,processed/aligned/000412_20260226_034615/thermal.tiff,processed/aligned/000412_20260226_034615/thermal.png,processed/aligned/000412_20260226_034615/video.png,processed/aligned/000412_20260226_034615/overlay.png,0.3935803771018982,0.1754791259765625,0.6322662353515625,processed/aligned/000412_20260226_034615/mask_80c.png,0,0.0
000413_20260226_034616,exported,20260226_034616.tiff,2026-02-26 03:46:16,436.9766884531591,00:07:16.977,13109,raw/thermal/20260226_034616.tiff,processed/aligned/000413_20260226_034616/thermal.tiff,processed/aligned/000413_20260226_034616/thermal.png,processed/aligned/000413_20260226_034616/video.png,processed/aligned/000413_20260226_034616/overlay.png,0.38346098363399506,0.1848480224609375,0.570977783203125,processed/aligned/000413_20260226_034616/mask_80c.png,0,0.0
000414_20260226_034617,exported,20260226_034617.tiff,2026-02-26 03:46:17,437.9777777777778,00:07:17.978,13139,raw/thermal/20260226_034617.tiff,processed/aligned/000414_20260226_034617/thermal.tiff,processed/aligned/000414_20260226_034617/thermal.png,processed/aligned/000414_20260226_034617/video.png,processed/aligned/000414_20260226_034617/overlay.png,0.3366645276546478,0.100872802734375,0.520196533203125,processed/aligned/000414_20260226_034617/mask_80c.png,0,0.0
000415_20260226_034618,exported,20260226_034618.tiff,2026-02-26 03:46:18,438.9788671023966,00:07:18.979,13169,raw/thermal/20260226_034618.tiff,processed/aligned/000415_20260226_034618/thermal.tiff,processed/aligned/000415_20260226_034618/thermal.png,processed/aligned/000415_20260226_034618/video.png,processed/aligned/000415_20260226_034618/overlay.png,0.31292323023080826,0.1112884521484375,0.4340423583984375,processed/aligned/000415_20260226_034618/mask_80c.png,0,0.0
000416_20260226_034619,exported,20260226_034619.tiff,2026-02-26 03:46:19,439.9799564270153,00:07:19.980,13199,raw/thermal/20260226_034619.tiff,processed/aligned/000416_20260226_034619/thermal.tiff,processed/aligned/000416_20260226_034619/thermal.png,processed/aligned/000416_20260226_034619/video.png,processed/aligned/000416_20260226_034619/overlay.png,0.31399138644337654,0.13087158203125,0.4552337646484375,processed/aligned/000416_20260226_034619/mask_80c.png,0,0.0
000417_20260226_034620,exported,20260226_034620.tiff,2026-02-26 03:46:20,440.98104575163404,00:07:20.981,13229,raw/thermal/20260226_034620.tiff,processed/aligned/000417_20260226_034620/thermal.tiff,processed/aligned/000417_20260226_034620/thermal.png,processed/aligned/000417_20260226_034620/video.png,processed/aligned/000417_20260226_034620/overlay.png,0.27733516320586205,0.074725341796875,0.4990966796875,processed/aligned/000417_20260226_034620/mask_80c.png,0,0.0
000418_20260226_034621,exported,20260226_034621.tiff,2026-02-26 03:46:21,441.98213507625275,00:07:21.982,13259,raw/thermal/20260226_034621.tiff,processed/aligned/000418_20260226_034621/thermal.tiff,processed/aligned/000418_20260226_034621/thermal.png,processed/aligned/000418_20260226_034621/video.png,processed/aligned/000418_20260226_034621/overlay.png,0.3427533581852913,0.144189453125,0.4706634521484375,processed/aligned/000418_20260226_034621/mask_80c.png,0,0.0
000419_20260226_034622,exported,20260226_034622.tiff,2026-02-26 03:46:22,442.9832244008715,00:07:22.983,13289,raw/thermal/20260226_034622.tiff,processed/aligned/000419_20260226_034622/thermal.tiff,processed/aligned/000419_20260226_034622/thermal.png,processed/aligned/000419_20260226_034622/video.png,processed/aligned/000419_20260226_034622/overlay.png,0.36616168916225433,0.132452392578125,0.6017730712890625,processed/aligned/000419_20260226_034622/mask_80c.png,0,0.0
000420_20260226_034623,exported,20260226_034623.tiff,2026-02-26 03:46:23,443.98431372549027,00:07:23.984,13320,raw/thermal/20260226_034623.tiff,processed/aligned/000420_20260226_034623/thermal.tiff,processed/aligned/000420_20260226_034623/thermal.png,processed/aligned/000420_20260226_034623/video.png,processed/aligned/000420_20260226_034623/overlay.png,0.4013160914182663,0.153179931640625,0.61922607421875,processed/aligned/000420_20260226_034623/mask_80c.png,0,0.0
000421_20260226_034624,exported,20260226_034624.tiff,2026-02-26 03:46:24,444.98540305010897,00:07:24.985,13350,raw/thermal/20260226_034624.tiff,processed/aligned/000421_20260226_034624/thermal.tiff,processed/aligned/000421_20260226_034624/thermal.png,processed/aligned/000421_20260226_034624/video.png,processed/aligned/000421_20260226_034624/overlay.png,0.3304762691259384,0.0853912353515625,0.5731048583984375,processed/aligned/000421_20260226_034624/mask_80c.png,0,0.0
000422_20260226_034625,exported,20260226_034625.tiff,2026-02-26 03:46:25,445.98649237472773,00:07:25.986,13380,raw/thermal/20260226_034625.tiff,processed/aligned/000422_20260226_034625/thermal.tiff,processed/aligned/000422_20260226_034625/thermal.png,processed/aligned/000422_20260226_034625/video.png,processed/aligned/000422_20260226_034625/overlay.png,0.3608027324080467,0.13240966796875,0.5521392822265625,processed/aligned/000422_20260226_034625/mask_80c.png,0,0.0
000423_20260226_034626,exported,20260226_034626.tiff,2026-02-26 03:46:26,446.98758169934644,00:07:26.988,13410,raw/thermal/20260226_034626.tiff,processed/aligned/000423_20260226_034626/thermal.tiff,processed/aligned/000423_20260226_034626/thermal.png,processed/aligned/000423_20260226_034626/video.png,processed/aligned/000423_20260226_034626/overlay.png,0.3716287985444069,0.1265899658203125,0.563629150390625,processed/aligned/000423_20260226_034626/mask_80c.png,0,0.0
000424_20260226_034627,exported,20260226_034627.tiff,2026-02-26 03:46:27,447.9886710239652,00:07:27.989,13440,raw/thermal/20260226_034627.tiff,processed/aligned/000424_20260226_034627/thermal.tiff,processed/aligned/000424_20260226_034627/thermal.png,processed/aligned/000424_20260226_034627/video.png,processed/aligned/000424_20260226_034627/overlay.png,0.3531395494937897,0.104632568359375,0.622967529296875,processed/aligned/000424_20260226_034627/mask_80c.png,0,0.0
000425_20260226_034628,exported,20260226_034628.tiff,2026-02-26 03:46:28,448.9897603485839,00:07:28.990,13470,raw/thermal/20260226_034628.tiff,processed/aligned/000425_20260226_034628/thermal.tiff,processed/aligned/000425_20260226_034628/thermal.png,processed/aligned/000425_20260226_034628/video.png,processed/aligned/000425_20260226_034628/overlay.png,0.35206735879182816,0.094482421875,0.61334228515625,processed/aligned/000425_20260226_034628/mask_80c.png,0,0.0
000426_20260226_034629,exported,20260226_034629.tiff,2026-02-26 03:46:29,449.99084967320266,00:07:29.991,13500,raw/thermal/20260226_034629.tiff,processed/aligned/000426_20260226_034629/thermal.tiff,processed/aligned/000426_20260226_034629/thermal.png,processed/aligned/000426_20260226_034629/video.png,processed/aligned/000426_20260226_034629/overlay.png,0.4027976095676422,0.17681884765625,0.53173828125,processed/aligned/000426_20260226_034629/mask_80c.png,0,0.0
000427_20260226_034630,exported,20260226_034630.tiff,2026-02-26 03:46:30,450.9919389978214,00:07:30.992,13530,raw/thermal/20260226_034630.tiff,processed/aligned/000427_20260226_034630/thermal.tiff,processed/aligned/000427_20260226_034630/thermal.png,processed/aligned/000427_20260226_034630/video.png,processed/aligned/000427_20260226_034630/overlay.png,0.37968046963214874,0.111236572265625,0.5917633056640625,processed/aligned/000427_20260226_034630/mask_80c.png,0,0.0
000428_20260226_034631,exported,20260226_034631.tiff,2026-02-26 03:46:31,451.9930283224401,00:07:31.993,13560,raw/thermal/20260226_034631.tiff,processed/aligned/000428_20260226_034631/thermal.tiff,processed/aligned/000428_20260226_034631/thermal.png,processed/aligned/000428_20260226_034631/video.png,processed/aligned/000428_20260226_034631/overlay.png,0.3843962848186493,0.131585693359375,0.5680572509765625,processed/aligned/000428_20260226_034631/mask_80c.png,0,0.0
000429_20260226_034632,exported,20260226_034632.tiff,2026-02-26 03:46:32,452.9941176470589,00:07:32.994,13590,raw/thermal/20260226_034632.tiff,processed/aligned/000429_20260226_034632/thermal.tiff,processed/aligned/000429_20260226_034632/thermal.png,processed/aligned/000429_20260226_034632/video.png,processed/aligned/000429_20260226_034632/overlay.png,0.33750444650650024,0.1015838623046875,0.5586639404296875,processed/aligned/000429_20260226_034632/mask_80c.png,0,0.0
000430_20260226_034633,exported,20260226_034633.tiff,2026-02-26 03:46:33,453.9952069716776,00:07:33.995,13620,raw/thermal/20260226_034633.tiff,processed/aligned/000430_20260226_034633/thermal.tiff,processed/aligned/000430_20260226_034633/thermal.png,processed/aligned/000430_20260226_034633/video.png,processed/aligned/000430_20260226_034633/overlay.png,0.3540620878338814,0.1212432861328125,0.575262451171875,processed/aligned/000430_20260226_034633/mask_80c.png,0,0.0
000431_20260226_034634,exported,20260226_034634.tiff,2026-02-26 03:46:34,454.99629629629635,00:07:34.996,13650,raw/thermal/20260226_034634.tiff,processed/aligned/000431_20260226_034634/thermal.tiff,processed/aligned/000431_20260226_034634/thermal.png,processed/aligned/000431_20260226_034634/video.png,processed/aligned/000431_20260226_034634/overlay.png,0.41265901923179626,0.204974365234375,0.582891845703125,processed/aligned/000431_20260226_034634/mask_80c.png,0,0.0
000432_20260226_034635,exported,20260226_034635.tiff,2026-02-26 03:46:35,455.99738562091505,00:07:35.997,13680,raw/thermal/20260226_034635.tiff,processed/aligned/000432_20260226_034635/thermal.tiff,processed/aligned/000432_20260226_034635/thermal.png,processed/aligned/000432_20260226_034635/video.png,processed/aligned/000432_20260226_034635/overlay.png,0.35870493948459625,0.1195281982421875,0.596270751953125,processed/aligned/000432_20260226_034635/mask_80c.png,0,0.0
000433_20260226_034636,exported,20260226_034636.tiff,2026-02-26 03:46:36,456.9984749455338,00:07:36.998,13710,raw/thermal/20260226_034636.tiff,processed/aligned/000433_20260226_034636/thermal.tiff,processed/aligned/000433_20260226_034636/thermal.png,processed/aligned/000433_20260226_034636/video.png,processed/aligned/000433_20260226_034636/overlay.png,0.35083889961242676,0.1335479736328125,0.498828125,processed/aligned/000433_20260226_034636/mask_80c.png,0,0.0
000434_20260226_034637,exported,20260226_034637.tiff,2026-02-26 03:46:37,457.9995642701526,00:07:38,13740,raw/thermal/20260226_034637.tiff,processed/aligned/000434_20260226_034637/thermal.tiff,processed/aligned/000434_20260226_034637/thermal.png,processed/aligned/000434_20260226_034637/video.png,processed/aligned/000434_20260226_034637/overlay.png,0.34818829596042633,0.1064422607421875,0.6002349853515625,processed/aligned/000434_20260226_034637/mask_80c.png,0,0.0
000435_20260226_034638,exported,20260226_034638.tiff,2026-02-26 03:46:38,459.0006535947713,00:07:39.001,13770,raw/thermal/20260226_034638.tiff,processed/aligned/000435_20260226_034638/thermal.tiff,processed/aligned/000435_20260226_034638/thermal.png,processed/aligned/000435_20260226_034638/video.png,processed/aligned/000435_20260226_034638/overlay.png,0.41841213405132294,0.1845428466796875,0.6122589111328125,processed/aligned/000435_20260226_034638/mask_80c.png,0,0.0
000436_20260226_034639,exported,20260226_034639.tiff,2026-02-26 03:46:39,460.00174291939004,00:07:40.002,13800,raw/thermal/20260226_034639.tiff,processed/aligned/000436_20260226_034639/thermal.tiff,processed/aligned/000436_20260226_034639/thermal.png,processed/aligned/000436_20260226_034639/video.png,processed/aligned/000436_20260226_034639/overlay.png,0.38629908114671707,0.149774169921875,0.6060516357421875,processed/aligned/000436_20260226_034639/mask_80c.png,0,0.0
000437_20260226_034640,exported,20260226_034640.tiff,2026-02-26 03:46:40,461.00283224400874,00:07:41.003,13830,raw/thermal/20260226_034640.tiff,processed/aligned/000437_20260226_034640/thermal.tiff,processed/aligned/000437_20260226_034640/thermal.png,processed/aligned/000437_20260226_034640/video.png,processed/aligned/000437_20260226_034640/overlay.png,0.32439927384257317,0.0831817626953125,0.5913116455078125,processed/aligned/000437_20260226_034640/mask_80c.png,0,0.0
000438_20260226_034641,exported,20260226_034641.tiff,2026-02-26 03:46:41,462.0039215686275,00:07:42.004,13860,raw/thermal/20260226_034641.tiff,processed/aligned/000438_20260226_034641/thermal.tiff,processed/aligned/000438_20260226_034641/thermal.png,processed/aligned/000438_20260226_034641/video.png,processed/aligned/000438_20260226_034641/overlay.png,0.296201154589653,0.0625335693359375,0.5476043701171875,processed/aligned/000438_20260226_034641/mask_80c.png,0,0.0
000439_20260226_034642,exported,20260226_034642.tiff,2026-02-26 03:46:42,463.00501089324626,00:07:43.005,13890,raw/thermal/20260226_034642.tiff,processed/aligned/000439_20260226_034642/thermal.tiff,processed/aligned/000439_20260226_034642/thermal.png,processed/aligned/000439_20260226_034642/video.png,processed/aligned/000439_20260226_034642/overlay.png,0.285499919205904,0.0504547119140625,0.5918121337890625,processed/aligned/000439_20260226_034642/mask_80c.png,0,0.0
000440_20260226_034643,exported,20260226_034643.tiff,2026-02-26 03:46:43,464.00610021786497,00:07:44.006,13920,raw/thermal/20260226_034643.tiff,processed/aligned/000440_20260226_034643/thermal.tiff,processed/aligned/000440_20260226_034643/thermal.png,processed/aligned/000440_20260226_034643/video.png,processed/aligned/000440_20260226_034643/overlay.png,0.3420715630054474,0.0895904541015625,0.6121429443359375,processed/aligned/000440_20260226_034643/mask_80c.png,0,0.0
000441_20260226_034644,exported,20260226_034644.tiff,2026-02-26 03:46:44,465.00718954248373,00:07:45.007,13950,raw/thermal/20260226_034644.tiff,processed/aligned/000441_20260226_034644/thermal.tiff,processed/aligned/000441_20260226_034644/thermal.png,processed/aligned/000441_20260226_034644/video.png,processed/aligned/000441_20260226_034644/overlay.png,0.3443354666233063,0.117742919921875,0.578631591796875,processed/aligned/000441_20260226_034644/mask_80c.png,0,0.0
000442_20260226_034645,exported,20260226_034645.tiff,2026-02-26 03:46:45,466.00827886710243,00:07:46.008,13980,raw/thermal/20260226_034645.tiff,processed/aligned/000442_20260226_034645/thermal.tiff,processed/aligned/000442_20260226_034645/thermal.png,processed/aligned/000442_20260226_034645/video.png,processed/aligned/000442_20260226_034645/overlay.png,0.3122819811105728,0.0614898681640625,0.6510772705078125,processed/aligned/000442_20260226_034645/mask_80c.png,0,0.0
000443_20260226_034646,exported,20260226_034646.tiff,2026-02-26 03:46:46,467.0093681917212,00:07:47.009,14010,raw/thermal/20260226_034646.tiff,processed/aligned/000443_20260226_034646/thermal.tiff,processed/aligned/000443_20260226_034646/thermal.png,processed/aligned/000443_20260226_034646/video.png,processed/aligned/000443_20260226_034646/overlay.png,0.34694474935531616,0.1017333984375,0.6470001220703125,processed/aligned/000443_20260226_034646/mask_80c.png,0,0.0
000444_20260226_034647,exported,20260226_034647.tiff,2026-02-26 03:46:47,468.0104575163399,00:07:48.010,14040,raw/thermal/20260226_034647.tiff,processed/aligned/000444_20260226_034647/thermal.tiff,processed/aligned/000444_20260226_034647/thermal.png,processed/aligned/000444_20260226_034647/video.png,processed/aligned/000444_20260226_034647/overlay.png,0.371271550655365,0.1129913330078125,0.6707305908203125,processed/aligned/000444_20260226_034647/mask_80c.png,0,0.0
000445_20260226_034648,exported,20260226_034648.tiff,2026-02-26 03:46:48,469.01154684095866,00:07:49.012,14070,raw/thermal/20260226_034648.tiff,processed/aligned/000445_20260226_034648/thermal.tiff,processed/aligned/000445_20260226_034648/thermal.png,processed/aligned/000445_20260226_034648/video.png,processed/aligned/000445_20260226_034648/overlay.png,0.4320811331272125,0.18739013671875,0.66724853515625,processed/aligned/000445_20260226_034648/mask_80c.png,0,0.0
000446_20260226_034649,exported,20260226_034649.tiff,2026-02-26 03:46:49,470.0126361655774,00:07:50.013,14100,raw/thermal/20260226_034649.tiff,processed/aligned/000446_20260226_034649/thermal.tiff,processed/aligned/000446_20260226_034649/thermal.png,processed/aligned/000446_20260226_034649/video.png,processed/aligned/000446_20260226_034649/overlay.png,0.35727644711732864,0.098931884765625,0.645428466796875,processed/aligned/000446_20260226_034649/mask_80c.png,0,0.0
000447_20260226_034650,exported,20260226_034650.tiff,2026-02-26 03:46:50,471.0137254901961,00:07:51.014,14130,raw/thermal/20260226_034650.tiff,processed/aligned/000447_20260226_034650/thermal.tiff,processed/aligned/000447_20260226_034650/thermal.png,processed/aligned/000447_20260226_034650/video.png,processed/aligned/000447_20260226_034650/overlay.png,0.27244336903095245,0.03333740234375,0.609112548828125,processed/aligned/000447_20260226_034650/mask_80c.png,0,0.0
000448_20260226_034651,exported,20260226_034651.tiff,2026-02-26 03:46:51,472.0148148148149,00:07:52.015,14160,raw/thermal/20260226_034651.tiff,processed/aligned/000448_20260226_034651/thermal.tiff,processed/aligned/000448_20260226_034651/thermal.png,processed/aligned/000448_20260226_034651/video.png,processed/aligned/000448_20260226_034651/overlay.png,0.24715320765972137,0.0193145751953125,0.5773651123046875,processed/aligned/000448_20260226_034651/mask_80c.png,0,0.0
000449_20260226_034652,exported,20260226_034652.tiff,2026-02-26 03:46:52,473.0159041394336,00:07:53.016,14190,raw/thermal/20260226_034652.tiff,processed/aligned/000449_20260226_034652/thermal.tiff,processed/aligned/000449_20260226_034652/thermal.png,processed/aligned/000449_20260226_034652/video.png,processed/aligned/000449_20260226_034652/overlay.png,0.25818729028105736,0.0282073974609375,0.5581329345703125,processed/aligned/000449_20260226_034652/mask_80c.png,0,0.0
000450_20260226_034653,exported,20260226_034653.tiff,2026-02-26 03:46:53,474.01699346405235,00:07:54.017,14221,raw/thermal/20260226_034653.tiff,processed/aligned/000450_20260226_034653/thermal.tiff,processed/aligned/000450_20260226_034653/thermal.png,processed/aligned/000450_20260226_034653/video.png,processed/aligned/000450_20260226_034653/overlay.png,0.2700805217027664,0.0454315185546875,0.583734130859375,processed/aligned/000450_20260226_034653/mask_80c.png,0,0.0
000451_20260226_034654,exported,20260226_034654.tiff,2026-02-26 03:46:54,475.01808278867105,00:07:55.018,14251,raw/thermal/20260226_034654.tiff,processed/aligned/000451_20260226_034654/thermal.tiff,processed/aligned/000451_20260226_034654/thermal.png,processed/aligned/000451_20260226_034654/video.png,processed/aligned/000451_20260226_034654/overlay.png,0.2960291616618633,0.0531280517578125,0.562701416015625,processed/aligned/000451_20260226_034654/mask_80c.png,0,0.0
000452_20260226_034655,exported,20260226_034655.tiff,2026-02-26 03:46:55,476.0191721132898,00:07:56.019,14281,raw/thermal/20260226_034655.tiff,processed/aligned/000452_20260226_034655/thermal.tiff,processed/aligned/000452_20260226_034655/thermal.png,processed/aligned/000452_20260226_034655/video.png,processed/aligned/000452_20260226_034655/overlay.png,0.290987990796566,0.0480072021484375,0.6147247314453125,processed/aligned/000452_20260226_034655/mask_80c.png,0,0.0
000453_20260226_034656,exported,20260226_034656.tiff,2026-02-26 03:46:56,477.0202614379086,00:07:57.020,14311,raw/thermal/20260226_034656.tiff,processed/aligned/000453_20260226_034656/thermal.tiff,processed/aligned/000453_20260226_034656/thermal.png,processed/aligned/000453_20260226_034656/video.png,processed/aligned/000453_20260226_034656/overlay.png,0.2779889293015003,0.04705810546875,0.5779754638671875,processed/aligned/000453_20260226_034656/mask_80c.png,0,0.0
000454_20260226_034657,exported,20260226_034657.tiff,2026-02-26 03:46:57,478.0213507625273,00:07:58.021,14341,raw/thermal/20260226_034657.tiff,processed/aligned/000454_20260226_034657/thermal.tiff,processed/aligned/000454_20260226_034657/thermal.png,processed/aligned/000454_20260226_034657/video.png,processed/aligned/000454_20260226_034657/overlay.png,0.3083571307361126,0.0581207275390625,0.605743408203125,processed/aligned/000454_20260226_034657/mask_80c.png,0,0.0
000455_20260226_034658,exported,20260226_034658.tiff,2026-02-26 03:46:58,479.02244008714604,00:07:59.022,14371,raw/thermal/20260226_034658.tiff,processed/aligned/000455_20260226_034658/thermal.tiff,processed/aligned/000455_20260226_034658/thermal.png,processed/aligned/000455_20260226_034658/video.png,processed/aligned/000455_20260226_034658/overlay.png,0.3188229985535145,0.0732635498046875,0.5363037109375,processed/aligned/000455_20260226_034658/mask_80c.png,0,0.0
000456_20260226_034659,exported,20260226_034659.tiff,2026-02-26 03:46:59,480.02352941176474,00:08:00.024,14401,raw/thermal/20260226_034659.tiff,processed/aligned/000456_20260226_034659/thermal.tiff,processed/aligned/000456_20260226_034659/thermal.png,processed/aligned/000456_20260226_034659/video.png,processed/aligned/000456_20260226_034659/overlay.png,0.34282509982585907,0.097076416015625,0.617462158203125,processed/aligned/000456_20260226_034659/mask_80c.png,0,0.0
000457_20260226_034700,exported,20260226_034700.tiff,2026-02-26 03:47:00,481.0246187363835,00:08:01.025,14431,raw/thermal/20260226_034700.tiff,processed/aligned/000457_20260226_034700/thermal.tiff,processed/aligned/000457_20260226_034700/thermal.png,processed/aligned/000457_20260226_034700/video.png,processed/aligned/000457_20260226_034700/overlay.png,0.32492947578430176,0.0688934326171875,0.6820709228515625,processed/aligned/000457_20260226_034700/mask_80c.png,0,0.0
000458_20260226_034701,exported,20260226_034701.tiff,2026-02-26 03:47:01,482.0257080610022,00:08:02.026,14461,raw/thermal/20260226_034701.tiff,processed/aligned/000458_20260226_034701/thermal.tiff,processed/aligned/000458_20260226_034701/thermal.png,processed/aligned/000458_20260226_034701/video.png,processed/aligned/000458_20260226_034701/overlay.png,0.31418127939105034,0.052178955078125,0.7032257080078125,processed/aligned/000458_20260226_034701/mask_80c.png,0,0.0
000459_20260226_034702,exported,20260226_034702.tiff,2026-02-26 03:47:02,483.02679738562097,00:08:03.027,14491,raw/thermal/20260226_034702.tiff,processed/aligned/000459_20260226_034702/thermal.tiff,processed/aligned/000459_20260226_034702/thermal.png,processed/aligned/000459_20260226_034702/video.png,processed/aligned/000459_20260226_034702/overlay.png,0.2982124090194702,0.040972900390625,0.705865478515625,processed/aligned/000459_20260226_034702/mask_80c.png,0,0.0
000460_20260226_034703,exported,20260226_034703.tiff,2026-02-26 03:47:03,484.0278867102397,00:08:04.028,14504,raw/thermal/20260226_034703.tiff,processed/aligned/000460_20260226_034703/thermal.tiff,processed/aligned/000460_20260226_034703/thermal.png,processed/aligned/000460_20260226_034703/video.png,processed/aligned/000460_20260226_034703/overlay.png,0.4215594530105591,0.1724456787109375,0.693359375,processed/aligned/000460_20260226_034703/mask_80c.png,0,0.0
